note_id,old_front,new_front,reading,word_tags,old_back,new_back,example_jp,example_en,front_changed,needs_review_note
1664914722325,骨,骨[ほね],ほね,Noun,Bone,"bone; frame; core, outline; backbone, spirit",魚の骨に気をつけてください。,Please be careful of the fish bones.,,
1664917564630,面白い,面白[おもしろ]い,おもしろい,I-adjective,Funny / Interesting,"interesting, fascinating; funny, amusing; fun, enjoyable",この本はとても面白いです。,This book is very interesting.,,
1664919033799,古い,古[ふる]い,ふるい,I-adjective,Old,"old, aged, antiquated; stale, hackneyed",この家はとても古いです。,This house is very old.,,
1664919816970,公園,公園[こうえん],こうえん,Noun,Park,"park, public park",日曜日に公園を散歩しました。,I took a walk in the park on Sunday.,,
1664920114467,良い,良[よ]い,よい,I-adjective,Good,"good, fine, nice; sufficient, enough; OK, all right",今日はいい天気で、気分が良いです。,The weather is nice today and I feel good.,,
1664921247887,難しい,難[むずか]しい,むずかしい,I-adjective,Difficult,"difficult, hard, complicated; fussy, hard to please",日本語の漢字は難しいです。,Japanese kanji are difficult.,,
1664921700074,旅行する,旅行[りょこう]する,りょこうする,"Suru verb, Intransitive verb",To travel,"to travel, to take a trip",来年、家族と京都を旅行するつもりです。,I plan to travel to Kyoto with my family next year.,,
1664921805777,泊まる,泊[と]まる,とまる,"Godan verb, Intransitive verb",To stay at,"to stay at (e.g. a hotel); to be docked, to be moored",今夜は駅の近くのホテルに泊まります。,Tonight I will stay at a hotel near the station.,,
1664921919043,行き先,行[い]き 先[さき],いきさき,Noun,Destination,destination; whereabouts,このバスの行き先はどこですか？,Where is this bus going?,,
1664922014217,印象深い,印象深[いんしょうぶか]い,いんしょうぶかい,I-adjective,Impressive,"impressive, deeply impressive; memorable, striking",京都の旅はとても印象深かったです。,The trip to Kyoto was very memorable.,,
1664922096070,計画する,計画[けいかく]する,けいかくする,"Suru verb, Transitive verb",To plan,"to plan, to make a plan",夏休みの旅行を計画しています。,I am planning a trip for the summer holidays.,,
1664922201882,経験する,経験[けいけん]する,けいけんする,"Suru verb, Transitive verb",To experience,"to experience, to go through",日本で色々なことを経験しました。,I experienced many things in Japan.,,
1664922262523,問題,問題[もんだい],もんだい,Noun,Problem,"problem, issue; question (on a test); controversy",この問題は難しすぎます。,This problem is too difficult.,,
1664922299621,思い出,思[おも]い 出[で],おもいで,Noun,Memory,"memory, memories, recollections",この写真には楽しい思い出があります。,This photo holds happy memories.,,
1664922328935,お土産,お 土産[みやげ],おみやげ,Noun,Souvenir,"souvenir, local specialty bought as a gift; present brought by a visitor",友達に北海道のお土産を買いました。,I bought a souvenir from Hokkaido for my friend.,,
1664922388992,交通手段,交通手段[こうつうしゅだん],こうつうしゅだん,Noun,Transportation,"means of transportation, way of getting around",東京で一番便利な交通手段は電車です。,The most convenient means of transportation in Tokyo is the train.,,
1664922482170,乗る,乗[の]る,のる,"Godan verb, Intransitive verb",To ride (transport) Vehicle is marked with に,"to ride, to get on, to board, to take (a vehicle, marked with に); to step on, to sit on",毎朝、駅から電車に乗ります。,Every morning I get on the train at the station.,,
1664922537656,国内旅行,国内旅行[こくないりょこう],こくないりょこう,Noun,Domestic travel,domestic travel,今年の夏は国内旅行をしたいです。,I want to travel domestically this summer.,,
1664976501558,頑張ります,頑張[がんば]ります,がんばります,"Godan verb, Intransitive verb, Expression",I will do my best,"I will do my best; to try hard, to persevere",明日の試験、頑張ります！,I'll do my best on tomorrow's exam!,,
1664976620848,新しい,新[あたら]しい,あたらしい,I-adjective,New,"new, novel, fresh, recent",新しい靴を買いました。,I bought new shoes.,,
1665061560041,花,花[はな],はな,Noun,Flower,"flower, blossom, bloom; cherry blossom",庭にきれいな花が咲いています。,Beautiful flowers are blooming in the garden.,,
1665061582470,鞄,鞄[かばん],かばん,Noun,Bag,"bag, satchel, briefcase",鞄の中に本が入っています。,There is a book in the bag.,,
1665061611134,時計,時計[とけい],とけい,Noun,Clock ⏰,"clock, watch, timepiece",新しい時計を買いました。,I bought a new watch.,,
1665061673857,お金,お 金[かね],おかね,Noun,Money 💴,money,今月はお金があまりありません。,I don't have much money this month.,,
1665156374642,荷物,荷物[にもつ],にもつ,Noun,Luggage,"luggage, baggage, package; burden",この荷物はとても重いです。,This luggage is very heavy.,,
1665248658384,上手,上手[じょうず],じょうず,"Noun, Na-adjective",Skillful / Good,"skillful, skilled, good (at); flattery",姉は料理が上手です。,My older sister is good at cooking.,,
1665251824364,靴,靴[くつ],くつ,Noun,Shoes,"shoes, boots, footwear",玄関で靴を脱いでください。,Please take off your shoes at the entrance.,,
1665251843561,店,店[みせ],みせ,Noun,Store,"store, shop, establishment; restaurant",この店のパンはおいしいです。,The bread at this shop is delicious.,,
1665316776893,重い,重[おも]い,おもい,I-adjective,Heavy,"heavy, weighty; depressed, gloomy; serious, grave",このかばんは重いです。,This bag is heavy.,,
1665316866037,きれい,きれい,きれい,Na-adjective,Pretty 😍,"pretty, lovely, beautiful; clean, tidy, clear",この花はとてもきれいですね。,"This flower is very pretty, isn't it?",,
1665316913325,軽い,軽[かる]い,かるい,I-adjective,Lightweight,"light (not heavy), lightweight; minor, trivial; slight, gentle",このパソコンはとても軽いです。,This computer is very light.,,
1665343353705,おやすみなさい,おやすみなさい,おやすみなさい,Expression,Good night,good night,もう寝ます。おやすみなさい。,I'm going to bed now. Good night.,,
1665343397297,いってきます,いってきます,いってきます,Expression,I'm leaving now!,"I'm off, I'm leaving now; see you later",お母さん、学校にいってきます！,"Mom, I'm off to school!",,
1665343428838,いってらっしゃい,いってらっしゃい,いってらっしゃい,"Expression, Interjection",Go and come back (when someone is leaving),"have a good day, take care (said to someone leaving); see you",気をつけて、いってらっしゃい。,"Take care, have a good day.",,
1665343662176,夫,夫[おっと],おっと,Noun,Husband,husband (one's own),私の夫は会社員です。,My husband is an office worker.,,
1665343700232,妻,妻[つま],つま,Noun,Wife,wife (one's own),妻と一緒に旅行に行きました。,I went on a trip with my wife.,,
1665345050542,男,男[おとこ],おとこ,Noun,Man,"man, male; fellow, guy",あの男の人は誰ですか？,Who is that man?,,
1665345087071,女,女[おんな],おんな,Noun,Woman,"woman, female; girlfriend",女の人が駅の前に立っています。,A woman is standing in front of the station.,,
1665345314514,図書館,図書館[としょかん],としょかん,Noun,Library,library,週末は図書館で勉強します。,I study at the library on weekends.,,
1665651838811,夜,夜[よる],よる,"Noun, Adverb",Night 🌃,"night, evening",夜は早く寝ます。,I go to bed early at night.,,
1665651886352,暑い,暑[あつ]い,あつい,I-adjective,Hot 🔥,"hot, warm (weather); passionate",今日はとても暑いですね。,"It's very hot today, isn't it?",,
1665651929018,寒い,寒[さむ]い,さむい,I-adjective,Cold 🥶,"cold (weather); lame, dull (joke)",冬の北海道はとても寒いです。,Hokkaido is very cold in winter.,,
1665651968276,今夜,今夜[こんや],こんや,"Noun, Adverb",Tonight,"tonight, this evening",今夜は家で映画を見ます。,Tonight I'll watch a movie at home.,,
1665738870441,暖かい,暖[あたた]かい,あたたかい,I-adjective,Warm,"warm, mild; kind, considerate",今日は春のように暖かいです。,Today is warm like spring.,,
1665738911693,涼しい,涼[すず]しい,すずしい,I-adjective,Cool (weather),"cool (weather), refreshing; clear, bright",秋になって、涼しくなりました。,It's become cool now that autumn has come.,,
1665840816510,傘を差します,傘[かさ]を 差[さ]します,かさをさします,Expression,Put up an umbrella ☂️,"to put up an umbrella, to open an umbrella",雨が降ってきたので、傘を差します。,"It started raining, so I'll put up my umbrella.",,
1666082442798,会社員,会社員[かいしゃいん],かいしゃいん,Noun,Office worker,"office worker, company employee",父は会社員です。,My father is an office worker.,,
1666082675253,弟,弟[おとうと],おとうと,Noun,Younger brother,"younger brother, little brother",弟は高校生です。,My younger brother is a high school student.,,Existing reading おとおと was misspelled; correct reading is おとうと.
1666082700284,妹,妹[いもうと],いもうと,Noun,Younger sister,younger sister,妹は大学で歴史を勉強しています。,My younger sister studies history at university.,,Existing reading いもおと was misspelled; correct reading is いもうと.
1666082830525,旦那さん,旦那[だんな]さん,だんなさん,"Noun, Honorific",Husband (someone elses),"husband (someone else's), your husband",旦那さんはお元気ですか？,How is your husband?,,
1666082869811,奥さん,奥[おく]さん,おくさん,"Noun, Honorific",Wife (someone else's),"wife (someone else's), your wife; married lady",奥さんはどちらの出身ですか？,Where is your wife from?,,
1666082900577,息子,息子[むすこ],むすこ,Noun,Son,son,息子は今年五歳になります。,My son turns five this year.,,
1666082932270,娘,娘[むすめ],むすめ,Noun,Daughter,"daughter; girl, young woman",娘はピアノが上手です。,My daughter is good at piano.,,
1666082973103,彼氏,彼氏[かれし],かれし,Noun,Boyfriend,boyfriend,彼氏と映画を見に行きました。,I went to see a movie with my boyfriend.,,
1666084301518,どなた？,どなた？,どなた？,Pronoun,Who? (Formal),who (polite),失礼ですが、どなたですか？,"Excuse me, but who are you?",,
1666084329031,どちら？,どちら？,どちら？,Pronoun,Where? (Formal),where (polite); which (of two),お国はどちらですか？,Where are you from?,,
1666084372858,どうして？・なんで？,どうして？・なんで？,どうして？・なんで？,Adverb,Why? (Casual),why (casual); how come,どうして来なかったの？,Why didn't you come?,,
1666084391151,なぜ？,なぜ？,なぜ？,Adverb,Why? (Formal),why (formal),なぜ日本語を勉強していますか？,Why are you studying Japanese?,,
1666084424448,どう？,どう？,どう？,Adverb,How (things are)? (Casual),"how (are things), how about (casual)",新しい仕事はどう？,How's the new job?,,
1666084457216,いかが？,いかが？,いかが？,Adverb,How (things are)? (Formal),"how (are things), how about (polite)",コーヒーはいかがですか？,How about some coffee?,,
1666084500873,どうやって？,どうやって？,どうやって？,"Adverb, Expression",How (something is done)? (Casual),"how, in what way (method; casual)",駅までどうやって行きますか？,How do you get to the station?,,
1666084532151,どのように？,どのように？,どのように？,"Adverb, Expression",By what means? (Formal),"how, in what way, by what means (formal)",この漢字はどのように読みますか？,How do you read this kanji?,,
1666084568174,いくら？,いくら？,いくら？,"Noun, Adverb",How much cost? (casual),how much (price; casual),このシャツはいくら？,How much is this shirt?,,
1666084590124,おいくら？,おいくら？,おいくら？,Noun,How much cost? (Formal),how much (price; polite),このかばんはおいくらですか？,How much is this bag?,,
1666084623282,どのくらい？,どのくらい？,どのくらい？,"Noun, Adverb",How much / how long? (quantity),"how much, how long, how far (extent)",駅まで歩いてどのくらいかかりますか？,How long does it take to walk to the station?,,
1666084647416,いくつ？,いくつ？,いくつ？,Noun,How many? (casual),how many; how old (casual),りんごはいくつありますか？,How many apples are there?,,
1666084668989,おいくつ？,おいくつ？,おいくつ？,Noun,How many? (Formal),how old (polite); how many (polite),お子さんはおいくつですか？,How old is your child?,,
1666084693152,どのような？,どのような？,どのような？,"Pre-noun adjectival, Expression",What kind of? (Formal),"what kind of, what sort of (formal)",彼はどのような人ですか。,What sort of person is he?,,
1666084716876,どんな？,どんな？,どんな？,Pre-noun adjectival,What kind of? (Casual),"what kind of, what sort of (casual)",どんな音楽が好きですか？,What kind of music do you like?,,
1666084804480,ひさしぶりです,ひさしぶりです,ひさしぶりです,Expression,Long time no see!,long time no see; it's been a long time,田中さん、ひさしぶりです！,"Tanaka-san, long time no see!",,
1666084836057,近い,近[ちか]い,ちかい,I-adjective,Near,"near, close; soon (in time); close (relationship)",私の家は駅に近いです。,My house is near the station.,,
1666084870294,遠い,遠[とお]い,とおい,I-adjective,Far away,"far, distant, far away; distant (past)",学校は家から遠いです。,The school is far from my house.,,
1666084937497,作る,作[つく]る,つくる,"Godan verb, Transitive verb",To make/cook,"to make, to produce, to build; to cook, to prepare (food)",母は毎朝お弁当を作ります。,My mother makes a packed lunch every morning.,,
1666085025626,料理します,料理[りょうり]します,りょうりします,"Suru verb, Transitive verb",To cook a meal,"to cook, to prepare a meal",週末は家で料理します。,I cook at home on weekends.,,
1666085097487,大人,大人[おとな],おとな,"Noun, Na-adjective, No-adjective",Adult,"adult, grown-up",大人のチケットは千円です。,"An adult ticket is 1,000 yen.",,
1666085234165,泳ぐ,泳[およ]ぐ,およぐ,"Godan verb, Intransitive verb",To swim,to swim,夏は海で泳ぐのが好きです。,I like swimming in the sea in summer.,,
1666085319072,簡単,簡単[かんたん],かんたん,"Noun, Na-adjective",Easy,"easy, simple, uncomplicated; brief, quick",このテストは簡単でした。,This test was easy.,,
1666188300258,高校,高校[こうこう],こうこう,Noun,High school,"high school, senior high school",弟は高校に通っています。,My younger brother goes to high school.,,
1666188326812,大学,大学[だいがく],だいがく,Noun,University/college,"university, college",姉は東京の大学で勉強しています。,My older sister studies at a university in Tokyo.,,
1666188374482,〜粘性,〜 年生[ねんせい],〜ねんせい,"Counter, Suffix",~ year student,"~ year student, student in year ~",私は大学三年生です。,I am a third-year university student.,typo fix,Surface 〜粘性 (viscosity) was a typo for 〜年生.
1666188432589,午前,午前[ごぜん],ごぜん,"Noun, Adverb",A.M.,"morning, a.m.",午前九時に会議があります。,There is a meeting at 9 a.m.,,
1666188471937,午後,午後[ごご],ごご,"Noun, Adverb",P.M.,"afternoon, p.m.",午後三時に友達と会います。,I'm meeting a friend at 3 p.m.,,
1666188510386,番号,番号[ばんごう],ばんごう,Noun,Number,"number, series of digits",電話番号を教えてください。,Please tell me your phone number.,,
1666188655947,歴史,歴史[れきし],れきし,"Noun, No-adjective",History,history,日本の歴史に興味があります。,I'm interested in Japanese history.,,
1666188682079,文学,文学[ぶんがく],ぶんがく,Noun,Literature,literature,大学で日本文学を勉強しました。,I studied Japanese literature at university.,,
1666188724762,看護師,看護師[かんごし],かんごし,Noun,Nurse,"nurse, registered nurse",姉は病院で看護師をしています。,My older sister works as a nurse at a hospital.,,
1666188761444,主婦,主婦[しゅふ],しゅふ,Noun,Housewife,"housewife, homemaker",母は主婦です。,My mother is a housewife.,,
1666188964771,ジインズ,ジーンズ,ジーンズ,Noun,Jeans,jeans,週末はよくジーンズをはきます。,I often wear jeans on weekends.,typo fix,Surface ジインズ was a typo for ジーンズ.
1666189006187,銀行,銀行[ぎんこう],ぎんこう,Noun,Bank,bank,銀行でお金を下ろしました。,I withdrew money at the bank.,,
1666642108589,〜時に始まります,〜 時[じ]に 始[はじ]まります,〜じにはじまります,"Expression, Grammar pattern",It starts at ~ o'clock,it starts at ~ o'clock,授業は九時に始まります。,Class starts at nine o'clock.,,
1666642397781,あまり,あまり,あまり,"Noun, No-adjective, Adverb",Not too... (With negative verb),"(not) very, (not) much (with negative); too much, excessively; remainder, rest",このケーキはあまり甘くないです。,This cake is not very sweet.,,
1666642578121,静かな,静[しず]かな,しずかな,Na-adjective,Quiet,"quiet, silent, calm, peaceful",ここは静かな町です。,This is a quiet town.,,
1666642714130,誰か,誰[だれ]か,だれか,Pronoun,Someone,"someone, somebody",誰か助けてください！,Somebody please help!,,
1667219534182,狭い,狭[せま]い,せまい,I-adjective,Narrow / confined,"narrow, confined, small, cramped; narrow-minded",私の部屋はとても狭いです。,My room is very small.,,
1667219571185,次,次[つぎ],つぎ,"Noun, No-adjective",Next,"next, following; stage, station",次の駅で降ります。,I'm getting off at the next station.,,
1667219613002,まっすぐ,まっすぐ,まっすぐ,"Noun, Na-adjective, Adverb",Straight on,"straight (ahead), direct; honest, frank",この道をまっすぐ行ってください。,Please go straight along this road.,,
1667310057849,角,角[かど],かど,Noun,Corner,"corner, edge; street corner",次の角を右に曲がってください。,Please turn right at the next corner.,,
1667556646847,それとも,それとも,それとも,Conjunction,Or,"or, or else",コーヒーにしますか、それとも紅茶にしますか？,"Will you have coffee, or tea?",,
1667556675396,趣味,趣味[しゅみ],しゅみ,Noun,Hobby,"hobby, pastime; taste, liking",私の趣味は写真を撮ることです。,My hobby is taking photos.,,
1667556726284,興味,興味[きょうみ],きょうみ,Noun,Interest,"interest, curiosity",私は日本の文化に興味があります。,I am interested in Japanese culture.,,
1667556854253,他,他[ほか],ほか,"Noun, No-adjective",Other,"other, another; the rest",他の色はありますか？,Do you have any other colors?,,
1667557037699,早い,早[はや]い,はやい,I-adjective,"Early, fast, quick","early; fast, quick",今日は早く起きました。,I got up early today.,,
1667557167802,スマホ,スマホ,スマホ,Noun,Smart phone,smartphone,新しいスマホを買いました。,I bought a new smartphone.,,
1667557230431,郵便局,郵便局[ゆうびんきょく],ゆうびんきょく,Noun,Post office,post office,郵便局はどこですか？,Where is the post office?,,
1667730603478,行き方,行[い]き 方[かた],いきかた,Noun,A direction to get somewhere,"way of getting somewhere, route; way of doing, method",駅への行き方を教えてください。,Please tell me how to get to the station.,,
1667854924271,雑誌,雑誌[ざっし],ざっし,Noun,Magazine,"magazine, journal",電車で雑誌を読みます。,I read magazines on the train.,,
1667855967320,アルバイト,アルバイト,アルバイト,"Noun, Suru verb, Intransitive verb",Part time job,"part-time job, side job; part-time worker",週末にコンビニでアルバイトをしています。,I work a part-time job at a convenience store on weekends.,,
1667856036649,お寺,お 寺[てら],おてら,"Noun, Honorific",Temple,temple (Buddhist),京都で古いお寺を見ました。,I saw an old temple in Kyoto.,,
1667856125800,病院,病院[びょういん],びょういん,Noun,Hospital,"hospital, clinic",明日病院に行きます。,I'm going to the hospital tomorrow.,,
1667856185097,先週,先週[せんしゅう],せんしゅう,"Noun, Adverb",Last week,last week,先週、友達と映画を見ました。,I watched a movie with a friend last week.,,
1667856375434,撮る,撮[と]る,とる,"Godan verb, Transitive verb",To take a picture,"to take (a photo); to record, to film",ここで写真を撮ってもいいですか？,May I take photos here?,,
1667856495666,それから,それから,それから,"Expression, Conjunction",And then,"and then, after that",宿題をして、それから寝ました。,"I did my homework, and then went to bed.",,
1667856519425,だから,だから,だから,"Expression, Conjunction",so; therefore,"so, therefore; like I said",今日は雨です。だから家にいます。,It's raining today. So I'm staying home.,,
1667856568112,どうして,どうして,どうして,Adverb,Why?,"why, for what reason; how, in what way",昨日はどうして来なかったの？,Why didn't you come yesterday?,,
1667856586926,人れで,一人[ひとり]で,ひとりで,"Adverb, Expression",By yourself (alone),"alone, by oneself",週末は一人で映画を見ました。,I watched a movie by myself on the weekend.,typo fix,Surface 人れで (reading ひとれで) looked like a typo; corrected to 一人で (ひとりで).
1667856617089,右,右[みぎ],みぎ,"Noun, No-adjective",Right,"right, right-hand side",駅は右にあります。,The station is on the right.,,
1667856631504,左,左[ひだり],ひだり,"Noun, No-adjective",Left,"left, left-hand side",次の角を左に曲がってください。,Please turn left at the next corner.,,
1667856672472,前,前[まえ],まえ,"Noun, No-adjective, Adverb",Front,"front, in front of; before, ago",駅の前で待っています。,I'm waiting in front of the station.,,
1667856694849,後ろ,後[うし]ろ,うしろ,"Noun, No-adjective",back/behind,"back, behind, rear",私の後ろに猫がいます。,There is a cat behind me.,,
1667856712669,中,中[なか],なか,Noun,Inside,"inside, interior; among, within; middle",かばんの中に本があります。,There is a book inside the bag.,,
1667856744705,隣,隣[となり],となり,"Noun, No-adjective",Next to,"next to, adjacent; next door, neighboring",銀行は郵便局の隣です。,The bank is next to the post office.,,
1667856774498,間,間[あいだ],あいだ,"Noun, Adverb",Between,"between, space between; while, during",郵便局は銀行と花屋の間にあります。,The post office is between the bank and the flower shop.,,
1667918421187,踊る,踊[おど]る,おどる,"Godan verb, Intransitive verb",To dance,to dance,パーティーでみんなと踊りました。,I danced with everyone at the party.,,
1667918485831,引く,弾[ひ]く,ひく,"Godan verb, Transitive verb",To play (stringed instrument),to play (a stringed instrument or piano),姉はピアノを弾くのが上手です。,My older sister is good at playing the piano.,"wrong kanji: 引く -> 弾く (card meaning was ""to play (stringed instrument)"")","'To play (a stringed instrument)' is 弾く (ひく), not 引く; meaning corrected to 引く's senses."
1667918696131,晴れています,晴[は]れています,はれています,Expression,It is sunny,"it is sunny, the weather is clear",今日はよく晴れています。,It's nice and sunny today.,,
1667918816103,耳,耳[みみ],みみ,Noun,Ears,ear; hearing,うさぎの耳は長いです。,Rabbits' ears are long.,,
1667918836531,長男,長男[ちょうなん],ちょうなん,Noun,Eldest son,"eldest son, first-born son",田中さんの長男は大学生です。,Mr. Tanaka's eldest son is a university student.,,
1667918903152,次男,次男[じなん],じなん,Noun,Next son,second son,次男は今年小学生になりました。,My second son started elementary school this year.,,Existing back 'next son' clarified: 次男 means second son.
1667918926231,荷物もち,荷物[にもつ]もち,にもつもち,Noun,Person who always carries the bags!,"person who carries the bags, porter",今日は私が荷物もちです。,Today I'm the one carrying the bags.,,
1667919003532,飛行機,飛行機[ひこうき],ひこうき,Noun,Airplane 🛫,"airplane, aircraft",飛行機で大阪に行きます。,I'm going to Osaka by plane.,,
1667919058167,チケット,チケット,チケット,Noun,Ticket,ticket,コンサートのチケットを二枚買いました。,I bought two concert tickets.,,
1668155126345,紫色,紫色[むらさきいろ],むらさきいろ,"Noun, No-adjective",Purple 💜,"purple, violet",紫色の傘を持っています。,I have a purple umbrella.,,
1668155181842,春,春[はる],はる,"Noun, Adverb",Spring,"spring, springtime",春になると桜が咲きます。,"When spring comes, the cherry blossoms bloom.",,
1668240613638,夏,夏[なつ],なつ,"Noun, Adverb",Summer,summer,夏は海で泳ぎたいです。,I want to swim in the sea this summer.,,
1668240632144,緑色,緑色[みどりいろ],みどりいろ,"Noun, Na-adjective, No-adjective",Green 💚,green,緑色のシャツを着ています。,I'm wearing a green shirt.,,
1668329258006,灰色,灰色[はいいろ],はいいろ,"Noun, No-adjective",Grey,"grey, gray",今日の空は灰色です。,The sky is grey today.,,
1668329330168,靴下,靴下[くつした],くつした,Noun,Socks 🧦,"socks, stockings",新しい靴下をはきました。,I put on new socks.,,
1668329367899,秋,秋[あき],あき,"Noun, Adverb",Autumn 🥮,"autumn, fall",秋は涼しくて好きです。,I like autumn because it's cool.,,
1668413915875,冬,冬[ふゆ],ふゆ,"Noun, Adverb",Winter 🥶,winter,冬はとても寒いです。,Winter is very cold.,,
1668413948670,手袋,手袋[てぶくろ],てぶくろ,Noun,Gloves 🧤,"gloves, mittens",寒いので手袋をします。,"It's cold, so I'll wear gloves.",,
1668976992213,主題,主題[しゅだい],しゅだい,Noun,subject; theme; motif,"subject, theme, motif",この映画の主題は家族です。,The theme of this movie is family.,,
1669372182495,消す,消[け]す,けす,"Godan verb, Transitive verb",To turn off,"to turn off, to switch off; to erase, to delete; to put out (a fire)",寝る前に電気を消してください。,Please turn off the lights before going to bed.,,
1669451089594,待って,待[ま]って,まって,Expression,Wait!,wait!; wait a moment,ちょっと待って。すぐ行くよ。,Wait a moment. I'll be right there.,,
1669495536750,戻る,戻[もど]る,もどる,"Godan verb, Intransitive verb",To return; to turn back (intranstive),"to return, to go back; to turn back",すぐに戻ります。,I'll be right back.,,
1669495639400,嫌い,嫌[きら]い,きらい,"Noun, Na-adjective",Dislike/hate,"disliked, hated; dislike",私は虫が嫌いです。,I hate bugs.,,
1669552688647,携帯電話,携帯電話[けいたいでんわ],けいたいでんわ,"Noun, No-adjective",Mobile phone,"mobile phone, cell phone",携帯電話を家に忘れました。,I left my mobile phone at home.,,
1669908869610,会う,会[あ]う,あう,"Godan verb, Intransitive verb",to meet (a person),"to meet (a person), to see",駅で友達に会いました。,I met a friend at the station.,,
1669908916265,青い,青[あお]い,あおい,I-adjective,Blue,blue; green (e.g. traffic light); pale,青い空がきれいです。,The blue sky is beautiful.,,
1669908944302,赤い,赤[あか]い,あかい,I-adjective,Red (adjective),red,赤いりんごを買いました。,I bought red apples.,,
1669908982660,上がる,上[あ]がる,あがる,"Godan verb, Intransitive verb",to rise  to go up  to come up  to ascend  to be raised,"to rise, to go up, to come up, to ascend; to be raised; to enter (a home)",今日は気温が上がりました。,The temperature went up today.,,
1669909004102,明るい,明[あか]るい,あかるい,I-adjective,"bright, light","bright, light, well-lit; cheerful",この部屋はとても明るいです。,This room is very bright.,,
1669909066043,開ける,開[あ]ける,あける,"Ichidan verb, Transitive verb",To open (something/transitive),"to open (something), to unlock; to open (for business)",窓を開けてもいいですか？,May I open the window?,,
1669909211606,明後日,明後日[あさって],あさって,"Noun, Adverb",The day after tomorrow,day after tomorrow,明後日、東京に行きます。,I'm going to Tokyo the day after tomorrow.,,
1669909235481,足,足[あし],あし,Noun,"Leg, foot","leg, foot",たくさん歩いて足が痛いです。,My feet hurt from walking a lot.,,
1669909714981,遊ぶ,遊[あそ]ぶ,あそぶ,"Godan verb, Intransitive verb",to play,"to play, to enjoy oneself, to have a good time",子供たちが公園で遊んでいます。,The children are playing in the park.,,
1669909894745,後（で）,後[あと]（で）,あと（で）,"Adverb, Expression",Afterwards,"later, afterwards",後で電話します。,I'll call you later.,,
1669909937470,アパート,アパート,アパート,Noun,Apartment,"apartment, apartment building",駅の近くのアパートに住んでいます。,I live in an apartment near the station.,,
1669909972404,危ない,危[あぶ]ない,あぶない,I-adjective,Dangerous,"dangerous, risky; in danger",道で遊ぶのは危ないです。,Playing in the road is dangerous.,,
1669910041286,洗う,洗[あら]う,あらう,"Godan verb, Transitive verb",To wash,"to wash, to rinse",食べる前に手を洗いましょう。,Let's wash our hands before eating.,,
1669910135760,歩く,歩[ある]く,あるく,"Godan verb, Intransitive verb",To walk,to walk,毎日駅まで歩きます。,I walk to the station every day.,,
1669910270523,痛い,痛[いた]い,いたい,I-adjective,Painful / sore,"painful, sore; cringy, embarrassing",朝から頭が痛いです。,I've had a headache since this morning.,,
1669910363042,一度,一度[いちど],いちど,"Noun, Adverb","Once, one time, on one occasion","once, one time, on one occasion",京都には一度行ったことがあります。,I have been to Kyoto once.,,
1669910452305,入口,入口[いりぐち],いりぐち,"Noun, No-adjective",Entrance,"entrance, entry",入口はあちらです。,The entrance is over there.,,
1669910487141,入れる,入[い]れる,いれる,"Ichidan verb, Transitive verb",To put in,"to put in, to let in, to insert; to include",かばんに財布を入れました。,I put my wallet in my bag.,,
1669910583800,薄い,薄[うす]い,うすい,I-adjective,Thin,"thin; pale, light; weak, watery (taste)",この本はとても薄いです。,This book is very thin.,,
1669910608960,歌,歌[うた],うた,Noun,Song,song,好きな歌を歌ってください。,Please sing your favorite song.,,
1669910623298,歌う,歌[うた]う,うたう,"Godan verb, Transitive verb, Intransitive verb",To sing,to sing,カラオケで歌うのが好きです。,I like singing karaoke.,,
1669910660759,生まれる,生[う]まれる,うまれる,"Ichidan verb, Intransitive verb",To be born,to be born,私は大阪で生まれました。,I was born in Osaka.,,
1669910685901,売る,売[う]る,うる,"Godan verb, Transitive verb",To sell,to sell,あの店は古い本を売っています。,That shop sells old books.,,
1669910699333,うるさい,うるさい,うるさい,I-adjective,Loud,"noisy, loud; annoying, bothersome",隣の部屋がうるさいです。,The room next door is noisy.,,
1669910751623,嬉しい,嬉[うれ]しい,うれしい,I-adjective,Happy / pleased,"happy, glad, pleased",プレゼントをもらって嬉しいです。,I'm happy that I got a present.,,
1669910788225,上着,上着[うわぎ],うわぎ,Noun,Coat / jacket,"jacket, coat, outer garment",寒いから上着を着てください。,"It's cold, so please put on a jacket.",,
1669910831502,絵,絵[え],え,Noun,Drawing / picture / painting,"picture, drawing, painting",妹は絵を描くのが上手です。,My younger sister is good at drawing.,,
1669910866559,エアコン,エアコン,エアコン,Noun,Air con,"air conditioner, air con",暑いのでエアコンをつけました。,"It was hot, so I turned on the air conditioner.",,
1669911007160,選ぶ,選[えら]ぶ,えらぶ,"Godan verb, Transitive verb",To choose,"to choose, to select",好きな色を選んでください。,Please choose your favorite color.,,
1669911041519,エレベーター,エレベーター,エレベーター,Noun,Elevator,"elevator, lift",エレベーターで五階に行きます。,I'll take the elevator to the fifth floor.,,
1669911067522,鉛筆,鉛筆[えんぴつ],えんぴつ,Noun,Pencil,pencil,鉛筆を貸してください。,Please lend me a pencil.,,
1669911136002,大勢,大勢[おおぜい],おおぜい,"Noun, No-adjective, Adverb",Lots of people,"crowd of people, great number of people",駅に人が大勢いました。,There were a lot of people at the station.,,
1669911183175,お菓子,お 菓子[かし],おかし,Noun,"Sweets, Candy","sweets, candy, snacks",子供たちはお菓子が大好きです。,Children love sweets.,,
1669911256445,置く,置[お]く,おく,"Godan verb, Transitive verb","To put, to place","to put, to place; to leave (behind)",鍵を机の上に置きました。,I put the key on the desk.,,
1670361953057,川,川[かわ],かわ,Noun,River,"river, stream",夏は川で泳ぎます。,In summer I swim in the river.,,
1671105597180,袋,袋[ふくろ],ふくろ,Noun,Bags,"bag, sack, pouch",この袋に入れてください。,Please put it in this bag.,,Existing reading ぶくろ was wrong on its own; 袋 is read ふくろ (ぶくろ only in compounds like レジ袋).
1671105661811,少々,少々[しょうしょう],しょうしょう,"Noun, Adverb",A little bit / a moment,"a little, a few; just a moment",少々お待ちください。,Please wait a moment.,,
1671110816053,要る,要[い]る,いる,"Godan verb, Intransitive verb",To need (verb),"to need, to be needed, to be required",何か要りますか？,Do you need anything?,,
1671191569956,唐揚げ,唐揚[からあ]げ,からあげ,Noun,Fried Chicken 🍗,"fried chicken, deep-fried food (esp. chicken)",昼ご飯に唐揚げを食べました。,I had fried chicken for lunch.,,
1671191606278,レジ袋,レジ 袋[ぶくろ],れじぶくろ,Noun,Shopping bag 🛍️,"plastic shopping bag, carrier bag",レジ袋は要りません。,I don't need a plastic bag.,,"Locked reading れじぶくろ was copied as given, but it writes the katakana レジ in hiragana (would be レジぶくろ under the copy-non-kanji rule)."
1671283865442,持ち帰ります,持[も]ち 帰[かえ]ります,もちかえります,"Godan verb, Transitive verb, Expression",I will take it home / take out,to take home; to take out (food to go),このケーキは持ち帰ります。,I'll take this cake to go.,,
1671283927295,店内,店内[てんない],てんない,"Noun, No-adjective",In the store,"inside the store, store interior",店内でお召し上がりですか？,Will you be eating in the store?,,
1671805286809,ついて,ついて,ついて,"Expression, Grammar pattern",About,"about, concerning, regarding",日本の文化について話しましょう。,Let's talk about Japanese culture.,,
1671969340857,教科書,教科書[きょうかしょ],きょうかしょ,Noun,Text book,textbook,教科書の十ページを開いてください。,Please open your textbook to page ten.,,
1672044613243,練習,練習[れんしゅう],れんしゅう,"Noun, Suru verb, Transitive verb",Practice,"practice, training, drill",毎日ピアノを練習しています。,I practice the piano every day.,,
1672127087685,言葉,言葉[ことば],ことば,Noun,Word,"word, words, phrase; language",この言葉の意味がわかりません。,I don't understand the meaning of this word.,,
1672127106357,覚える,覚[おぼ]える,おぼえる,"Ichidan verb, Transitive verb",To remember,"to remember, to memorize; to learn, to pick up",新しい漢字を覚えました。,I memorized some new kanji.,,
1672225788861,今年,今年[ことし],ことし,"Noun, Adverb",This year,this year,今年は日本に行きたいです。,I want to go to Japan this year.,,
1672225859943,来年,来年[らいねん],らいねん,"Noun, Adverb",Next year,next year,来年、大学を卒業します。,I'll graduate from university next year.,,
1672225916241,去年,去年[きょねん],きょねん,"Noun, Adverb",Last year,last year,去年、北海道に行きました。,I went to Hokkaido last year.,,
1672254029038,病気,病気[びょうき],びょうき,"Noun, No-adjective",Ill (like in hospital ill),"illness, disease, sickness",母は病気で入院しています。,My mother is in the hospital because of an illness.,,
1672254132374,大切,大切[たいせつ],たいせつ,"Noun, Na-adjective",Important,"important, precious; careful (handling)",家族はとても大切です。,Family is very important.,,
1672254227169,〜より,〜より,〜より,"Grammar pattern, Particle",~than (e.g. x is better THAN y),"than ~ (in comparisons); from, since",東京は大阪より大きいです。,Tokyo is bigger than Osaka.,,
1672254300104,お正月,お 正月[しょうがつ],おしょうがつ,Noun,New year,New Year (esp. first three days),お正月に家族と神社に行きました。,I went to a shrine with my family at New Year.,,
1672254442589,かかる,かかる,かかる,"Godan verb, Intransitive verb",To take time (or money or resource),"to take (time, money, etc.), to cost; to hang",駅まで歩いて十分かかります。,It takes ten minutes to walk to the station.,,
1672254531919,これから,これから,これから,"Noun, Adverb",From now on,"from now on, after this, in the future; from here",これから毎日日本語を勉強します。,From now on I will study Japanese every day.,,
1672258815884,酸っぱい,酸[す]っぱい,すっぱい,I-adjective,Sour,"sour, acidic",このレモンはとても酸っぱい。,This lemon is very sour.,,
1672258851107,味,味[あじ],あじ,Noun,Flavour,"flavour, taste; charm, appeal; experience",このスープは味が薄いです。,This soup has a weak flavour.,,
1672258870214,辛い,辛[から]い,からい,I-adjective,Spicy,"spicy, hot; salty; harsh, strict",このカレーは辛すぎます。,This curry is too spicy.,,
1672258889845,苦い,苦[にが]い,にがい,I-adjective,Bitter,bitter,この薬はとても苦い。,This medicine is very bitter.,,
1672258911333,しょっぱい,しょっぱい,しょっぱい,I-adjective,Salty,salty,海の水はしょっぱいです。,Sea water is salty.,,
1672258981277,曲,曲[きょく],きょく,"Noun, Suffix",Music / song (sung or instrumental),"piece of music, song, track; tune, melody",この曲が大好きです。,I love this song.,,
1672259009145,歌詞,歌詞[かし],かし,Noun,Lyrics,"lyrics, words of a song",この歌の歌詞を覚えました。,I memorised the lyrics of this song.,,
1672259031784,歌手,歌手[かしゅ],かしゅ,Noun,Singer,singer,彼女は有名な歌手です。,She is a famous singer.,,
1672259066796,楽器,楽器[がっき],がっき,"Noun, No-adjective",Instrument,musical instrument,何か楽器を弾けますか？,Can you play any musical instrument?,,
1672259097825,演奏する,演奏[えんそう]する,えんそうする,"Suru verb, Transitive verb",To play an instrument,"to play (an instrument), to perform (music)",彼はピアノを演奏しました。,He played the piano.,,
1672259142085,授業,授業[じゅぎょう],じゅぎょう,"Noun, Suru verb",Lesson,"lesson, class; teaching, instruction",今日は授業が三つあります。,I have three classes today.,,
1672259161840,違い,違[ちが]い,ちがい,Noun,Difference (noun),"difference, distinction; mistake, error",この二つの言葉の違いは何ですか？,What is the difference between these two words?,,
1673340380654,サル,サル,サル,Noun,Monkey 🐒,"monkey, ape",山でサルを見ました。,I saw a monkey in the mountains.,,
1673340407373,キツネ,キツネ,キツネ,Noun,Fox 🦊,fox,森にキツネがいました。,There was a fox in the forest.,,
1673340444759,ハト,ハト,ハト,Noun,Pigeon 🐦,"pigeon, dove",公園にハトがたくさんいます。,There are lots of pigeons in the park.,,
1673340463910,馬,馬[うま],うま,Noun,Horse 🐎,horse,子どもの時、馬に乗りました。,I rode a horse when I was a child.,,
1673340492627,クマ,クマ,クマ,Noun,Bear 🐻,bear,この山にはクマがいます。,There are bears on this mountain.,,
1673340582677,牛,牛[うし],うし,Noun,Cow 🐄,"cow, cattle, bull, ox; beef",牧場に牛が十頭います。,There are ten cows on the farm.,,
1673514476517,知る,知[し]る,しる,"Godan verb, Transitive verb",To know,"to know, to be aware of; to understand; to notice",彼の電話番号を知っていますか？,Do you know his phone number?,,
1673795070938,答え,答[こた]え,こたえ,Noun,An answer / response,"answer, reply, response; solution",この問題の答えが分かりません。,I don't know the answer to this question.,,
1673795090843,答える,答[こた]える,こたえる,"Ichidan verb, Intransitive verb",To answer,"to answer, to reply",先生の質問に答えました。,I answered the teacher's question.,,
1675422796623,漢字,漢字[かんじ],かんじ,Noun,Kanji,"kanji, Chinese characters",毎日漢字を五つ覚えます。,I learn five kanji every day.,,
1675422873953,ページ,ページ,ページ,"Noun, Counter",Page,page,教科書の十ページを開いてください。,Please open your textbook to page ten.,,
1675422913939,パソコン,パソコン,パソコン,"Noun, No-adjective",PC,"personal computer, PC",新しいパソコンを買いました。,I bought a new computer.,,
1675422953261,シャワー,シャワー,シャワー,Noun,Shower,shower,朝はいつもシャワーだけです。,In the morning I always just have a shower.,,
1675423064004,電気,電気[でんき],でんき,Noun,Electricity,electricity; (electric) light,部屋の電気を消してください。,Please turn off the light in the room.,,
1675423084514,窓,窓[まど],まど,Noun,Window,window,暑いので窓を開けました。,"It was hot, so I opened the window.",,
1675423103723,電車,電車[でんしゃ],でんしゃ,Noun,Train,"train, electric train",毎朝電車で会社に行きます。,I go to work by train every morning.,,
1675423117968,国,国[くに],くに,Noun,Country,"country, state; region; home country",どこの国から来ましたか？,Which country are you from?,,
1675423137112,今週,今週[こんしゅう],こんしゅう,"Noun, Adverb",This week,this week,今週はとても忙しいです。,I'm very busy this week.,,
1675423151601,来週,来週[らいしゅう],らいしゅう,"Noun, Adverb",Next week,next week,来週、京都に行きます。,I'm going to Kyoto next week.,,
1675423196170,大変な,大変[たいへん]な,たいへんな,Na-adjective,Tough (situation),"tough, hard, difficult; serious, terrible",今日は大変な一日でした。,Today was a tough day.,,
1675423220302,急ぐ,急[いそ]ぐ,いそぐ,"Godan verb, Transitive verb, Intransitive verb",To hurry,"to hurry, to rush",遅れるから急ぎましょう。,"Let's hurry, or we'll be late.",,
1675423293200,返す,返[かえ]す,かえす,"Godan verb, Transitive verb",Return (a thing) John に Hat を 返す,"to return (something), to give back, to put back; to turn over; to reply",図書館に本を返しました。,I returned the book to the library.,,
1675423316974,死ぬ,死[し]ぬ,しぬ,"Godan verb, Intransitive verb",To die,"to die, to pass away",祖父は去年死にました。,My grandfather died last year.,,
1675423335817,座る,座[すわ]る,すわる,"Godan verb, Intransitive verb",To sit down,"to sit, to sit down",どうぞ、ここに座ってください。,"Please, sit here.",,
1675423375813,タバコを吸う,タバコを 吸[す]う,タバコをすう,"Godan verb, Expression",To smoke (ciggy),to smoke (a cigarette),ここでタバコを吸わないでください。,Please don't smoke here.,,Locked reading was たばこをすう; katakana kept as タバコをすう to match the surface.
1675423429677,使う,使[つか]う,つかう,"Godan verb, Transitive verb",To use,"to use, to make use of; to spend (time, money); to speak (a language)",このペンを使ってもいいですか？,May I use this pen?,,
1675423453458,手伝う,手伝[てつだ]う,てつだう,"Godan verb, Transitive verb",To help,"to help, to assist",母の料理を手伝いました。,I helped my mother with the cooking.,,
1675423492897,休む,休[やす]む,やすむ,"Godan verb, Intransitive verb",To rest / be absent,"to rest, to take a break; to be absent, to take a day off; to go to bed",風邪で学校を休みました。,I stayed off school because of a cold.,,
1675423535213,閉める,閉[し]める,しめる,"Ichidan verb, Transitive verb",To close (transitive),"to close, to shut",寒いからドアを閉めてください。,"It's cold, so please close the door.",,
1675423568552,教える,教[おし]える,おしえる,"Ichidan verb, Transitive verb",To teach / instruct,"to teach, to instruct; to tell, to inform",姉は小学校で英語を教えています。,My older sister teaches English at an elementary school.,,
1675423592114,忘れる,忘[わす]れる,わすれる,"Ichidan verb, Transitive verb",To forget,to forget; to leave behind (carelessly),宿題を家に忘れました。,I left my homework at home.,,
1675423622673,降りる,降[お]りる,おりる,"Ichidan verb, Intransitive verb",To get off,"to get off, to alight; to go down, to descend",次の駅で電車を降ります。,I'll get off the train at the next station.,,
1675423644257,借りる,借[か]りる,かりる,"Ichidan verb, Transitive verb",to borrow; to have a loan; to rent; to hire (transitive),"to borrow, to have a loan; to rent, to hire",友達に傘を借りました。,I borrowed an umbrella from a friend.,,
1675423687277,シャワーを浴びる,シャワーを 浴[あ]びる,シャワーをあびる,"Ichidan verb, Expression",To take a shower,to take a shower,毎晩シャワーを浴びます。,I take a shower every night.,,Locked reading was しゃわーをあびる; katakana kept as シャワーをあびる to match the surface.
1675423705535,電話する,電話[でんわ]する,でんわする,"Suru verb, Intransitive verb",To phone,"to phone, to call",後で母に電話します。,I'll call my mum later.,,
1675423769522,連れて来る,連[つ]れて 来[く]る,つれてくる,"Irregular verb, Transitive verb, Expression",To bring (person),to bring (a person) along,パーティーに友達を連れて来てもいいですか？,Can I bring a friend to the party?,,
1675423805934,持って来る,持[も]って 来[く]る,もってくる,"Irregular verb, Transitive verb, Expression",To bring (thing),"to bring (a thing), to fetch",明日、お弁当を持って来てください。,Please bring a packed lunch tomorrow.,,
1675423830209,後で,後[あと]で,あとで,Adverb,Later on,"later, afterwards",後でメールします。,I'll email you later.,,
1675423848558,すぐ,すぐ,すぐ,Adverb,Right away,"right away, immediately, at once; soon; easily; nearby",すぐ行きます。,I'll go right away.,,
1675423867079,ゆっくり,ゆっくり,ゆっくり,"Suru verb, Intransitive verb, Adverb",Slowly,"slowly, unhurriedly; leisurely, comfortably; well (e.g. sleep)",もう少しゆっくり話してください。,Please speak a little more slowly.,,
1675423897828,結構です,結構[けっこう]です,けっこうです,Expression,Thats fine / not necessary,"that's fine, that's enough; no thank you (polite refusal)",お茶はもう結構です。,"I'm fine for tea, thank you.",,
1675423919742,本当ですか,本当[ほんとう]ですか,ほんとうですか,Expression,Really?,really?; is that true?,明日休みって、本当ですか？,Is it true that tomorrow is a day off?,,
1676490617873,点ける,点[つ]ける,つける,"Ichidan verb, Transitive verb",To turn on,"to turn on, to switch on; to light",暗いから電気を点けてください。,"It's dark, so please turn on the light.",,
1678305634268,同じ,同[おな]じ,おなじ,"Noun, Pre-noun adjectival",Same,"same, identical, equal",私たちは同じ学校に通っています。,We go to the same school.,,
1678305665292,つめたい,冷[つめ]たい,つめたい,I-adjective,Cold (things),"cold (to the touch), chilly; coldhearted, unfeeling",冷たい水を一杯ください。,"A glass of cold water, please.",kana -> usual kanji spelling,Surface changed from つめたい to the usual kanji spelling 冷たい.
1678305711972,頭がいい,頭[あたま]がいい,あたまがいい,"I-adjective, Expression",Clever,"clever, smart, intelligent",彼は頭がいいですね。,"He's really clever, isn't he?",,
1678305764399,くすり,薬[くすり],くすり,Noun,Medicine,"medicine, drug",寝る前に薬を飲んでください。,Please take the medicine before going to bed.,kana -> usual kanji spelling,Surface changed from くすり to the usual kanji spelling 薬.
1678305857926,今朝,今朝[けさ],けさ,"Noun, Adverb",This morning,this morning,今朝は七時に起きました。,I got up at seven this morning.,,
1678306040092,カリカリ,カリカリ,カリカリ,"Suru verb, Intransitive verb, Na-adjective, Adverb",Crispy,"crispy, crunchy; irritable, on edge",このクッキーはカリカリです。,These cookies are crunchy.,,
1678307058663,〜てもいいですか？,〜てもいいですか？,〜てもいいですか？,"Expression, Grammar pattern",May I ... (After て form),may I ~?; is it okay if I ~?,窓を開けてもいいですか？,May I open the window?,,
1678307184393,〜てもいいです,〜てもいいです,〜てもいいです,"Expression, Grammar pattern",You may ... (After て form),you may ~; it's okay to ~,この部屋を使ってもいいです。,You may use this room.,,
1678307256581,〜てはいけません,〜てはいけません,〜てはいけません,"Expression, Grammar pattern",You must not... (After て form) stern...,you must not ~; you may not ~,ここで写真を撮ってはいけません。,You must not take photos here.,,
1678437947889,暇,暇[ひま],ひま,"Noun, Na-adjective",Free (as in not busy),"free time, spare time; free (not busy); time off",今週末は暇ですか？,Are you free this weekend?,,
1678437975037,困る,困[こま]る,こまる,"Godan verb, Intransitive verb",To be in trouble (godan),"to be in trouble, to have difficulty; to be inconvenienced, to be at a loss",財布をなくして困っています。,I'm in trouble because I lost my wallet.,,
1678828005140,胡椒,胡椒[こしょう],こしょう,Noun,Black pepper,"pepper, black pepper",スープにこしょうを少し入れました。,I put a little pepper in the soup.,,
1678828102881,種,種[たね],たね,Noun,Seeds,"seed, pip; cause, source; material (for a story)",庭に花の種をまきました。,I sowed flower seeds in the garden.,,
1678828139287,すいか,すいか,すいか,Noun,Watermelon 🍉,watermelon,夏はすいかが一番おいしいです。,Watermelon is best in summer.,,
1678828264945,送る,送[おく]る,おくる,"Godan verb, Transitive verb",To send,"to send; to see off, to escort (a person)",友達に写真を送りました。,I sent the photos to a friend.,,
1678916074693,気分が悪い,気分[きぶん]が 悪[わる]い,きぶんがわるい,"I-adjective, Expression",I feel unwell,"feeling unwell, feeling sick",ちょっと気分が悪いので、帰ります。,"I'm feeling a bit unwell, so I'll go home.",,
1678916183931,悲しい,悲[かな]しい,かなしい,I-adjective,Sad,"sad, unhappy, miserable",その映画はとても悲しかった。,That film was very sad.,,
1678916229945,親切な,親切[しんせつ]な,しんせつな,Na-adjective,Kind (person) なadj,"kind, friendly, considerate",駅で親切な人に道を教えてもらいました。,A kind person at the station showed me the way.,,
1678916318613,気持ち,気持[きも]ち,きもち,Noun,Feeling(s),"feeling, sensation, mood; attitude",彼女の気持ちがよく分かります。,I understand how she feels.,,
1678997067815,食堂,食堂[しょくどう],しょくどう,Noun,Cafeteria / dining hall,"cafeteria, dining hall; restaurant, diner",昼ご飯は大学の食堂で食べます。,I eat lunch in the university cafeteria.,,
1678997123266,デパート,デパート,デパート,Noun,Department store,department store,デパートで母のプレゼントを買いました。,I bought a present for my mother at the department store.,,
1678997173428,髪,髪[かみ],かみ,Noun,Hair,hair (on the head),昨日、髪を短く切りました。,I had my hair cut short yesterday.,,
1678997654767,口,口[くち],くち,Noun,Mouth,mouth; opening,口を大きく開けてください。,Please open your mouth wide.,,
1678997678831,目,目[め],め,Noun,Eye,"eye; eyesight, vision",猫の目は青いです。,The cat's eyes are blue.,,
1678997695552,眼鏡,眼鏡[めがね],めがね,Noun,Glasses 🕶️,"glasses, spectacles",眼鏡をどこに置いたか忘れました。,I forgot where I put my glasses.,,
1678997739307,サークル,サークル,サークル,Noun,Club activity,"club (e.g. university), circle, group; circle (shape)",大学でテニスのサークルに入りました。,I joined a tennis club at university.,,
1678997777888,長い,長[なが]い,ながい,I-adjective,Long,"long (length, distance); long (time)",妹は髪が長いです。,My younger sister has long hair.,,
1678997809094,短い,短[みじか]い,みじかい,I-adjective,"Short (length, e.g. a short stick)",short (length); brief (time),この鉛筆は短すぎます。,This pencil is too short.,,
1678997835253,速い,速[はや]い,はやい,I-adjective,Fast,"fast, quick, rapid",新幹線はとても速いです。,The bullet train is very fast.,,
1678997859933,背が高い,背[せ]が 高[たか]い,せがたかい,"I-adjective, Expression",Tall (person),tall (of a person),兄は背が高いです。,My older brother is tall.,,
1678997923313,背が低い,背[せ]が 低[ひく]い,せがひくい,"I-adjective, Expression",Short (person),short (of a person),私は背が低いです。,I'm short.,,
1678997970603,便利な,便利[べんり]な,べんりな,Na-adjective,Convenient,"convenient, handy, useful",駅の近くは便利な場所です。,Near the station is a convenient place.,,
1678998046345,かぶる,かぶる,かぶる,"Godan verb, Transitive verb",To put on your head (hat),"to put on, to wear (on one's head); to be covered with",暑いから帽子をかぶりましょう。,"It's hot, so let's put on our hats.",,
1678998096323,はく,履[は]く,はく,"Godan verb, Transitive verb",To put in below waist (👖 🧦),"to put on, to wear (shoes, trousers, socks, etc.)",新しい靴を履いて出かけました。,I went out wearing my new shoes.,kana -> usual kanji spelling,"Surface changed from はく to 履く (to wear on the feet/legs), the sense on the card; dictionary match was the wrong word."
1678998130684,知っています,知[し]っています,しっています,Expression,I know,"I know, to know (be aware of)",その店なら知っています。,I know that shop.,,
1678998207234,知りません,知[し]りません,しりません,Expression,I don't know,I don't know,すみません、その人は知りません。,"Sorry, I don't know that person.",,
1678998265722,住む,住[す]む,すむ,"Godan verb, Intransitive verb",To live (somewhere),"to live (somewhere), to reside",私は大阪に住んでいます。,I live in Osaka.,,
1678998342175,働く,働[はたら]く,はたらく,"Godan verb, Intransitive verb",To work (the exertion),"to work, to labour; to function, to operate",父は銀行で働いています。,My father works at a bank.,,
1678998369486,太る,太[ふと]る,ふとる,"Godan verb, Intransitive verb",To gain weight,"to gain weight, to put on weight, to grow fat",冬になると少し太ります。,I put on a little weight in winter.,,
1678998407957,メガネをかける,メガネをかける,メガネをかける,"Ichidan verb, Expression",To put on glasses,"to wear glasses, to put on glasses",本を読む時はメガネをかけます。,I put on my glasses when I read.,,
1678998475275,やせる,痩[や]せる,やせる,"Ichidan verb, Intransitive verb",To lose weight,"to lose weight, to become thin",夏までに三キロ痩せたいです。,I want to lose three kilos by summer.,kana -> usual kanji spelling,Surface changed from やせる to the usual kanji spelling 痩せる.
1678998495492,着る,着[き]る,きる,"Ichidan verb, Transitive verb",To put on clothes above waist (👕),"to wear, to put on (from the shoulders down)",今日は白いシャツを着ています。,I'm wearing a white shirt today.,,
1678998531587,けっこんする,結婚[けっこん]する,けっこんする,"Suru verb, Intransitive verb",To get married,"to get married, to marry",姉は来年結婚します。,My older sister is getting married next year.,kana -> usual kanji spelling,Surface changed from けっこんする to the usual kanji spelling 結婚する.
1679862883951,七,七[なな],なな,Numeral,7,seven,この部屋には椅子が七つあります。,There are seven chairs in this room.,,
1679862918094,九,九[きゅう],きゅう,Numeral,9,nine,授業は九時に始まります。,Class starts at nine o'clock.,,"Existing reading きゅ was incomplete; the standard reading is きゅう (also く, as in 九時 くじ)."
1680040606143,よろしい,よろしい,よろしい,"I-adjective, Honorific",Good ok alright,"good, all right, fine, OK",この席でよろしいですか？,Is this seat all right for you?,,
1680119910780,〜つもりです,〜つもりです,〜つもりです,"Expression, Grammar pattern",Intends to (after short form verb),to intend to ~; to plan to ~,今日はラーメンを食べるつもりだ。,"Today, I plan to eat ramen.",,
1680119974206,なる,なる,なる,"Godan verb, Intransitive verb",To become,"to become, to get, to grow; to turn into",春になると暖かくなります。,"When spring comes, it gets warm.",,
1680264422672,場所,場所[ばしょ],ばしょ,Noun,Place (noun),"place, location, spot; room, space",駅はどんな場所にありますか？,What kind of place is the station in?,,
1680267350987,左に曲がる,左[ひだり]に 曲[ま]がる,ひだりにまがる,"Godan verb, Intransitive verb, Expression",Turn left,to turn left,次の角を左に曲がってください。,Please turn left at the next corner.,,
1680267419239,右に曲がる,右[みぎ]に 曲[ま]がる,みぎにまがる,"Godan verb, Intransitive verb, Expression",Turn right,to turn right,銀行の前で右に曲がります。,I turn right in front of the bank.,,
1680534015536,道を渡る,道[みち]を 渡[わた]る,みちをわたる,"Godan verb, Intransitive verb, Expression",To cross the street,"to cross the street, to cross the road",道を渡る時は気をつけてね。,Be careful when you cross the street.,,
1680534105150,北,北[きた],きた,Noun,North,north,駅の北に大きい公園があります。,There is a big park north of the station.,,
1680534226106,東,東[ひがし],ひがし,Noun,East,east,太陽は東から昇ります。,The sun rises in the east.,,
1680534250361,南,南[みなみ],みなみ,Noun,South,south,冬になると鳥は南へ行きます。,"In winter, the birds go south.",,
1680534267531,西,西[にし],にし,Noun,West,west,私の家は町の西にあります。,My house is in the west of the town.,,
1681291097857,景色,景色[けしき],けしき,Noun,Scenery / view,"scenery, scene, landscape, view",山の上からの景色はきれいです。,The view from the top of the mountain is beautiful.,,
1681291162049,気持ち悪くなる,気持[きも]ち 悪[わる]くなる,きもちわるくなる,"Godan verb, Intransitive verb, Expression",To become sick,"to start feeling sick, to feel nauseous",バスの中で気持ち悪くなりました。,I started feeling sick on the bus.,,
1681291345426,退職する,退職[たいしょく]する,たいしょくする,"Suru verb, Intransitive verb",To retire,"to retire, to resign (from a job)",父は来年会社を退職します。,My father will retire from his company next year.,,
1681823407917,問,門[もん],もん,Noun,Gates,gate,学校の門の前で友達を待っています。,I'm waiting for my friend in front of the school gate.,"wrong kanji: 問 -> 門 (card meaning was ""gates"")",Existing back 'Gates' was wrong (that is 門); 問 (もん) is the counter for questions.
1682112863474,玄関,玄関[げんかん],げんかん,Noun,Entranceway to a house,"entrance, front door, entryway (of a house)",玄関で靴を脱いでください。,Please take off your shoes in the entryway.,,
1682112895823,廊下,廊下[ろうか],ろうか,Noun,Hallway,"corridor, hallway, passageway",廊下を走らないでください。,Please don't run in the hallway.,,
1682281637776,曇り,曇[くも]り,くもり,Noun,Clouds,"cloudy weather, cloudiness",明日の天気は曇りです。,Tomorrow's weather will be cloudy.,,Existing back 'Clouds' corrected: 曇り means cloudy weather (clouds themselves are 雲).
1682281664726,雪,雪[ゆき],ゆき,Noun,Snow,"snow, snowfall",朝から雪が降っています。,It has been snowing since morning.,,
1682281710591,天気予報,天気予報[てんきよほう],てんきよほう,Noun,Weather Forecast,"weather forecast, weather report",天気予報によると、明日は雨です。,"According to the weather forecast, it will rain tomorrow.",,
1682281796796,気温,気温[きおん],きおん,Noun,Temperature (weather),air temperature (weather),今日は気温が高いですね。,"The temperature is high today, isn't it?",,
1682281890760,毎週,毎週[まいしゅう],まいしゅう,"Noun, Adverb",Every Week,every week,毎週日曜日にテニスをします。,I play tennis every Sunday.,,
1682281926924,今月,今月[こんげつ],こんげつ,"Noun, Adverb",This month,this month,今月はとても忙しいです。,I'm very busy this month.,,
1682281968505,来月,来月[らいげつ],らいげつ,"Noun, Adverb",Next month,next month,来月、京都に旅行します。,I'm taking a trip to Kyoto next month.,,
1682282003974,カメラ,カメラ,カメラ,Noun,Camera,camera,新しいカメラで写真を撮りました。,I took photos with my new camera.,,
1682282042116,カラオケ,カラオケ,カラオケ,Noun,Karaoke,karaoke,週末に友達とカラオケに行きました。,I went to karaoke with friends on the weekend.,,
1682282071342,所,所[ところ],ところ,Noun,Place,"place, spot, site; area, district",ここは静かでいい所ですね。,"This is a nice, quiet place, isn't it?",,
1682282092331,トマト,トマト,トマト,Noun,Tomato,tomato,サラダにトマトを入れます。,I put tomatoes in the salad.,,
1682282140350,お風呂,お 風呂[ふろ],おふろ,Noun,Bath,bath,お風呂のお湯が熱すぎます。,The bath water is too hot.,,
1682282171499,何か,何[なに]か,なにか,"Pronoun, Adverb",Something,"something, anything; somehow, for some reason",何か飲みたいですか？,Do you want something to drink?,,
1682282219800,上手な,上手[じょうず]な,じょうずな,Na-adjective,Skillful,"skilful, good at",姉は料理が上手な人です。,My older sister is good at cooking.,,
1682282244086,下手な,下手[へた]な,へたな,Na-adjective,"Clumsy, bad at...","unskilful, bad at, clumsy",私は下手な絵しか描けません。,I can only draw bad pictures.,,
1682282283444,有名な,有名[ゆうめい]な,ゆうめいな,Na-adjective,Famous,"famous, well-known",ここは有名なお寺です。,This is a famous temple.,,
1682282371578,遅くなる,遅[おそ]くなる,おそくなる,"Godan verb, Intransitive verb, Expression",To become late,"to be late, to be delayed; to get late",今日は帰りが遅くなります。,I'll be home late today.,,
1682282411512,お風呂に入る,お 風呂[ふろ]に 入[はい]る,おふろにはいる,"Godan verb, Intransitive verb, Expression",To have a bath,"to take a bath, to have a bath",毎晩寝る前にお風呂に入ります。,I take a bath every night before bed.,,
1682282448473,作る,作[つく]る,つくる,"Godan verb, Transitive verb",To make,"to make, to produce, to build; to prepare (food)",母は毎朝お弁当を作ります。,My mother makes a packed lunch every morning.,,
1682282553511,雨が降る・雪が降る,雨[あめ]が 降[ふ]る・ 雪[ゆき]が 降[ふ]る,あめがふる・ゆきがふる,"Godan verb, Intransitive verb, Expression",To rain / To snow,to rain / to snow,明日は雨が降るでしょう。,It will probably rain tomorrow.,,
1682282576378,切る,切[き]る,きる,"Godan verb, Transitive verb",To cut,to cut; to turn off (e.g. a light); to hang up (a phone),ナイフでパンを切ります。,I cut the bread with a knife.,,
1682282657249,捨てる,捨[す]てる,すてる,"Ichidan verb, Transitive verb",To throw away (discard),"to throw away, to discard; to abandon; to give up",古い服を捨てました。,I threw away my old clothes.,,
1682282682768,始める,始[はじ]める,はじめる,"Ichidan verb, Transitive verb, Auxiliary",to start; to begin; to commence; to initiate; to originate|to open (e.g. a store); to start up; to establish (business. etc.)  Transitive,"to start, to begin; to open (e.g. a store), to establish; to start ~ing",来月から日本語の勉強を始めます。,I will start studying Japanese next month.,,
1682282728617,運転する,運転[うんてん]する,うんてんする,"Suru verb, Transitive verb",To drive,to drive (a vehicle); to operate (a machine),父は毎日車を運転します。,My father drives a car every day.,,
1682282756688,選択する,洗濯[せんたく]する,せんたくする,"Suru verb, Transitive verb",To do laundry,"to do laundry, to wash (clothes)",日曜日に服を洗濯します。,I do the laundry on Sundays.,typo fix,Surface was 選択する (to choose); changed to 洗濯する to match the meaning 'to do laundry' (both read せんたく).
1682282783292,掃除する,掃除[そうじ]する,そうじする,"Suru verb, Transitive verb",To clean,"to clean, to sweep, to tidy up",週末に部屋を掃除します。,I clean my room on weekends.,,
1682282821396,料理する,料理[りょうり]する,りょうりする,"Suru verb, Transitive verb",To cook a meal,"to cook, to prepare a meal",夫は毎晩料理します。,My husband cooks every night.,,
1682282929680,残念ですね,残念[ざんねん]ですね,ざんねんですね,Expression,Thats too bad...,"that's too bad, what a shame",雨で中止ですか。残念ですね。,It's cancelled because of rain? That's too bad.,,
1682282980069,まだ,まだ,まだ,Adverb,Not yet,(not) yet; still; more,宿題はまだ終わっていません。,I haven't finished my homework yet.,,
1682283044480,~度,~ 度[ど],~ど,"Counter, Suffix",~degrees,"~ degrees (temperature, angle); ~ times",今日の気温は30度です。,Today's temperature is 30 degrees.,,
1682775365679,両親,両親[りょうしん],りょうしん,Noun,Parents,"parents, both parents",両親は大阪に住んでいます。,My parents live in Osaka.,,
1682801864319,なぜなら,なぜなら,なぜなら,Conjunction,Because (at start of sentence),"because, the reason is",今日は休みます。なぜなら熱があるからです。,I'm taking today off. That's because I have a fever.,,
1682801912878,小学生,小学生[しょうがくせい],しょうがくせい,Noun,Primary school student,"elementary school student, primary school student",弟はまだ小学生です。,My younger brother is still in primary school.,,
1682802151408,お世話する,お 世話[せわ]する,おせわする,"Suru verb, Transitive verb",To look after (e.g. kids),"to look after, to take care of",週末は姉の子供をお世話します。,I look after my sister's kids on weekends.,,
1683053892587,席,席[せき],せき,Noun,Seat,"seat; place (of a gathering); position, post",この席は空いていますか？,Is this seat free?,,
1683278416166,得意な,得意[とくい]な,とくいな,Na-adjective,To be comfortable doing,"good at, skilled in; one's strong point",兄は得意な料理を作ってくれました。,My older brother made me his best dish.,,Existing back 'to be comfortable doing' reworded: 得意な means good at / one's strong point.
1683278460357,苦手な,苦手[にがて]な,にがてな,Na-adjective,Bad at (not as bad as 下手な),"weak at, not good at; disliking",数学は苦手な科目です。,Maths is a subject I'm not good at.,,
1683531930908,単語,単語[たんご],たんご,"Noun, No-adjective","Word, Vocabulary","word, vocabulary",毎日新しい単語を十個覚えます。,I memorise ten new words every day.,,
1683531967020,作文,作文[さくぶん],さくぶん,"Noun, Suru verb","Essay, composition","essay, composition, writing",夏休みについて作文を書きました。,I wrote an essay about my summer vacation.,,
1683531993597,試験,試験[しけん],しけん,"Noun, Suru verb, Transitive verb",Exam,"exam, examination, test; trial, experiment",来週、日本語の試験があります。,I have a Japanese exam next week.,,
1683532010728,手紙,手紙[てがみ],てがみ,Noun,Letter,"letter, note, mail",祖母に手紙を書きました。,I wrote a letter to my grandmother.,,
1683532080709,メール,メール,メール,"Noun, Suru verb",e-mail,email; text message,後でメールを送りますね。,I'll send you an email later.,,
1683532098190,ギター,ギター,ギター,Noun,Guitar,guitar,兄はギターを弾くのが上手です。,My older brother is good at playing the guitar.,,
1683532120830,ピアノ,ピアノ,ピアノ,Noun,Piano,piano,子供の時、ピアノを習っていました。,I took piano lessons as a child.,,
1683532141408,コンサート,コンサート,コンサート,Noun,Concert,concert,昨日の夜、コンサートに行きました。,I went to a concert last night.,,
1683532190995,歌舞伎,歌舞伎[かぶき],かぶき,Noun,Kabuki innit,"kabuki, Japanese classical drama",東京で初めて歌舞伎を見ました。,I saw kabuki for the first time in Tokyo.,,
1683532240204,いい子,いい 子[こ],いいこ,"Noun, Expression",Good kid,"good boy, good girl, good kid",いい子だから、早く寝なさい。,Be a good kid and go to bed early.,,
1683532265834,色,色[いろ],いろ,Noun,Colour,"colour, hue; complexion; expression, look",好きな色は青です。,My favourite colour is blue.,,
1683532294886,今度,今度[こんど],こんど,"Noun, Adverb",Near future,"next time, another time; this time; recently",今度一緒に映画を見ましょう。,Let's watch a movie together next time.,,
1683532368514,黒い,黒[くろ]い,くろい,I-adjective,Black,black; dark,黒い猫が庭にいます。,There is a black cat in the garden.,,
1683532382406,白い,白[しろ]い,しろい,I-adjective,White,white,白いシャツを買いました。,I bought a white shirt.,,
1683532403126,寂しい,寂[さび]しい,さびしい,I-adjective,Lonely,"lonely, lonesome; desolate",一人で住むのは寂しいです。,Living alone is lonely.,,
1683532417177,若い,若[わか]い,わかい,I-adjective,Young,"young, youthful; immature",先生は思ったより若いです。,The teacher is younger than I thought.,,
1683532452814,意地悪な,意地悪[いじわる]な,いじわるな,Na-adjective,Mean-spirited,"mean, spiteful, nasty",彼はいつも意地悪なことを言います。,He always says mean things.,,
1683532540693,人気がある,人気[にんき]がある,にんきがある,"Godan verb, Intransitive verb, Expression",To be popular,to be popular,このラーメン屋は若い人に人気がある。,This ramen shop is popular with young people.,,
1683532623768,もらう,もらう,もらう,"Godan verb, Transitive verb, Auxiliary",To get/recieve from (person に),"to receive, to get (from someone); to have someone do ~",友達に誕生日のプレゼントをもらいました。,I got a birthday present from a friend.,,
1683532734692,運動する,運動[うんどう]する,うんどうする,"Suru verb, Intransitive verb",To exercise,"to exercise, to work out",健康のために毎日運動します。,I exercise every day for my health.,,
1683532770115,〜から,〜から,〜から,"Grammar pattern, Particle",from...,"from ~ (place, time); since ~",仕事は九時から始まります。,Work starts at nine.,,
1683532806694,〜まで,〜まで,〜まで,"Grammar pattern, Particle",to (place/time),"until ~, to ~ (place, time); as far as ~",駅まで歩いて十分です。,It's ten minutes on foot to the station.,,
1683532837188,是非,是非[ぜひ],ぜひ,"Noun, Adverb",By all means,"by all means, certainly, without fail; right and wrong",是非遊びに来てください。,Please do come and visit.,,
1683532857968,ところで,ところで,ところで,Conjunction,By the way...,"by the way, incidentally",ところで、昨日の試験はどうでしたか？,"By the way, how was yesterday's exam?",,
1683532875339,もう,もう,もう,"Adverb, Interjection",Already,"already; (not) anymore; another, more; soon",もう宿題は終わりました。,I've already finished my homework.,,
1684614979334,村,村[むら],むら,Noun,Village,village,祖父は小さな村に住んでいます。,My grandfather lives in a small village.,,
1684614998462,船,船[ふね],ふね,Noun,Boat,"ship, boat, vessel",船で島に行きました。,I went to the island by boat.,,
1684615423996,うみべ,海辺[うみべ],うみべ,"Noun, No-adjective",Beach / shore,"beach, seashore, seaside, coast",夏は海辺を散歩するのが好きです。,In summer I like walking along the seashore.,kana -> usual kanji spelling,Surface changed from うみべ to its usual kanji spelling 海辺.
1684683565190,休暇,休暇[きゅうか],きゅうか,Noun,holiday; day off; furlough; absence (from work),"holiday, vacation, day off; leave of absence (from work)",来週から一週間の休暇を取ります。,I'm taking a week's vacation from next week.,,
1684683746528,漬物,漬物[つけもの],つけもの,Noun,Tsukemono; Japanese pickled vegetables,"tsukemono, Japanese pickled vegetables",祖母が作る漬物はおいしいです。,The pickles my grandmother makes are delicious.,,
1684700501239,〜の方が,〜の 方[ほう]が,〜のほうが,Grammar pattern,More ... ( Than より),~ is more (than ...) (used with より),バスより電車の方が速いです。,The train is faster than the bus.,,
1684701196200,〜の中で,〜の 中[なか]で,〜のなかで,Grammar pattern,(list) ...of these items... For comparisons,"among ~, of all ~ (for comparisons)",果物の中で何が一番好きですか？,"Of all fruits, which do you like best?",,
1684702836760,最近,最近[さいきん],さいきん,"Noun, No-adjective, Adverb",Recently,"recently, lately, these days, nowadays",最近、よく眠れません。,I haven't been sleeping well lately.,,
1684916804907,紹介,紹介[しょうかい],しょうかい,"Noun, Suru verb, Transitive verb",Introduction; referral,"introduction, presentation; referral",友達に新しい店を紹介しました。,I introduced a new shop to my friend.,,
1684916869287,自己紹介,自己紹介[じこしょうかい],じこしょうかい,"Noun, Suru verb, Intransitive verb",Self-introduction,self-introduction,授業の最初に自己紹介をしました。,I gave a self-introduction at the start of class.,,
1685017296292,丸い,丸[まる]い,まるい,I-adjective,1: round; circular; spherical 2: harmonious; calm,"round, circular, spherical; harmonious, calm",丸いテーブルを買いました。,I bought a round table.,,
1685017799750,押す,押[お]す,おす,"Godan verb, Transitive verb",1: to push; to press 2: to apply pressure from above; to press down 3: to stamp (i.e. a passport); to apply a seal 4: to affix (e.g. gold leaf) 5: to press (someone for something); to urge; to compel; to influence…,"to push, to press; to press down; to stamp (a seal); to urge",このボタンを押してください。,Please press this button.,,
1685255074582,石鹸,石鹸[せっけん],せっけん,Noun,Soap 🧼,soap,石鹸で手を洗いましょう。,Let's wash our hands with soap.,,
1685632483149,返信,返信[へんしん],へんしん,"Noun, Suru verb, Intransitive verb",A reply (する verb),"reply, answer (e.g. to an email or letter)",メールの返信が遅くなってすみません。,Sorry for the late reply to your email.,,
1685652822317,季節,季節[きせつ],きせつ,"Noun, No-adjective",Season,"season, time of year",一番好きな季節は秋です。,My favourite season is autumn.,,
1685652888195,野球,野球[やきゅう],やきゅう,Noun,Baseball ⚾,baseball,日曜日に公園で野球をしました。,I played baseball in the park on Sunday.,,
1685652932604,お金持ち,お 金持[かねも]ち,おかねもち,Noun,Rich person 💰,"rich person, wealthy person",いつかお金持ちになりたいです。,I want to become rich someday.,,
1685652982116,顔,顔[かお],かお,Noun,1: face; visage 2: look; expression; countenance 3: honor; honour; face 4: influence; notoriety,"face; look, expression; honour, face; influence",朝起きて顔を洗います。,I get up in the morning and wash my face.,,
1685653051639,年上,年上[としうえ],としうえ,"Noun, No-adjective",Someone older,"older, senior; someone older",彼女は私より三歳年上です。,She is three years older than me.,,
1685653089904,新幹線,新幹線[しんかんせん],しんかんせん,Noun,Bullet train (very high speed); Shinkansen,"Shinkansen, bullet train",新幹線で京都に行きました。,I went to Kyoto by Shinkansen.,,
1685653137093,予約,予約[よやく],よやく,"Noun, Suru verb, Transitive verb",1: reservation; appointment; booking; advance order 2: contract; subscription; pledge,"reservation, booking, appointment; contract, subscription",レストランを予約しました。,I made a reservation at the restaurant.,,
1685653196203,美容院,美容院[びよういん],びよういん,Noun,Beauty parlour; beauty parlor; beauty salon; hairdressing salon,"beauty salon, hair salon, beauty parlor",明日、美容院に行きます。,I'm going to the hair salon tomorrow.,,
1685653235551,生活,生活[せいかつ],せいかつ,"Noun, Suru verb, Intransitive verb",Living; life (one's daily existence); livelihood,"living, life (one's daily existence), livelihood",東京の生活にもう慣れました。,I've already gotten used to life in Tokyo.,,
1685653306915,眠い,眠[ねむ]い,ねむい,I-adjective,Sleepy,"sleepy, drowsy",昨日あまり寝なかったので、眠いです。,"I didn't sleep much yesterday, so I'm sleepy.",,
1685653353926,決める,決[き]める,きめる,"Ichidan verb, Transitive verb",To decide,"to decide, to choose, to make up one's mind",昼ごはんはピザに決めた。,I decided on pizza for lunch.,,
1685653472124,歩いて,歩[ある]いて,あるいて,"Godan verb, Intransitive verb, Expression",On foot,"on foot, walking (te-form of 歩く)",毎日歩いて学校に行きます。,I go to school on foot every day.,,
1686087023687,何でも,何[なん]でも,なんでも,"Adverb, Expression",Anything,"anything, whatever, whatever one likes; I hear, they say",何でも好きなものを食べてください。,Please eat whatever you like.,,
1686087120175,誰でも,誰[だれ]でも,だれでも,"Pronoun, Expression",Anyone; anybody; everyone; everybody; whoever,"anyone, anybody, everyone, whoever",このゲームは誰でもできます。,Anyone can play this game.,,
1686087177431,何処か,何処[どこ]か,どこか,"Noun, Adverb, Expression",Somewhere; anywhere; in some respects,"somewhere, anywhere; in some respects",週末はどこか行きたいです。,I want to go somewhere this weekend.,,
1686087220241,何処にも,何処[どこ]にも,どこにも,Adverb,1: nowhere (with neg. verb); not anywhere 2: everywhere; anywhere; anyplace,"nowhere, not anywhere (with negative); everywhere, anywhere",昨日はどこにも行きませんでした。,I didn't go anywhere yesterday.,,
1686481127950,怠い,怠[だる]い,だるい,I-adjective,Meh... annoying .. sluggish; feel heavy; languid; dull,"sluggish, languid, listless, heavy; bothersome, tiresome, a pain",風邪で体がだるいです。,My body feels sluggish because of a cold.,,
1686514177187,取敢えず,取敢[とりあ]えず,とりあえず,Adverb,For starters.... at once; first of all; for the time being; for now,"first of all, for starters, at once; for now, for the time being",とりあえずビールをください。,"For starters, a beer please.",,
1686514219212,〜かな,〜かな,〜かな,"Grammar pattern, Particle",1: (at sentence end) I wonder 2: (at sentence end) should I?; is it? 3: (at sentence end) I wish that (with a negative); I hope that,"I wonder (at sentence end); should I?, is it?; I wish, I hope (with negative)",明日は晴れるかな。,I wonder if it will be sunny tomorrow.,,
1686514849329,〜と言えば,〜と 言[い]えば,〜といえば,"Expression, Grammar pattern",〜speaking of,"speaking of ~, talking of ~",夏といえば、やっぱりかき氷ですね。,"Speaking of summer, it has to be shaved ice.",,
1686514992000,〜ことがある,〜ことがある,〜ことがある,"Expression, Grammar pattern",The experience of 〜,"have (ever) done ~ (after past tense); there are times when ~, sometimes ~",日本に行ったことがあります。,I have been to Japan.,,
1686515057073,ジャーナルスト,ジャーナリスト,ジャーナリスト,Noun,Journalist,journalist,姉はジャーナリストとして働いています。,My older sister works as a journalist.,typo fix,Surface corrected from ジャーナルスト to ジャーナリスト.
1686515528534,頃,頃[ころ],ころ,"Noun, Adverb, Suffix",1: (approximate) time; around; about; toward,"(approximate) time, around, about; suitable time; season, time of year",子供の頃、よく川で泳ぎました。,"When I was a child, I often swam in the river.",,
1686515979884,釣,釣[つり],つり,Noun,Fishing 🦦,"fishing, angling",週末に父と釣りに行きました。,I went fishing with my dad on the weekend.,,Usually written 釣り (with okurigana); 釣 alone is a less common spelling.
1686516020976,湖,湖[みずうみ],みずうみ,Noun,Lake,lake,湖のそばでキャンプをしました。,We camped by the lake.,,
1686516115382,美術館,美術館[びじゅつかん],びじゅつかん,Noun,"Museum, gallery","art museum, art gallery",日曜日に美術館へ絵を見に行きました。,On Sunday I went to the art museum to see paintings.,,
1686516211454,将来,将来[しょうらい],しょうらい,"Noun, Adverb","Future (close, personal)","future (usually near or personal), prospects",将来、医者になりたいです。,"In the future, I want to become a doctor.",,
1686516246494,夢,夢[ゆめ],ゆめ,Noun,Dream,dream,昨日、怖い夢を見ました。,I had a scary dream last night.,,
1686516279780,お祭,お 祭[まつり],おまつり,Noun,Festival 🎎,"festival, feast, carnival",夏になると、町でお祭があります。,"In summer, there is a festival in town.",,
1686516467683,玩具,玩具[おもちゃ],おもちゃ,Noun,Toy,"toy, plaything",子供が新しいおもちゃで遊んでいます。,The child is playing with a new toy.,,
1686516937908,嘘をつく,嘘[うそ]をつく,うそをつく,"Godan verb, Expression",To tell a lie,"to tell a lie, to fib",嘘をつくのはよくないです。,It's not good to tell lies.,,
1686517001670,お腹がすく,お 腹[なか]がすく,おなかがすく,"Godan verb, Intransitive verb, Expression",to become hungry; to get an empty stomach,"to get hungry, to become hungry",お腹がすいたから、何か食べよう。,"I'm hungry, so let's eat something.",,
1686517049216,飼う,飼[か]う,かう,"Godan verb, Transitive verb",To own a pet or animal,"to keep (a pet or animal), to own, to raise",私は猫を二匹飼っています。,I have two cats.,,
1686517104886,サボる,サボる,サボる,"Godan verb, Intransitive verb","To be absent, truant","to skip (school, work), to play hooky, to be truant; to slack off",彼はよく授業をサボります。,He often skips class.,,
1686517251063,辞める,辞[や]める,やめる,"Ichidan verb, Transitive verb",To quit,"to quit, to resign, to leave (one's job, etc.), to retire",兄は先月会社を辞めました。,My older brother quit his company last month.,,
1686517298161,喧嘩,喧嘩[けんか],けんか,"Noun, Suru verb, Intransitive verb",A fight or quarrel,"fight, quarrel, argument, brawl",昨日、弟と喧嘩しました。,I had a fight with my younger brother yesterday.,,
1686517368861,遅刻,遅刻[ちこく],ちこく,"Noun, Suru verb, Intransitive verb",lateness; late coming,"lateness, being late, tardiness",電車が遅れて、会社に遅刻しました。,"The train was delayed, so I was late for work.",,
1686517457414,久しぶり,久[ひさ]しぶり,ひさしぶり,"Noun, Na-adjective, No-adjective",It's been a long time.,"a long time (since the last time), first in a long time; long time no see",久しぶりに友達に会いました。,I met my friend for the first time in a long time.,,
1686517652136,作家,作家[さっか],さっか,Noun,author; writer; novelist; artist,"author, writer, novelist; artist",好きな作家の新しい本を買いました。,I bought the new book by my favorite author.,,
1686517690626,俳優,俳優[はいゆう],はいゆう,"Noun, No-adjective",actor; actress; player; performer,"actor, actress, performer",あの俳優はとても有名です。,That actor is very famous.,,
1686517821488,警察官,警察官[けいさつかん],けいさつかん,Noun,Police officer 🚨🚓,"police officer, policeman, policewoman",警察官に道を聞きました。,I asked a police officer for directions.,,
1686517926960,シェフ,シェフ,シェフ,Noun,Chef,chef,このレストランのシェフはフランス人です。,The chef at this restaurant is French.,,
1686517963304,消防士,消防士[しょうぼうし],しょうぼうし,Noun,Firefighter 🚒,"firefighter, fireman",子供の頃、消防士になりたかった。,"When I was a child, I wanted to be a firefighter.",,
1686518007594,漫画家,漫画家[まんがか],まんがか,Noun,Manga artist,"manga artist, cartoonist, comic book artist",彼女は有名な漫画家です。,She is a famous manga artist.,,
1686518049706,教師,教師[きょうし],きょうし,"Noun, No-adjective",School teacher,"teacher (classroom), schoolteacher",母は高校の教師です。,My mother is a high school teacher.,,
1686518097536,研究者,研究者[けんきゅうしゃ],けんきゅうしゃ,Noun,Researcher,researcher,彼は大学で働く研究者です。,He is a researcher who works at a university.,,
1686518150920,宇宙飛行士,宇宙飛行士[うちゅうひこうし],うちゅうひこうし,Noun,Astronaut,astronaut,宇宙飛行士になるのが夢です。,My dream is to become an astronaut.,,
1686518215164,スポーツ選手,スポーツ 選手[せんしゅ],すぽーつせんしゅ,Noun,Athlete,"athlete, sports player",弟はスポーツ選手になりたいそうです。,My younger brother says he wants to become an athlete.,,
1686518270956,大統領,大統領[だいとうりょう],だいとうりょう,Noun,President (e.g. of America),president (of a nation),アメリカの大統領が日本に来ました。,The President of the United States came to Japan.,,
1687265317003,哲学,哲学[てつがく],てつがく,Noun,Philosophy,philosophy,大学で哲学を勉強しています。,I'm studying philosophy at university.,,
1687265414139,扇風機,扇風機[せんぷうき],せんぷうき,Noun,Electric Fan,electric fan,暑いので扇風機をつけました。,"It was hot, so I turned on the fan.",,
1687265457667,普通,普通[ふつう],ふつう,"Noun, Na-adjective, No-adjective, Adverb",1: general; ordinary; usual 2: normally; generally; usually,"normal, ordinary, usual, general; normally, usually, generally",日曜日は私にとって普通の日ではない。,Sunday is not an ordinary day for me.,,
1687265495510,浅い,浅[あさ]い,あさい,I-adjective,Shallow,"shallow, superficial; slight, light (sleep)",この川は浅いので、子供も遊べます。,"This river is shallow, so even children can play in it.",,
1687361389314,飴,飴[あめ],あめ,Noun,Hard Candy,"(hard) candy, toffee",のどが痛いので、飴をなめています。,"My throat hurts, so I'm sucking on a candy.",,
1687367709640,可也,可也[かなり],かなり,"Na-adjective, No-adjective, Adverb","Quite, considerably","quite, considerably, fairly",今朝はかなり寒かったので、マフラーをして出かけた。,"Since it was quite cold this morning, I went out wearing a scarf.",,
1687421568118,〜すぎる,〜すぎる,〜すぎる,"Ichidan verb, Grammar pattern, Suffix",Too much... (After masu stem),"too ~, too much ~, over- (after masu stem or adjective stem)",私は飲みすぎました。,I drank too much.,,
1687421864744,なるほど,なるほど,なるほど,"Adverb, Expression, Interjection",I see!,"I see, that makes sense; indeed",なるほど、そういうことですか。,"I see, so that's what it is.",,
1687422106445,思い出した,思[おも]い 出[だ]した,おもいだした,"Godan verb, Transitive verb, Expression",I remember now! (Informal),"I remember now, (I) remembered (past of 思い出す, informal)",あ、思い出した！あの人は田中さんだ。,"Oh, I remember now! That person is Mr. Tanaka.",,
1687422198036,ちなみに,ちなみに,ちなみに,Conjunction,By the way...,"by the way, incidentally",ちなみに、明日は休みです。,"By the way, tomorrow is a day off.",,
1687717390516,無くす,無[な]くす,なくす,"Godan verb, Transitive verb",(Transitive verb)  To lose something,"to lose (something), to mislay; to get rid of, to eliminate",電車で財布を無くしました。,I lost my wallet on the train.,,
1687808090532,無きゃいけない,無[な]きゃいけない,なきゃいけない,"Expression, Grammar pattern",1: cannot do without something; indispensable; absolutely necessary 2: (after negative base of verb) have to do,"have to, must (after negative verb stem); cannot do without, indispensable",もう帰らなきゃいけない。,I have to go home now.,,Usually written in kana as なきゃいけない; it is a casual contraction of なければいけない.
1687962791049,〜なけらばいけません,〜なければいけません,〜なければいけません,"Expression, Grammar pattern",Must do ~ (after negative),"must ~, have to ~ (after negative stem)",明日は早く起きなければいけません。,I have to get up early tomorrow.,typo fix,Surface corrected from 〜なけらばいけません to 〜なければいけません.
1688244578355,喉,喉[のど],のど,Noun,Throat,throat; singing voice,風邪で喉が痛いです。,My throat hurts because of a cold.,,
1688244602047,歯,歯[は],は,Noun,Tooth 🦷,tooth,寝る前に歯を磨きます。,I brush my teeth before going to bed.,,
1688244679971,咳,咳[せき],せき,Noun,Cough 😷,"cough, coughing",昨日から咳が止まりません。,My cough hasn't stopped since yesterday.,,
1688244726345,二日酔い,二日酔[ふつかよ]い,ふつかよい,"Noun, Suru verb, Intransitive verb",Hangover,hangover,昨日飲みすぎて、今日は二日酔いです。,"I drank too much yesterday, so I have a hangover today.",,
1688244836733,〜代,〜 代[だい],〜だい,Suffix,Charge/fee e.g. bus fee バス代,"charge, fee, cost (e.g. バス代 bus fare)",今月は電気代が高かった。,The electricity bill was high this month.,,
1688244924871,用事,用事[ようじ],ようじ,Noun,tasks; things to do; errand; business (to take care of); affairs; engagement,"errand, things to do, business (to take care of), tasks",今日は用事があるので、早く帰ります。,"I have some things to do today, so I'll go home early.",,
1688244964819,お手洗い,お 手洗[てあら]い,おてあらい,Noun,Restroom 🚻,"restroom, toilet, bathroom, lavatory",すみません、お手洗いはどこですか？,"Excuse me, where is the restroom?",,
1688245010608,試合,試合[しあい],しあい,"Noun, Suru verb, Intransitive verb",match; game; bout; contest,"match, game, bout, contest",明日、サッカーの試合があります。,There's a soccer match tomorrow.,,
1688245048867,政治,政治[せいじ],せいじ,Noun,Politics,"politics, government",私は政治にあまり興味がありません。,I'm not very interested in politics.,,
1688245079877,成績,成績[せいせき],せいせき,Noun,results; record; grades,"results, grades, marks, record",今学期は成績が上がりました。,My grades went up this semester.,,
1688245154047,多い,多[おお]い,おおい,I-adjective,"Many, numerous","many, numerous, a lot; frequent, common",この町は外国人が多いです。,There are many foreigners in this town.,,
1688245194459,素敵,素敵[すてき],すてき,Na-adjective,lovely; beautiful; great; fantastic; superb;,"lovely, wonderful, nice, great",素敵なワンピースですね。,That's a lovely dress.,,
1688245277644,熱,熱[ねつ],ねつ,"Noun, Suffix",Fever,"fever, temperature; heat; passion, enthusiasm, mania",熱があるので、今日は休みます。,"I have a fever, so I'm taking today off.",,
1688245319466,喉が渇く,喉[のど]が 渇[かわ]く,のどがかわく,"Godan verb, Intransitive verb, Expression",To become thirsty 🍻,"to be thirsty, to get thirsty",たくさん歩いて、喉が渇きました。,I walked a lot and got thirsty.,,
1688245370695,興味がある,興味[きょうみ]がある,きょうみがある,"Godan verb, Intransitive verb, Expression",To be interested in...,to be interested (in),日本の歴史に興味があります。,I'm interested in Japanese history.,,
1688245402724,払う,払[はら]う,はらう,"Godan verb, Transitive verb",To pay,"to pay (money, a bill); to brush off, to wipe away",カードで払ってもいいですか？,May I pay by card?,,
1688245509159,咳が出る,咳[せき]が 出[で]る,せきがでる,"Ichidan verb, Intransitive verb, Expression",To cough,"to cough, to have a cough",風邪をひいて、咳が出ます。,I caught a cold and I have a cough.,,
1688245555132,緊張する,緊張[きんちょう]する,きんちょうする,"Suru verb, Intransitive verb",To get nervous 😞,"to get nervous, to be tense",試験の前はいつも緊張します。,I always get nervous before exams.,,
1688245590537,別れる,別[わか]れる,わかれる,"Ichidan verb, Intransitive verb","To break up, to separate","to break up, to separate (of a couple); to part (from), to say goodbye",彼女は去年彼氏と別れました。,She broke up with her boyfriend last year.,,
1688245671716,心配する,心配[しんぱい]する,しんぱいする,"Suru verb, Transitive verb",To worry,"to worry, to be concerned (about)",母はいつも私のことを心配しています。,My mother always worries about me.,,
1688245739453,お大事に,お 大事[だいじ]に,おだいじに,Expression,Get well soon!,"get well soon, take care of yourself",風邪ですか。お大事に。,You have a cold? Get well soon.,,
1688245859857,出来るだけ,出来[でき]るだけ,できるだけ,"No-adjective, Adverb, Expression",as much as one can; as much as possible,"as much as possible, as much as one can, if at all possible",できるだけ毎日歩くようにしています。,I try to walk every day as much as possible.,,
1688246062224,もう直ぐ,もう 直[す]ぐ,もうすぐ,"Adverb, Expression","Very soon, in a few moments","soon, shortly, before long; nearly",もうすぐ夏休みです。,Summer vacation is coming soon.,,
1688246208117,其れに,其[そ]れに,それに,Conjunction,besides; moreover,"besides, moreover, in addition, also",この店は安いし、それにおいしいです。,"This shop is cheap, and besides, it's tasty.",,
1688278565521,全部,全部[ぜんぶ],ぜんぶ,"Noun, No-adjective, Adverb",all; entire; whole; altogether,"all, entire, whole, altogether",ケーキを全部食べてしまいました。,I ate the whole cake.,,
1688651553582,文章,文章[ぶんしょう],ぶんしょう,Noun,"Sentence, text, passage","text, writing, passage, composition; sentence",この文章の意味がわかりません。,I don't understand the meaning of this passage.,,文章 usually means a piece of writing or passage; a single sentence is normally 文.
1688903906488,ちゃんと,ちゃんと,ちゃんと,"Suru verb, Intransitive verb, Adverb",Properly. (Adverb),"properly, perfectly, exactly; diligently, seriously; sufficiently",ちゃんと食べてください。,Please eat properly.,,
1688983487686,向かう,向[む]かう,むかう,"Godan verb, Intransitive verb",1: to face 2: to go towards,"to face; to go towards, to head towards",今、駅に向かっています。,I'm heading to the station now.,,
1688983602525,着く,着[つ]く,つく,"Godan verb, Intransitive verb",1: to arrive at; to reach 2: to sit on; to sit at (e.g. the table),"to arrive at, to reach; to sit at (e.g. a table)",何時に空港に着きますか？,What time will you arrive at the airport?,,
1688983780997,汗をかく,汗[あせ]をかく,あせをかく,"Godan verb, Expression",To sweat,"to sweat, to perspire",暑くて、たくさん汗をかきました。,"It was hot, and I sweated a lot.",,
1688984016531,園,園[えん],えん,"Noun, Suffix",1: garden (esp. man-made); orchard; park; plantation 2: place; location,"garden, park, orchard, plantation; place, location",週末に動物園へ行きました。,I went to the zoo on the weekend.,,Read えん mainly as a suffix (e.g. 動物園); as a standalone noun it is usually read その.
1688984082717,種類,種類[しゅるい],しゅるい,"Noun, Counter",1: variety; kind; type; category 2: counter for different sorts of things,"variety, kind, type, category; counter for kinds",この店にはいろいろな種類のパンがあります。,This shop has many kinds of bread.,,
1688984126773,キノコ,キノコ,キノコ,Noun,Mushroom 🍄,mushroom,森でキノコを見つけました。,I found mushrooms in the forest.,,
1688984459455,誘う,誘[さそ]う,さそう,"Godan verb, Transitive verb",1: to invite; to ask; to call (for) 2: to tempt; to lure; to induce,"to invite, to ask (someone to do); to tempt, to lure",また、みちこさんを誘おう。,Let's invite Michiko again.,,"Existing English said ""too""; また here means ""again"" (""too"" would be も)."
1688997481578,前回,前回[ぜんかい],ぜんかい,"Noun, Adverb",previous time; last time; previous installment; previous instalment; previous session,"last time, previous time; previous installment, previous session",前回の授業で何を習いましたか？,What did we learn in the last class?,,
1688997654059,予定,予定[よてい],よてい,"Noun, Suru verb, Transitive verb","Plans, arrangements","plans, arrangements, schedule",週末の予定はありますか？,Do you have any plans for the weekend?,,
1688997704596,見せる,見[み]せる,みせる,"Ichidan verb, Transitive verb","To show, to display","to show, to display",その写真を見せてください。,Please show me that photo.,,
1688999762141,回転寿司,回転寿司[かいてんずし],かいてんずし,Noun,conveyor belt sushi  sushi-go-round  sushi train  kaiten-zushi,"conveyor belt sushi, sushi train, kaiten-zushi",家族と回転寿司を食べに行きました。,I went to eat conveyor belt sushi with my family.,,
1689082314586,リス,リス,リス,Noun,Squirrel 🐿️,squirrel,公園でリスを見ました。,I saw a squirrel in the park.,,
1689101653472,鐘,鐘[かね],かね,Noun,bell (often a large hanging bell)  chime,"bell (often a large hanging bell), chime",お寺の鐘が鳴っています。,The temple bell is ringing.,,
1689101807669,海老,海老[えび],えび,Noun,prawn  shrimp  lobster  crayfish,"shrimp, prawn, lobster, crayfish",海老の天ぷらが大好きです。,I love shrimp tempura.,,
1689101966617,お湯,お 湯[ゆ],おゆ,Noun,hot water  hot bath,hot water; hot bath,お湯を沸かしてお茶を入れました。,I boiled water and made tea.,,
1689102097960,真っ赤,真[ま]っ 赤[か],まっか,"Noun, Na-adjective",bright red  deep red  flushed (of face)      downright (e.g. lie)  complete  utter,"bright red, deep red, flushed (of face); downright (lie), complete",恥ずかしくて顔が真っ赤になった。,I was so embarrassed my face turned bright red.,,
1689102286239,お釣り,お 釣[つ]り,おつり,Noun,change (for a purchase),change (from a purchase),お釣りは500円です。,Your change is 500 yen.,,
1689103328351,毎回,毎回[まいかい],まいかい,"Noun, Adverb",every time  each round,"every time, each round",彼は毎回遅れて来ます。,He comes late every time.,,
1689192011869,一回,一回[いっかい],いっかい,"Noun, Adverb",once  one time  one round  one game  one bout  one heat  one inning,"once, one time; one round, one game, one inning",もう一回言ってください。,Please say it one more time.,,
1689192107115,蒸し暑い,蒸[む]し 暑[あつ]い,むしあつい,I-adjective,humid  sultry,"humid, sultry, muggy",今日はとても蒸し暑いですね。,"It's really humid today, isn't it?",,
1689192203526,現代的,現代的[げんだいてき],げんだいてき,Na-adjective,modernistic,"modern, modernistic, contemporary",このビルはとても現代的です。,This building is very modern.,,
1689192637719,兎,兎[うさぎ],うさぎ,Noun,rabbit  hare,"rabbit, hare",あそこにウサギがいます。,There is a rabbit over there.,,
1689192684748,自然,自然[しぜん],しぜん,"Noun, Na-adjective, Adverb",nature    natural  spontaneous  automatic      naturally  spontaneously  automatically,"nature; natural, spontaneous, automatic; naturally, spontaneously, automatically",この町は自然が豊かです。,This town is rich in nature.,,
1689192724901,庭園,庭園[ていえん],ていえん,Noun,garden  park,"garden, park",京都で古い庭園を見ました。,I saw an old garden in Kyoto.,,
1689192764921,舌,舌[した],した,Noun,tongue,tongue,熱いスープで舌をやけどしました。,I burned my tongue on the hot soup.,,
1689192844747,星,星[ほし],ほし,Noun,Star,"star, planet, heavenly body; star (shape, symbol); star (celebrity)",今夜は星がよく見えます。,You can see the stars well tonight.,,
1689330808112,虹,虹[にじ],にじ,Noun,Rainbow 🌈,rainbow,雨のあとで空に虹が出ました。,A rainbow appeared in the sky after the rain.,,
1689534097231,見つける,見[み]つける,みつける,"Ichidan verb, Transitive verb",to discover  to find (e.g. an error in a book)  to come across  to detect  to spot      to locate  to find (e.g. something missing)  to find fault      to be used to seeing  to be familiar with,"to find, to discover, to come across, to spot; to locate, to find (something missing); to be used to seeing",やっと鍵を見つけました。,I finally found my key.,,
1689534335031,宇宙,宇宙[うちゅう],うちゅう,Noun,universe  cosmos  space,"universe, cosmos, (outer) space",いつか宇宙に行ってみたいです。,I'd like to go to space someday.,,
1689534562481,行ってらっしゃい,行[い]ってらっしゃい,いってらっしゃい,"Expression, Interjection",have a good day  take care  see you,"have a good day, take care, see you (said to someone leaving)",気をつけていってらっしゃい。,"Take care, and have a good day.",,
1689534570157,行ってきます,行[い]ってきます,いってきます,Expression,I'm off  see you later,"I'm off, see you later (said when leaving)",じゃあ、学校に行ってきます。,"Well then, I'm off to school.",,
1689534612128,団栗,団栗[どんぐり],どんぐり,Noun,acorn,acorn,公園でどんぐりを拾いました。,I picked up acorns in the park.,,
1689534751830,虫,虫[むし],むし,Noun,insect  bug  cricket  moth      worm  roundworm      one's emotions  one's feelings      nervousness  fretfulness      person devoted to one thing  single-minded person    valve core  mushi (type of game played with a stripped deck),"insect, bug; worm; one's feelings, one's emotions; nervousness, fretfulness",部屋に小さい虫がいます。,There's a small bug in the room.,,
1689534841080,近所の人 隣の人,近所[きんじょ]の 人隣[ひととなり]の 人[ひと],きんじょのひととなりのひと,"Noun, Expression",neighbors  neighbours,"people in the neighbourhood, neighbours; next-door neighbour",近所の人も隣の人もみんな親切です。,The people in the neighbourhood and next door are all kind.,,This card seems to merge two phrases (近所の人 'neighbours' and 隣の人 'next-door neighbour'); consider splitting it.
1689535138111,数える,数[かぞ]える,かぞえる,"Ichidan verb, Transitive verb",to count  to enumerate,"to count, to enumerate",寝る前に羊を数えました。,I counted sheep before going to sleep.,,
1689535772082,方法,方法[ほうほう],ほうほう,Noun,method  process  manner  way  means  technique,"method, way, means, technique",いい勉強の方法を教えてください。,Please tell me a good way to study.,,
1689535787130,目を閉じる,目[め]を 閉[と]じる,めをとじる,"Ichidan verb, Transitive verb, Expression",to close one's eyes  to lower one's eyelids  to shut one's eyes      to die  to breathe one's last,"to close one's eyes, to shut one's eyes; to die, to breathe one's last",目を閉じて、ゆっくり休んでください。,Close your eyes and rest slowly.,,
1689535804056,羊,羊[ひつじ],ひつじ,Noun,sheep (Ovis aries),sheep,牧場に羊がたくさんいます。,There are lots of sheep on the farm.,,
1689535831606,想像,想像[そうぞう],そうぞう,"Noun, Suru verb, Transitive verb, No-adjective",imagination  guess,"imagination, guess",十年後の自分を想像してみてください。,Try to imagine yourself ten years from now.,,
1689536065705,会場,会場[かいじょう],かいじょう,Noun,assembly hall  meeting place  venue  grounds,"venue, meeting place, assembly hall, grounds",コンサートの会場はもう人でいっぱいです。,The concert venue is already full of people.,,
1689536089053,形,形[かたち],かたち,Noun,form  shape  figure    visage,"form, shape, figure; looks, visage",この雲は魚の形をしています。,This cloud is shaped like a fish.,,
1689536129852,コンセプト,コンセプト,コンセプト,Noun,concept  general idea  notion      intention  aim  design  philosophy  plan  plot  theme,"concept, general idea, notion; aim, design, philosophy; theme",この店のコンセプトは「和」です。,"This shop's concept is ""Japanese style"".",,
1689536535309,敵,敵[てき],てき,Noun,opponent  rival  adversary      menace  danger  threat  enemy,"enemy, opponent, rival, adversary; menace, threat, danger",彼は敵ではなく友達です。,"He's not an enemy, he's a friend.",,
1689536576408,負ける,負[ま]ける,まける,"Ichidan verb, Intransitive verb",To lose; to be defeated,"to lose, to be defeated; to give in, to succumb, to yield",昨日の試合で負けました。,We lost yesterday's match.,,
1689536722960,幽霊,幽霊[ゆうれい],ゆうれい,Noun,ghost  specter  spectre  apparition  phantom,"ghost, specter, apparition, phantom",あの古い家には幽霊が出るそうです。,They say a ghost appears in that old house.,,
1689536869362,涙,涙[なみだ],なみだ,Noun,tear  tears  lachrymal secretion    sympathy,"tears, tear; sympathy",映画を見て涙が出ました。,I cried watching the movie.,,
1689617370991,投げる,投[な]げる,なげる,"Ichidan verb, Transitive verb",To throw (🏀⚾🏈),"to throw, to hurl, to fling, to toss; to give up, to abandon",ボールを投げてください。,Please throw the ball.,,
1689855135484,戦い,戦[たたか]い,たたかい,Noun,battle  fight  struggle  conflict,"battle, fight, struggle, conflict",病気との戦いは長かったです。,The fight against the illness was long.,,
1689855192333,シェア,シェア,シェア,"Noun, Suru verb, Transitive verb",sharing  share (on social media),"sharing, share (on social media); market share",旅行の写真をSNSでシェアしました。,I shared my travel photos on social media.,,
1689855254328,観光客,観光客[かんこうきゃく],かんこうきゃく,Noun,tourist,tourist,京都はいつも観光客が多いです。,Kyoto always has a lot of tourists.,,
1689855273653,平和,平和[へいわ],へいわ,"Noun, Na-adjective",peace  harmony,"peace, harmony; peaceful",世界が平和になってほしいです。,I want the world to be at peace.,,
1689855289825,音,音[おと],おと,Noun,sound  noise  report    note  fame,"sound, noise; note (of an instrument)",外から変な音が聞こえます。,I can hear a strange sound from outside.,,
1689855367476,首都,首都[しゅと],しゅと,"Noun, No-adjective",capital city  metropolis,"capital city, metropolis",日本の首都は東京です。,The capital of Japan is Tokyo.,,
1689855385348,雷,雷[かみなり],かみなり,Noun,lightning  thunder  thunderbolt      god of thunder  god of lightning      anger  fit of anger,"thunder, lightning, thunderbolt; god of thunder; fit of anger, scolding",夜中に雷が鳴りました。,Thunder rumbled in the middle of the night.,,
1689855480875,持ってくる,持[も]ってくる,もってくる,"Irregular verb, Transitive verb, Expression",to bring  to take (something) along  to fetch  to get,"to bring, to take (something) along, to fetch, to get",明日、傘を持ってくるのを忘れないでね。,Don't forget to bring an umbrella tomorrow.,,
1690113103483,連れ,連[つ]れ,つれ,Noun,"Company, companion","companion, company",連れがもうすぐ来ます。,My companion will be here soon.,,
1690324456356,制服,制服[せいふく],せいふく,Noun,Uniform 🥋,uniform,この学校の制服はかわいいです。,This school's uniform is cute.,,
1690367797389,芝生,芝生[しばふ],しばふ,Noun,lawn  grass,"lawn, grass",芝生の上で昼ご飯を食べました。,We ate lunch on the lawn.,,
1690367846260,会議,会議[かいぎ],かいぎ,"Noun, Suru verb, Intransitive verb, No-adjective",meeting  conference  session  assembly  council  convention  congress,"meeting, conference, session, assembly",午後3時から会議があります。,There's a meeting from 3 p.m.,,
1690367867904,最初,最初[さいしょ],さいしょ,"Noun, No-adjective, Adverb",beginning  outset  first  onset,"beginning, outset, first, onset",最初は日本語が難しかったです。,"At first, Japanese was difficult.",,
1690367906135,一日中,一日中[いちにちじゅう],いちにちじゅう,"Noun, Adverb",all day long  all the day  throughout the day,"all day long, throughout the day",昨日は一日中雨でした。,It rained all day yesterday.,,
1690367942055,必要な,必要[ひつよう]な,ひつような,Na-adjective,necessary  needed  essential  indispensable      necessity  need  requirement,"necessary, needed, essential, indispensable",旅行に必要な物を買いました。,I bought the things I need for the trip.,,
1690745567528,ぴったり,ぴったり,ぴったり,"Suru verb, Intransitive verb, Na-adjective, Adverb",1: tightly; closely 2: exactly; precisely 3: suddenly (stopping) 4: perfectly (suited); ideally,"tightly, closely; exactly, precisely; suddenly (stopping); perfectly (suited), ideally",このくつは私の足にぴったりです。,These shoes fit my feet perfectly.,,
1690817116828,何でもないです,何[なん]でもないです,なんでもないです,Expression,Its nothing. easy; trifling; harmless; of no concern; nothing,"it's nothing, it's no big deal, never mind",大丈夫、何でもないです。,"I'm fine, it's nothing.",,
1690886905842,緑茶,緑茶[りょくちゃ],りょくちゃ,Noun,green tea  Japanese tea,"green tea, Japanese tea",毎朝、緑茶を飲みます。,I drink green tea every morning.,,
1690887103110,秒,秒[びょう],びょう,"Noun, Counter",second (unit of time)  arc second,second (unit of time); arc second,あと10秒で始まります。,It starts in 10 more seconds.,,
1690887320188,元気が出る,元気[げんき]が 出[で]る,げんきがでる,"Ichidan verb, Intransitive verb, Expression",to feel uplifted  to be cheered up  to hearten  to be inspired  to be energized,"to feel uplifted, to be cheered up, to be inspired, to be energized",この歌を聞くと元気が出ます。,Listening to this song cheers me up.,,
1690887365735,畳む,畳[たた]む,たたむ,"Godan verb, Transitive verb","to fold (clothes, umbrella)  to close (a shop, business)  to vacate","to fold (clothes, umbrella); to close (a shop, business); to vacate",洗濯物を畳んでください。,Please fold the laundry.,,
1690887491414,噛む,噛[か]む,かむ,"Godan verb, Transitive verb","to bite    to chew  to gnaw  to masticate      to fumble one's words (esp. during a play, broadcast, etc.)  to falter with one's words  to stutter  to stammer      to crash against (e.g. of waves)  to break onto (shore)      to engage (of cogs, zippers, etc.)  to mesh  to fit together    to be invol","to bite; to chew, to gnaw; to fumble one's words, to stutter; to be involved in",犬に手を噛まれました。,I was bitten on the hand by a dog.,,
1691013511360,環境,環境[かんきょう],かんきょう,"Noun, No-adjective",environment  circumstance,"environment, circumstance",ここは勉強にいい環境です。,This is a good environment for studying.,,
1691013535431,政府,政府[せいふ],せいふ,Noun,government  administration,"government, administration",政府は新しい法律を作りました。,The government made a new law.,,
1691013579705,税金,税金[ぜいきん],ぜいきん,Noun,tax  duty,"tax, duty",毎年、税金を払います。,I pay taxes every year.,,
1691013607230,信用,信用[しんよう],しんよう,"Noun, Suru verb, Transitive verb",confidence  trust  faith  reputation    credit (finance),"trust, confidence, faith, reputation; credit (finance)",私は彼の言葉を信用しています。,I trust his words.,,
1691319398321,呉れる,呉[く]れる,くれる,"Ichidan verb, Transitive verb, Auxiliary",to get; to do for one; to be given. To do for someone else (ni marks recipient),"to give (to me or us), to let (one) have; (after -te form) to do for one, to take the trouble to do",姉が誕生日にケーキを呉れました。,My older sister gave me a cake for my birthday.,,Previous back said 'to get' / 'to be given'; くれる means someone gives to me or my in-group. Note it is usually written in kana.
1692559361380,育てる,育[そだ]てる,そだてる,"Ichidan verb, Transitive verb","To raise, to rear (e.g. children, plants)","to raise, to rear, to bring up; to train, to educate; to foster, to nurture",母は花を育てるのが好きです。,My mother likes growing flowers.,,
1692675479860,合格,合格[ごうかく],ごうかく,"Noun, Suru verb, Intransitive verb",success; passing (e.g. exam); eligibility,"passing (an exam), success; eligibility",弟は大学の試験に合格しました。,My younger brother passed the university exam.,,
1693477601294,蹴る,蹴[け]る,ける,"Godan verb, Transitive verb",To kick 🦵,"to kick; to refuse, to reject",子どもたちがボールを蹴っています。,The children are kicking a ball.,,
1694637714356,崖,崖[がけ],がけ,Noun,cliff  precipice      precipice  brink of a dangerous situation,"cliff, precipice; brink (of a dangerous situation)",崖の近くは危ないです。,It's dangerous near the cliff.,,
1694637789192,2週目,2 週目[しゅうめ],2しゅうめ,Noun,The second week,the second week,旅行の2週目は京都に行きました。,In the second week of the trip I went to Kyoto.,,
1694637822391,少しずつ,少[すこ]しずつ,すこしずつ,Adverb,Gradually,"little by little, gradually, bit by bit",日本語が少しずつ上手になっています。,My Japanese is getting better little by little.,,
1694637903203,~  やすい,~やすい,~やすい,"Grammar pattern, Suffix",easy to... use after verb stem.,easy to ~ (after verb stem),この単語は覚えやすいです。,This word is easy to remember.,,
1694637939667,~  にくい,~にくい,~にくい,"Grammar pattern, Suffix",Difficult to... (use after verb stem),"difficult to ~, hard to ~ (after verb stem)",この字は小さくて読みにくいです。,These letters are small and hard to read.,,
1694637992331,現実逃避,現実逃避[げんじつとうひ],げんじつとうひ,Noun,escape from reality  escapism  ostrichism,"escape from reality, escapism",テスト前にゲームをするのは現実逃避です。,Playing games before a test is escapism.,,
1694638019184,読書,読書[どくしょ],どくしょ,"Noun, Suru verb, Intransitive verb",reading (books),reading (books),私の趣味は読書です。,My hobby is reading.,,
1694638475216,Verb stem + たがっています,Verb stem + たがっています,Verbstem+たがっています,"Expression, Grammar pattern",(someone else) wants to ~,"(someone else) wants to ~, is eager to ~ (after verb stem)",弟は日本に行きたがっています。,My younger brother wants to go to Japan.,,
1695375260977,珍しい,珍[めずら]しい,めずらしい,I-adjective,unusual  rare  curious      new  novel    fine (e.g. gift),"unusual, rare, curious; new, novel",今日は珍しく早く起きました。,"Unusually, I got up early today.",,
1695375348473,9月の最後,9 月[がつ]の 最後[さいご],9がつのさいご,"Noun, Expression",The end of September,the end of September,9月の最後に引っ越します。,I'm moving at the end of September.,,
1695375364481,紅葉,紅葉[もみじ],もみじ,Noun,"autumn colours  fall colors  leaves changing color (colour)    (Japanese) maple (Acer japonicum)  venison  layered colors in garments, resembling autumn colors","autumn leaves, autumn colours, red leaves; (Japanese) maple",秋になると山の紅葉がきれいです。,In autumn the autumn leaves in the mountains are beautiful.,,"紅葉 is also read こうよう (leaves changing colour, used with する); もみじ is the reading for maple and red leaves."
1695375384449,変わる,変[か]わる,かわる,"Godan verb, Intransitive verb",to change  to be transformed  to be altered  to vary    to move to    to be different  to be uncommon  to be unusual,"to change, to be transformed, to vary; to move (to); to be different, to be unusual",この町はずいぶん変わりました。,This town has changed a lot.,,
1695375416473,毒,毒[どく],どく,Noun,poison  toxicant      harm  evil influence      ill will  spite  malice    abusive language,"poison, toxicant; harm, evil influence; ill will, spite, malice",このキノコには毒があります。,This mushroom is poisonous.,,
1695375447923,パワー,パワー,パワー,Noun,power,power,このエンジンはパワーがあります。,This engine is powerful.,,
1695375468970,周り,周[まわ]り,まわり,Noun,surroundings  neighbourhood  vicinity       people surrounding oneself  surrounding circumstances,"surroundings, neighbourhood, vicinity; people around one; circumference",家の周りはとても静かです。,The area around my house is very quiet.,,
1695375515624,頼む,頼[たの]む,たのむ,"Godan verb, Transitive verb",to request  to beg  to ask,"to request, to ask, to beg; to order, to reserve; to entrust to; to rely on",友達に手伝いを頼みました。,I asked my friend for help.,,
1695386818490,魔法使い,魔法使[まほうつか]い,まほうつかい,Noun,magician  wizard  sorcerer  witch,"wizard, magician, sorcerer, witch",この本には悪い魔法使いが出てきます。,An evil wizard appears in this book.,,
1695387139434,怒る,怒[おこ]る,おこる,"Godan verb, Transitive verb, Intransitive verb",to get angry  to get mad      to tell someone off  to scold,"to get angry, to get mad; to tell someone off, to scold",父はすぐ怒ります。,My father gets angry easily.,,
1695387373456,よし,よし,よし,Interjection,alright  all right  right on  looking good  OK  okay,"alright, OK, okay, right",よし、始めよう。,"Alright, let's begin.",,
1695387475857,森,森[もり],もり,Noun,forest  shrine grove,"forest, woods; shrine grove",森の中を散歩しました。,I took a walk in the forest.,,
1695387481329,妖精,妖精[ようせい],ようせい,"Noun, No-adjective",fairy  sprite  elf,"fairy, sprite, elf",この森には妖精がいるそうです。,They say there are fairies in this forest.,,
1695897998843,自由に,自由[じゆう]に,じゆうに,Adverb,freely  at liberty  at will  as one likes,"freely, at liberty, at will, as one likes",この部屋は自由に使ってください。,Please feel free to use this room.,,
1695898019725,触る,触[さわ]る,さわる,"Godan verb, Transitive verb, Intransitive verb",to touch  to feel      to get involved (with)  to approach      to be harmful to  to hinder  to interfere with  to irritate,"to touch, to feel; to get involved (with); to be harmful to, to irritate",作品に触らないでください。,Please don't touch the artwork.,,
1695898061844,安全,安全[あんぜん],あんぜん,"Noun, Na-adjective",safety  security,"safety, security; safe",この町は夜も安全です。,This town is safe even at night.,,
1695898080192,守る,守[まも]る,まもる,"Godan verb, Transitive verb",to protect  to guard  to defend      to keep (i.e. a promise)  to abide (by the rules)  to observe  to obey  to follow,"to protect, to guard, to defend; to keep (a promise), to obey, to follow (rules)",子どもを守るのは親の仕事です。,Protecting children is a parent's job.,,
1695898131786,説明,説明[せつめい],せつめい,"Noun, Suru verb, Transitive verb, No-adjective",explanation  exposition,"explanation, exposition",先生が文法を説明してくれました。,The teacher explained the grammar to us.,,
1695898159182,ウニ,ウニ,ウニ,Noun,sea urchin  seasoned sea urchin eggs,sea urchin; seasoned sea urchin roe,お寿司屋さんでウニを食べました。,I ate sea urchin at a sushi restaurant.,,
1695898180779,高級な,高級[こうきゅう]な,こうきゅうな,Na-adjective,high class  high grade      high rank  seniority,"high-class, high-grade, luxury, upscale",高級なレストランで食事しました。,I had a meal at an upscale restaurant.,,Existing reading was missing the final な (こうきゅう); corrected to こうきゅうな.
1695898339091,為に,為[ため]に,ために,"Expression, Conjunction",for  for the sake of  to one's advantage  in favor of    e.g. 長男の為に for my son,"for, for the sake of, in favor of; because of, as a result of",家族のために毎日働いています。,I work every day for my family.,,
1695898609148,叩く,叩[たた]く,たたく,"Godan verb, Transitive verb",to strike  to clap  to knock  to beat  to tap  to pat    to play drums    to abuse  to bash  to flame (e.g. on the Internet)  to insult      to consult  to sound out      to brag  to talk big      to call  to invoke (e.g. a function),"to hit, to strike, to knock, to beat; to clap, to tap, to pat; to play (drums); to bash, to criticize",誰かがドアを叩いています。,Someone is knocking on the door.,,
1695899311436,お会計,お 会計[かいけい],おかいけい,Noun,bill (at a restaurant)  check,"bill (at a restaurant), check",すみません、お会計をお願いします。,"Excuse me, the bill, please.",,
1695899656138,おめでとう御座います,おめでとう 御座[ござ]います,おめでとうございます,Expression,congratulations,congratulations,お誕生日おめでとうございます。,Happy birthday.,,
1696189423553,蝶々,蝶々[ちょうちょう],ちょうちょう,Noun,butterfly,butterfly,庭に蝶々が飛んでいます。,Butterflies are flying in the garden.,,
1696190140280,気を付けて,気[き]を 付[つ]けて,きをつけて,Expression,take care  be careful,"take care, be careful",気を付けて帰ってください。,Take care on your way home.,,
1696190940782,怪我,怪我[けが],けが,"Noun, Suru verb, Intransitive verb",injury (to animate object)  hurt,"injury, hurt, wound",サッカーで足に怪我をしました。,I injured my leg playing soccer.,,
1696273510584,気長,気長[きなが],きなが,Na-adjective,patient  unhurried  leisurely,"patient, unhurried, leisurely",気長に待ちましょう。,Let's wait patiently.,,
1696273696777,感じる,感[かん]じる,かんじる,"Ichidan verb, Transitive verb",to feel  to sense  to experience,"to feel, to sense, to experience",朝は少し寒さを感じます。,I feel a little cold in the mornings.,,
1696274026830,呑気な,呑気[のんき]な,のんきな,Na-adjective,carefree  optimistic  careless  reckless  heedless  happy-go-lucky  easygoing  thoughtless,"carefree, easygoing, happy-go-lucky; careless, thoughtless",兄は呑気な性格です。,My older brother has a carefree personality.,,
1696275815542,お疲れさま,お 疲[つか]れさま,おつかれさま,Expression,thank you  many thanks  much appreciated    that's enough for today,"thank you for your hard work, good work; see you, goodbye (to colleagues)",今日もお疲れさまでした。,Thanks for your hard work today too.,,Previous back ('thank you; that's enough for today') was imprecise; it's said to acknowledge someone's effort or when parting from colleagues.
1696505707791,変わりやすい,変[か]わりやすい,かわりやすい,I-adjective,changeable  unsettled  inconstant  fickle (e.g. weather),"changeable, unsettled, inconstant, fickle",山の天気は変わりやすいです。,Mountain weather is changeable.,,
1696505727140,昨晩,昨晩[さくばん],さくばん,"Noun, Adverb",yesterday evening,"last night, yesterday evening",昨晩はよく眠れましたか？,Did you sleep well last night?,,
1696505746012,幼稚園,幼稚園[ようちえん],ようちえん,Noun,kindergarten,kindergarten,娘は幼稚園に通っています。,My daughter goes to kindergarten.,,
1696505760559,幼稚,幼稚[ようち],ようち,"Noun, Na-adjective",infancy    childish  infantile  immature  primitive,"childish, infantile, immature, primitive; infancy",彼の考え方は幼稚だ。,His way of thinking is childish.,,
1696505796779,態度,態度[たいど],たいど,Noun,"attitude  manner  behaviour  demeanour  bearing      attitude (towards an issue, etc.)  position  stance  stand","attitude, manner, behaviour, demeanour; stance, position, stand",店員の態度が悪かった。,The shop assistant's attitude was bad.,,
1696505836985,魔の二歳児,魔[ま]の 二歳児[にさいじ],まのにさいじ,"Noun, Expression",(child in the) terrible twos,(child in the) terrible twos,息子は今、魔の二歳児です。,My son is in the terrible twos right now.,,
1696505881757,正直な,正直[しょうじき]な,しょうじきな,Na-adjective,honest  frank  candid  straightforward      honestly  frankly,"honest, frank, candid, straightforward",彼はとても正直な人です。,He is a very honest person.,,
1696505900974,宗教,宗教[しゅうきょう],しゅうきょう,Noun,religion  religious affiliation  belief  faith  creed    religious activity,"religion, belief, faith; religious activity",日本にはいろいろな宗教があります。,There are various religions in Japan.,,
1696506024853,だろう,だろう,だろう,"Expression, Auxiliary",seems  I think  I guess  I hope        don't you agree?    short form of でしょう,"probably, I think, I guess; right?, don't you agree?",明日は雨が降るだろう。,It will probably rain tomorrow.,,
1696590466411,遊園地,遊園地[ゆうえんち],ゆうえんち,Noun,amusement park,amusement park,週末に遊園地に行きました。,I went to an amusement park on the weekend.,,
1696590508292,ジェットコースター,ジェットコースター,ジェットコースター,Noun,roller coaster  big dipper,roller coaster,ジェットコースターに乗るのが怖いです。,I'm scared of riding roller coasters.,,
1696599794981,丘,丘[おか],おか,Noun,hill  height  knoll  rising ground    bonus points awarded to the winner at the end of a game,"hill, height, knoll, rising ground",丘の上に小さい家があります。,There is a small house on top of the hill.,,
1696599817132,双子,双子[ふたご],ふたご,Noun,twins  twin,"twins, twin",私には双子の妹がいます。,I have a twin sister.,,
1696599918747,トランプ,トランプ,トランプ,Noun,(Western) playing cards,(Western) playing cards,家族でトランプをしました。,I played cards with my family.,,
1696600026824,夜中,夜中[よなか],よなか,"Noun, Adverb",middle of the night  dead of night,"middle of the night, dead of night",夜中に目が覚めました。,I woke up in the middle of the night.,,
1696600298582,本物,本物[ほんもの],ほんもの,"Noun, No-adjective",genuine article  real thing  real deal,"genuine article, real thing, real deal",これは本物のダイヤですか？,Is this a real diamond?,,
1696600876508,化け物,化[ば]け 物[もの],ばけもの,Noun,goblin  apparition  monster  ghost  phantom  spectre  specter,"monster, ghost, goblin, apparition",夜の森には化け物がいるそうだ。,They say there are monsters in the forest at night.,,
1696600908481,好奇心,好奇心[こうきしん],こうきしん,Noun,curiosity  inquisitiveness,"curiosity, inquisitiveness",私は好奇心が強いです。,I'm very curious (lit. my curiosity is strong).,,
1696600975522,太陽,太陽[たいよう],たいよう,Noun,sun,sun,太陽は東から昇ります。,The sun rises in the east.,,
1697310727333,ウエイター,ウエイター,ウエイター,Noun,waiter,waiter,あのウエイターはとても親切です。,That waiter is very kind.,,
1697310754693,お宅,お 宅[たく],おたく,"Noun, Pronoun, Honorific",your house  your home  your family    your husband  your organization  you,"your house, your home; your family; your organization; you",明日、お宅に伺ってもいいですか？,May I visit your home tomorrow?,,
1697310786069,外国語,外国語[がいこくご],がいこくご,Noun,foreign language,foreign language,何か外国語を話せますか？,Can you speak any foreign languages?,,
1697310800063,着物,着物[きもの],きもの,Noun,kimono  Japanese traditional clothing (esp. full-length)      clothing  clothes,"kimono, traditional Japanese clothing; clothing, clothes",成人式で着物を着ました。,I wore a kimono at the Coming of Age ceremony.,,
1697310810166,広告,広告[こうこく],こうこく,"Noun, Suru verb, Transitive verb, No-adjective",advertisement  advertising      announcement  notice,"advertisement, advertising; announcement, notice",新聞で仕事の広告を見ました。,I saw a job advertisement in the newspaper.,,
1697310824614,ゴルフ,ゴルフ,ゴルフ,Noun,golf,golf,父は毎週ゴルフをします。,My father plays golf every week.,,
1697310835195,象,象[ぞう],ぞう,Noun,elephant (Elephantidae spp.),elephant,動物園で象を見ました。,I saw an elephant at the zoo.,,
1697310854639,バイオリン,バイオリン,バイオリン,Noun,violin,violin,姉はバイオリンを弾きます。,My older sister plays the violin.,,
1697310869987,バイク,バイク,バイク,Noun,motorcycle  motorbike,"motorcycle, motorbike",バイクで会社に行きます。,I go to work by motorbike.,,
1697310883986,物価,物価[ぶっか],ぶっか,Noun,prices of commodities  prices (in general)  cost-of-living,"prices of commodities, prices (in general), cost of living",東京は物価が高いです。,Prices are high in Tokyo.,,
1697310895846,文法,文法[ぶんぽう],ぶんぽう,Noun,grammar,grammar,日本語の文法は難しいです。,Japanese grammar is difficult.,,
1697310912614,弁護士,弁護士[べんごし],べんごし,Noun,lawyer  attorney,"lawyer, attorney",兄は弁護士として働いています。,My older brother works as a lawyer.,,
1697310923960,募集,募集[ぼしゅう],ぼしゅう,"Noun, Suru verb, Transitive verb","recruitment  invitation  selection  advertisement  taking applications      raising (funds, donations, etc.)  collection  subscription  solicitation    flotation (of shares, loans, etc.)","recruitment, taking applications, invitation; raising (funds), collection, solicitation",アルバイトを募集しています。,We are recruiting part-time workers.,,
1697310932559,やくざ,やくざ,やくざ,"Noun, Na-adjective",yakuza  gangster  mobster  hoodlum  racketeer  gambler      useless  worthless  good-for-nothing  trashy,"yakuza, gangster, mobster, hoodlum; useless, worthless, good-for-nothing",その俳優は映画でやくざの役をした。,That actor played a yakuza in the movie.,,
1697310943683,約束,約束[やくそく],やくそく,"Noun, Suru verb, Transitive verb",promise  agreement  arrangement  one's word  contract  pact  appointment  engagement  date      convention  rule      destiny  fate,"promise, agreement, appointment, one's word; convention, rule; destiny, fate",約束は必ず守ります。,I always keep my promises.,,
1697310969734,私,私[わたくし],わたくし,Pronoun,A formal 'I',"I, me (formal)",私は田中と申します。,My name is Tanaka.,,Reading kept as formal わたくし per your card; 私 is more commonly read わたし.
1697310999533,厳しい,厳[きび]しい,きびしい,I-adjective,strict  rigid  unsparing  relentless      hard (to do)  difficult  tricky      intense (e.g. cold)  harsh (weather)  inclement,"strict, severe, rigid; hard, difficult, tricky; harsh (weather), intense (cold)",父はとても厳しいです。,My father is very strict.,,
1697311016781,幸せ,幸[しあわ]せ,しあわせ,"Noun, Na-adjective",happiness  good fortune  luck  blessing,"happiness, good fortune, luck, blessing",家族と一緒にいると幸せです。,I'm happy when I'm with my family.,,
1697311032730,駄目,駄目[だめ],だめ,"Noun, Na-adjective",no good  not serving its purpose  useless  broken      hopeless  wasted  in vain  purposeless      cannot  must not  not allowed      neutral point (in go)  intersection owned by neither player at the end of a game,"no good, useless, broken; hopeless, in vain; must not, not allowed, cannot",ここで写真を撮ってはだめです。,You must not take photos here.,,
1697311043433,編む,編[あ]む,あむ,"Godan verb, Transitive verb","to knit  to plait  to braid      to compile (anthology, dictionary, etc.)  to edit","to knit, to plait, to braid; to compile, to edit",母がセーターを編んでくれました。,My mother knitted a sweater for me.,,
1697311057480,泣く,泣[な]く,なく,"Godan verb, Intransitive verb",to cry  to weep  to sob  to howl,"to cry, to weep, to sob",赤ちゃんが泣いています。,The baby is crying.,,
1697311075180,磨く,磨[みが]く,みがく,"Godan verb, Transitive verb",to polish  to shine  to brush (e.g. teeth)  to grind (e.g. lens)      to refine (e.g. a skill)  to improve  to cultivate,"to polish, to shine, to brush (teeth); to refine (a skill), to improve, to cultivate",毎晩歯を磨きます。,I brush my teeth every night.,,
1697311090202,約束を守る,約束[やくそく]を 守[まも]る,やくそくをまもる,"Godan verb, Transitive verb, Expression",to keep a promise  to keep one's word,"to keep a promise, to keep one's word",彼はいつも約束を守る。,He always keeps his promises.,,
1697311101779,感動,感動[かんどう],かんどう,"Noun, Suru verb, Intransitive verb",being deeply moved emotionally  excitement  passion  inspiration  deep emotion  strong impression,"being deeply moved, deep emotion, inspiration, excitement",その映画に感動しました。,I was deeply moved by that movie.,,
1697311166210,実は,実[じつ]は,じつは,"Adverb, Expression",as a matter of fact  by the way  to tell you the truth  to be honest  frankly,"actually, as a matter of fact, to tell you the truth; by the way",実は、明日行けないんです。,"Actually, I can't go tomorrow.",,
1697311168724,実,実[じつ],じつ,"Noun, No-adjective",truth  reality      sincerity  honesty  fidelity      content  substance    (good) result,"truth, reality; sincerity, honesty; content, substance; (good) result",実を言うと、少し疲れています。,"To tell the truth, I'm a little tired.",,
1697447721123,植物,植物[しょくぶつ],しょくぶつ,Noun,plant; vegetation,"plant, vegetation",部屋に植物を置いています。,I keep plants in my room.,,
1697484526867,アプリ,アプリ,アプリ,Noun,App,"app, application",このアプリはとても便利です。,This app is very handy.,,
1697484600184,空港,空港[くうこう],くうこう,Noun,Airport,airport,空港まで電車で行きます。,I'll go to the airport by train.,,
1697748112989,マフラー,マフラー,マフラー,Noun,muffler  scarf  comforter      muffler (for a vehicle exhaust)  silencer,"scarf, muffler; muffler (vehicle exhaust), silencer",寒いのでマフラーをしました。,"It was cold, so I put on a scarf.",,
1697748278135,準備,準備[じゅんび],じゅんび,"Noun, Suru verb, Transitive verb",preparation  arrangements  getting ready  provision  setup  reserving,"preparation, arrangements, getting ready, provision",旅行の準備はできましたか？,Are you ready for the trip?,,
1697748415089,平等,平等[びょうどう],びょうどう,"Noun, Na-adjective, No-adjective",equality  impartiality  evenness,"equality, impartiality, evenness",男女は平等であるべきだ。,Men and women should be equal.,,
1697799780649,故障,故障[こしょう],こしょう,"Noun, Suru verb, Intransitive verb",breakdown  failure  fault  accident  out of order      damage  hurt      objection  protest,"breakdown, failure, fault, out of order; damage, injury; objection, protest",エレベーターが故障しています。,The elevator is out of order.,,
1699391524446,都合が悪い,都合[つごう]が 悪[わる]い,つごうがわるい,"I-adjective, Expression",inconvenient,"inconvenient, bad timing",明日はちょっと都合が悪いです。,Tomorrow is a bit inconvenient for me.,,
1699391643345,都合がいい,都合[つごう]がいい,つごうがいい,"I-adjective, Expression",convenient,"convenient, suits one",何曜日が都合がいいですか？,Which day is convenient for you?,,
1700151738651,随分,随分[ずいぶん],ずいぶん,"Na-adjective, Adverb",very; extremely; surprisingly; considerably; awfully; terribly  terrible; horrid; contemptible; reprehensible  remarkable; extraordinary,"very, extremely, surprisingly, considerably; terrible, horrid, contemptible; remarkable, extraordinary",ずいぶん寒くなりましたね。,"It's gotten quite cold, hasn't it?",,
1700152002406,食事,食事[しょくじ],しょくじ,"Noun, Suru verb, Intransitive verb",meal  dinner    diet,"meal, dinner; diet",一緒に食事をしませんか？,Would you like to have a meal together?,,
1700658309663,並ぶ,並[なら]ぶ,ならぶ,"Godan verb, Intransitive verb",to line up  to stand in a line      to rival  to match  to equal,"to line up, to stand in a line; to rival, to match, to equal",店の前に人が並んでいます。,People are lining up in front of the shop.,,
1700658320446,並び,並[なら]び,ならび,Noun,line  row  rank  list,"line, row, rank, list",パン屋は郵便局と同じ並びにあります。,The bakery is on the same row as the post office.,,
1700658561477,唯,唯[ただ],ただ,"Noun, No-adjective, Adverb, Conjunction",ordinary  common  usual    free of charge    unaffected  as is  safe      only  merely  just  simply      but  however  nevertheless,"only, merely, just, simply; ordinary, common, usual; free of charge; but, however",ただ見ているだけです。,I'm just looking.,,"唯 is usually written in kana (ただ), and the 'free of charge' sense is normally written 只 or タダ."
1700658794534,治る,治[なお]る,なおる,"Godan verb, Intransitive verb",(Intransitive verb)   to get better  to get well  to recover (from an illness)  to be cured  to be restored  to heal,"to get better, to get well, to recover (from illness), to be cured; to heal",風邪がやっと治りました。,My cold has finally gotten better.,,
1700658905789,早く治るといいですね,早[はや]く 治[なお]るといいですね,はやくなおるといいですね,Expression,I hope you feel better soon.,I hope you get better soon,風邪ですか？早く治るといいですね。,A cold? I hope you get better soon.,,
1700658927047,汚い,汚[きたな]い,きたない,I-adjective,"dirty  filthy  foul  unclean      disordered  messy  untidy  poor (e.g. handwriting)      indecent (language, etc.)  dirty  vulgar  coarse      dastardly  mean  base  underhanded      stingy  greedy","dirty, filthy, unclean; messy, untidy, poor (handwriting); vulgar, indecent; mean, underhanded, stingy",部屋が汚いので掃除します。,"My room is dirty, so I'll clean it.",,
1700659031990,〜そうです,〜そうです,〜そうです,"Expression, Grammar pattern",Looks like ~ I hear that ~,"looks like ~, seems ~; I hear that ~, they say ~",雨が降りそうです。,It looks like it's going to rain.,,
1700850191664,きつい,きつい,きつい,I-adjective,1: intense; severe; hard 2: determined; forceful; formidable 3: strong 4: tight; close,"tough, hard, severe, intense; determined, forceful, formidable; strong (e.g. sunlight, alcohol); tight, close",毎日の仕事がきついです。,My daily work is tough.,,
1701361076385,ある日,ある 日[ひ],あるひ,"Noun, Expression",one day  (on) a certain day,"one day, (on) a certain day",ある日、駅で先生に会いました。,"One day, I met my teacher at the station.",,
1701361284380,笑う,笑[わら]う,わらう,"Godan verb, Intransitive verb",to laugh  to smile    to sneer  to ridicule      to be dumbfounded  to be flabbergasted,"to laugh; to smile; to sneer, to ridicule",彼の話を聞いて、みんな笑った。,Everyone laughed when they heard his story.,,
1701361446122,悔しい,悔[くや]しい,くやしい,I-adjective,regrettable / frustrating,"frustrating, vexing, annoying, regrettable",負けてて悔しいです。,I'm frustrated that I lost.,,
1701361611273,辛[つら]い,辛[つら]い,つらい,I-adjective,painful  bitter  heart-breaking  difficult (emotionally)      tough  difficult  hard (usu. of situations)      cruel  harsh  cold,"painful, bitter, heart-breaking; tough, difficult, hard; cruel, harsh, cold",友達と別れるのはつらいです。,It's painful to say goodbye to friends.,,
1701361708606,気分転換,気分転換[きぶんてんかん],きぶんてんかん,Noun,change of pace  change of mood  (mental) break (e.g. going for a walk)  refreshment,"change of pace, change of mood, (mental) break, refreshment",気分転換に散歩しましょう。,Let's go for a walk for a change of pace.,,
1701361759935,お摘まみ,お 摘[つ]まみ,おつまみ,Noun,snack (to have with a drink)  side dish,"snack (to have with a drink), side dish",ビールとおつまみを買いました。,I bought beer and some snacks to go with it.,,
1701361874754,考える,考[かんが]える,かんがえる,"Ichidan verb, Transitive verb","to think (about, of)  to think over  to ponder  to contemplate  to reflect (on)  to meditate (on)      to consider  to bear in mind  to allow for  to take into consideration      to think (that)  to believe  to hold (a view)  to judge  to conclude  to suspect      to intend (to do)  to think of (doi","to think (about), to ponder, to consider; to believe, to judge; to intend, to plan; to come up with, to devise",将来のことを考えています。,I'm thinking about the future.,,
1701361885527,返事,返事[へんじ],へんじ,"Noun, Suru verb, Intransitive verb",reply  answer  response,"reply, answer, response",メールの返事を待っています。,I'm waiting for a reply to my email.,,
1701361974325,必ず,必[かなら]ず,かならず,Adverb,always  without exception  necessarily  certainly  without fail  positively  invariably,"always, without fail, certainly, necessarily",僕たちはかならず勝つ。,We will definitely win.,,
1701362045771,ようこそ,ようこそ,ようこそ,Interjection,welcome!  nice to see you!,"welcome, nice to see you",日本へようこそ。,Welcome to Japan.,,
1701362153369,そろそろ,そろそろ,そろそろ,Adverb,soon  momentarily  before long  any time now       slowly  quietly  steadily  gradually  gingerly,"soon, before long, any time now; slowly, gradually, quietly",そろそろ帰りましょう。,It's about time we went home.,,
1701362185320,けれど,けれど,けれど,"Conjunction, Particle",but  however  although,"but, however, although",高いけれど、とてもおいしいです。,"It's expensive, but it's very tasty.",,
1701362243144,麺,麺[めん],めん,Noun,noodles  flour,noodles,この店は麺がおいしいです。,The noodles at this restaurant are delicious.,,
1701362266988,漬ける,漬[つ]ける,つける,"Ichidan verb, Transitive verb","to soak (in)  to steep  to dip  to dunk      to pickle  to preserve (in salt, vinegar, etc.)","to soak (in), to steep, to dip, to dunk; to pickle, to preserve (in salt, vinegar)",豆を水に一晩漬けておきます。,I'll soak the beans in water overnight.,,
1701362287017,ネギ,ネギ,ネギ,Noun,Welsh onion (Allium fistulosum)  green onion  spring onion,"spring onion, green onion, Welsh onion",ラーメンにネギをたくさん入れます。,I put lots of spring onion in my ramen.,,
1701466265668,習う,習[なら]う,ならう,"Godan verb, Transitive verb",(Transitive verb)   to take lessons in  to be taught  to learn (from a teacher)  to study (under a teacher)  to get training in,"to learn (from a teacher), to take lessons in, to be taught, to study (under)",子どもの頃、ピアノを習っていました。,I took piano lessons when I was a child.,,
1701551818299,古代,古代[こだい],こだい,Noun,Ancient times,ancient times,古代エジプトについて勉強しています。,I'm studying ancient Egypt.,,
1701551868820,遺跡,遺跡[いせき],いせき,Noun,"historic ruins (remains, relics)","historic ruins, remains, relics, archaeological site",この町には古い遺跡があります。,There are ancient ruins in this town.,,
1701620653891,乾く,乾[かわ]く,かわく,"Godan verb, Intransitive verb",to get dry,"to get dry, to dry",洗濯物がもう乾きました。,The laundry has already dried.,,
1701635882228,~なきゃ・〜なきゃいけません,~なきゃ・〜なきゃいけません,~なきゃ・〜なきゃいけません,"Expression, Grammar pattern",~ must,"must ~, have to ~ (casual)",明日は早く起きなきゃいけません。,I have to get up early tomorrow.,,
1701947800467,話,話[はなし],はなし,Noun,1: talk; speech; chat; story; conversation 2: discussions; negotiation; argument,"talk, speech, chat, story, conversation; topic, subject; discussions, negotiation, argument",先生の話はとても面白かったです。,The teacher's talk was very interesting.,,
1701966845735,最後,最後[さいご],さいご,"Noun, No-adjective, Expression",end  conclusion      last  final  latest  most recent      no sooner than  once  right after (often having negative consequences)    one's final moments,"end, conclusion; last, final, latest; once ~ (it's too late), no sooner than",最後に一つ質問があります。,"Lastly, I have one question.",,
1701967635293,丈,丈[だけ],だけ,Particle,"Only, just, (in front of positive verb)","only, just, merely, simply; as much as, to the extent of",一つだけください。,"Just one, please.",,"だけ is almost always written in kana; 丈 on its own is normally read たけ (height, length)."
1702286795479,年末,年末[ねんまつ],ねんまつ,"Noun, Adverb",end-of-year,"end of the year, year-end",年末は仕事が忙しいです。,Work is busy at the end of the year.,,
1702286819942,一年,一年[いちねん],いちねん,Noun,one year  some time ago,one year,日本に来てから一年になります。,It's been one year since I came to Japan.,,
1702286841350,数ヶ月,数ヶ月[すうかげつ],すうかげつ,Noun,several months,several months,数ヶ月前に引っ越しました。,I moved a few months ago.,,
1702286882808,試す,試[ため]す,ためす,"Godan verb, Transitive verb",to attempt  to test  to try out,"to try, to attempt, to test, to try out",新しい方法を試してみます。,I'll try out a new method.,,
1702286914461,特に,特[とく]に,とくに,Adverb,particularly  especially  in particular  expressly,"particularly, especially, in particular, expressly",特に好きな食べ物はありますか？,Is there any food you especially like?,,
1702286971307,特  にない,特[とく]にない,とくにない,Expression,Nothing special,"nothing in particular, nothing special",質問は特にないです。,I don't have any questions in particular.,,
1702287809298,上手く,上手[うま]く,うまく,Adverb,skilfully  skillfully  well  aptly  cleverly      successfully  smoothly    deliciously  adverb,"well, skillfully, cleverly, aptly; successfully, smoothly; deliciously",試験はうまくいきました。,The exam went well.,,
1702287831006,脳トレ,脳[のう]トレ,のうトレ,Noun,brain training  brain workout,"brain training, brain workout",毎朝、脳トレをしています。,I do brain training every morning.,,Locked reading was のうとれ; changed to のうトレ to keep the katakana トレ as in the surface.
1702287841435,脳,脳[のう],のう,Noun,brain    brains  mind,"brain; brains, mind",運動は脳にいいです。,Exercise is good for the brain.,,
1702287909357,博士号,博士号[はくしごう],はくしごう,Noun,doctor's degree  doctorate  PhD,"doctorate, doctor's degree, PhD",姉は博士号を持っています。,My older sister has a PhD.,,
1702287932550,在宅,在宅[ざいたく],ざいたく,"Noun, Suru verb, Intransitive verb, No-adjective",being in  being at home,"being at home, being in",明日は一日中在宅しています。,I'll be at home all day tomorrow.,,
1702287947701,勤務,勤務[きんむ],きんむ,"Noun, Suru verb, Intransitive verb",service  duty  work,"work, service, duty",父は銀行に勤務しています。,My father works at a bank.,,
1702287963324,在宅勤務,在宅勤務[ざいたくきんむ],ざいたくきんむ,Noun,working at home  telecommuting,"working from home, telecommuting",週に二日、在宅勤務をしています。,I work from home two days a week.,,
1702288557990,内容,内容[ないよう],ないよう,Noun,contents  content  substance  matter  detail  import,"contents, content, substance, matter",この本の内容はとても面白いです。,The contents of this book are very interesting.,,
1702288579188,ずっと,ずっと,ずっと,Adverb,"continuously in some state (for a long time, distance)  throughoutall along  the whole time  all the way","continuously, the whole time, all along, throughout; much (better), by far; far away, long ago",ずっと小さいままだといいです。,It would be nice if they stayed small forever.,,
1702288792988,会話,会話[かいわ],かいわ,"Noun, Suru verb, Intransitive verb",conversation,conversation,日本語で会話するのは楽しいです。,Having conversations in Japanese is fun.,,
1702288819883,出張,出張[しゅっちょう],しゅっちょう,"Noun, Suru verb, Intransitive verb",business trip  official trip,"business trip, official trip",来週、大阪に出張します。,Next week I'm going to Osaka on a business trip.,,
1702289472964,間違い,間違[まちが]い,まちがい,Noun,1: mistake; error; blunder 2: accident; mishap; trouble 3: improper conduct (e.g. between man and woman); indiscretion,"mistake, error, blunder; accident, mishap, trouble; improper conduct, indiscretion",この答えには間違いがあります。,There is a mistake in this answer.,,
1702374091490,実際,実際[じっさい],じっさい,"Noun, No-adjective, Adverb",Actually; practically,"actually, really, truly, indeed; reality, actuality, fact; practice (as opposed to theory)",実際に行ってみると、とても広かった。,"When I actually went there, it was very spacious.",,
1702763158709,訂正,訂正[ていせい],ていせい,"Noun, Suru verb, Transitive verb, No-adjective",correction; revision; amendment,"correction, revision, amendment",先生が私の作文を訂正してくれました。,The teacher corrected my essay for me.,,
1702897003211,音楽家,音楽家[おんがくか],おんがくか,Noun,musician,musician,彼女の父は有名な音楽家です。,Her father is a famous musician.,,
1702899027422,大家さん,大家[おおや]さん,おおやさん,"Noun, Honorific",landlord  landlady,"landlord, landlady",大家さんに家賃を払いました。,I paid the rent to the landlord.,,
1702903593480,残業,残業[ざんぎょう],ざんぎょう,"Noun, Suru verb, Intransitive verb",overtime (work),overtime (work),今日は九時まで残業しました。,I worked overtime until nine today.,,
1703107072175,馬鹿 and 馬鹿にする,馬鹿[ばか] and  馬鹿[ばか]にする,ばかandばかにする,"Noun, Na-adjective, Expression",fool; idiot AND to make fun of,"fool, idiot; foolish, stupid; (馬鹿にする) to make fun of, to look down on",人を馬鹿にしてはいけません。,You mustn't make fun of people.,,This card combines two items (馬鹿 and 馬鹿にする); consider splitting it into two cards.
1703157786719,違う,違[ちが]う,ちがう,"Godan verb, Intransitive verb","to differ (from)  to vary    to not be in the usual condition  to not match the correct (answer, etc.)  to be different from promised","to differ (from), to vary; to be wrong, to not match (the correct answer); to not be in the usual condition; to be different from what was promised",私の意見は彼と違います。,My opinion is different from his.,,
1703157921916,始めて,始[はじ]めて,はじめて,"No-adjective, Adverb",for the first time    only after ... is it ...  only when ... do you ...,"for the first time; only after ~, not until ~",このメールははじめて見ました。,This is the first time I've seen this email.,,初めて is the standard spelling for 'for the first time'; 始めて is usually the te-form of 始める (to begin).
1703157947634,経済,経済[けいざい],けいざい,Noun,economy  economics      finance  (one's) finances  financial circumstances      being economical  economy  thrift,"economy, economics; finance, (one's) finances; being economical, thrift",日本の経済について勉強しています。,I'm studying the Japanese economy.,,
1703157966911,〜年代　e.g.(90年代),〜 年代[ねんだい] e.g.(90 年代[ねんだい]),〜ねんだいe.g.(90ねんだい),"Noun, Grammar pattern, Suffix",age  era  period  date   (e.g. the 90s),"the ~s (decade, e.g. the 90s); age, era, period",90年代の音楽が大好きです。,I love music from the 90s.,,
1703196434001,殆ど,殆[ほとん]ど,ほとんど,"Noun, Adverb","mostly, nearly all, most of x","mostly, nearly, almost; nearly all, most of",ほとんど仕事をしています。,I'm working nearly all the time.,,
1703196557743,目的,目的[もくてき],もくてき,Noun,purpose; goal; aim; objective; intention,"purpose, goal, aim, objective",旅行の目的は何ですか？,What is the purpose of your trip?,,
1703661947192,過ごす,過[す]ごす,すごす,"Godan verb, Transitive verb",1: to pass (time); to spend 2: to overdo (esp. of one's alcohol consumption); to drink (alcohol),"to pass (time), to spend; to overdo (esp. drinking)",週末は家族と過ごしました。,I spent the weekend with my family.,,
1703693757990,性格,性格[せいかく],せいかく,Noun,character; personality; disposition; nature,"character, personality, disposition, nature",彼はとても明るい性格です。,He has a very cheerful personality.,,
1703712943511,材料,材料[ざいりょう],ざいりょう,Noun,ingredients; material,"ingredients, material; subject matter, data",カレーの材料を買いに行きます。,I'm going to buy the ingredients for curry.,,
1704227034501,義父,義父[ぎふ],ぎふ,Noun,Father in law,father-in-law; stepfather; foster father,義父はとても優しい人です。,My father-in-law is a very kind person.,,
1704285896415,大分,大分[だいぶ],だいぶ,Adverb,considerably; greatly; a lot,"considerably, greatly, a lot",私は、だいぶ元気になりました。,I'm feeling a lot better.,,
1704317080535,満杯,満杯[まんぱい],まんぱい,"Noun, No-adjective","Full (object e.g cup, box)","full (of a container, e.g. cup, box)",ゴミ箱がもう満杯です。,The trash can is already full.,,
1704317297002,煩雑,煩雑[はんざつ],はんざつ,"Noun, Na-adjective",troublesome; vexatious; intricate; complicated; confused;,"complicated, intricate, complex; troublesome, vexatious",この手続きはとても煩雑です。,This procedure is very complicated.,,
1704372248010,複雑,複雑[ふくざつ],ふくざつ,"Noun, Na-adjective",complex; complicated; mixed (feelings),"complex, complicated, intricate; mixed (feelings)",この問題は複雑すぎます。,This problem is too complicated.,,
1704446159463,了解,了解[りょうかい],りょうかい,"Noun, Suru verb, Transitive verb, Interjection",comprehension  consent  understanding  agreement      OK  roger (on two-way radio),"understanding, comprehension, consent, agreement; OK, roger",了解しました。,Understood.,,
1704660552006,化石,化石[かせき],かせき,"Noun, Suru verb, Intransitive verb",fossil; petrifaction; fossilization; fossilisation (suru verb),"fossil; petrifaction, fossilization",博物館で恐竜の化石を見ました。,I saw dinosaur fossils at the museum.,,
1704746697195,典型的,典型的[てんけいてき],てんけいてき,Na-adjective,typical  representative  archetypal  quintessential  stereotypical  model,"typical, representative, archetypal, quintessential",これは典型的な日本の朝ご飯です。,This is a typical Japanese breakfast.,,
1704748051498,話題,話題[わだい],わだい,"Noun, No-adjective",topic  subject,"topic, subject",話題を変えましょう。,Let's change the subject.,,
1704827436915,お返事遅れてすみません,お 返事遅[へんじおく]れてすみません,おへんじおくれてすみません,Expression,Sorry for the late reply,sorry for the late reply,田中さん、お返事遅れてすみません。,"Mr. Tanaka, sorry for the late reply.",,
1704960044295,現在,現在[げんざい],げんざい,"Noun, Adverb",now; current; present; present time; as of,"now, present, present time, current; as of",現在、東京に住んでいます。,I currently live in Tokyo.,,
1705132583203,戦法,戦法[せんぽう],せんぽう,"Noun, No-adjective",tactics; strategy,"tactics, strategy",相手チームは新しい戦法を使った。,The other team used new tactics.,,
1705352245174,疲れる,疲[つか]れる,つかれる,"Ichidan verb, Intransitive verb",1: to get tired; to tire 2: to be worn out (e.g. of well used objects) 3: to starve,"to get tired, to tire, to become exhausted; to become worn out (of objects)",今日はたくさん歩いて疲れました。,I walked a lot today and got tired.,,
1705480895849,お返し,お 返[かえ]し,おかえし,"Noun, Suru verb, Transitive verb",return gift  return favour (favor)    revenge  change (in a cash transaction),"return gift, return favour; revenge; change (in a cash transaction)",男の人は三月十四日にお返しをしなきゃいけないんですよ。,"Men have to give a return gift on March 14th, you know.",,
1705481076165,ご主人,ご 主人[しゅじん],ごしゅじん,"Noun, Honorific",your husband  her husband,"your husband, her husband",ご主人はお元気ですか？,How is your husband?,,
1705481134136,縫いぐるみ,縫[ぬ]いぐるみ,ぬいぐるみ,Noun,stuffed toy  stuffed animal  plush toy  soft toy  cuddly toy,"stuffed toy, stuffed animal, plush toy, soft toy",娘はぬいぐるみを抱いて寝ます。,My daughter sleeps hugging a stuffed toy.,,
1705481185137,夫婦,夫婦[ふうふ],ふうふ,Noun,married couple  husband and wife  man and wife,"married couple, husband and wife",隣に若い夫婦が住んでいます。,A young married couple lives next door.,,
1705481218540,マンション,マンション,マンション,Noun,condominium (often mid-rise or high-rise concrete)  apartment building  apartment house  apartment  flat,"apartment building, condominium; apartment, flat",駅の近くのマンションに住んでいます。,I live in an apartment building near the station.,,
1705481229179,蜜柑,蜜柑[みかん],みかん,Noun,mandarin (esp. the satsuma mandarin (Citrus unshiu))  mandarin orange  tangerine  clementine  satsuma    citrus (Citrus spp.),"mandarin orange, tangerine, satsuma, clementine",冬はこたつでみかんを食べます。,In winter I eat mandarin oranges at the kotatsu.,,
1705481250237,指輪,指輪[ゆびわ],ゆびわ,Noun,(finger) ring,(finger) ring,彼女はきれいな指輪をしています。,She is wearing a pretty ring.,,
1705481307250,履歴書,履歴書[りれきしょ],りれきしょ,Noun,personal history  curriculum vitae  resume,"resume, curriculum vitae, personal history",会社に履歴書を送りました。,I sent my resume to the company.,,
1705481389701,欲しい,欲[ほ]しい,ほしい,"I-adjective, Auxiliary",wanted  wished for  in need of  desired    I want (you) to,"wanted, desired, wished for, in need of; I want (you) to ~",新しい靴が欲しいです。,I want new shoes.,,
1705481451747,けちな,けちな,けちな,Na-adjective,"stingy, cheap, poor, petty","stingy, cheap, miserly; petty, shabby",彼はけちな人だから、何もおごらない。,"He's a stingy person, so he never treats anyone.",,
1705481560897,似合う,似合[にあ]う,にあう,"Godan verb, Intransitive verb",to suit  to match  to become  to be like,"to suit, to match, to look good on",その帽子、よく似合いますね。,That hat really suits you.,,
1705481590314,諦める,諦[あきら]める,あきらめる,"Ichidan verb, Transitive verb","to give up  to abandon (hope, plans)  to resign oneself (to)","to give up, to abandon (hope, plans); to resign oneself (to)",夢を諦めないでください。,Please don't give up on your dreams.,,
1705481624710,相談する,相談[そうだん]する,そうだんする,"Suru verb, Transitive verb",To consult (e.g. for advice),"to consult, to discuss, to ask for advice",カーリーさんに相談した。,I consulted Carly.,,
1705481669563,丁度,丁度[ちょうど],ちょうど,Adverb,exactly  precisely  just  right      as if  as though  quite,"exactly, precisely, just, right; as if, as though",電車はちょうど出たところだ。,The train has just left.,,
1705481687562,どうしたらいい,どうしたらいい,どうしたらいい,"I-adjective, Expression",what's the best thing to do?,what should I do?; what's the best thing to do?,道に迷った。どうしたらいい？,I'm lost. What should I do?,,
1705482149991,~かも知れません,~かも 知[し]れません,~かもしれません,"Expression, Grammar pattern",may  might  perhaps  may be  possibly,"may ~, might ~; perhaps, possibly",あしたは雨が降るかもしれません。,It may rain tomorrow.,,
1705482735985,~たらどうですか,~たらどうですか,~たらどうですか,"Expression, Grammar pattern",Why don't you... (advice or recommendation) Follows た ending of verb,"why don't you ~?; how about ~? (suggestion, after the ta-form)",もっと勉強したらどうですか。,Why don't you study harder?,,
1705675801407,いらっしゃる,いらっしゃる,いらっしゃる,"Godan verb, Intransitive verb, Auxiliary, Honorific","1: to come; to go; to be (somewhere) honorific 2: (after a -te form, or the particle ""de"") is (doing); are (doing)","to come, to go, to be (somewhere) (honorific); to be (doing) (after te-form)",校長先生は図書館にいらっしゃいます。,The headmaster is in the library.,,
1705871189827,パートナー,パートナー,パートナー,Noun,partner,partner,パートナーと一緒に旅行しました。,I traveled together with my partner.,,
1705871239577,トレーナー,トレーナー,トレーナー,Noun,Sweatshirt,sweatshirt; trainer (sports),寒いからトレーナーを着ます。,"It's cold, so I'll wear a sweatshirt.",,
1705871329329,化粧品,化粧品[けしょうひん],けしょうひん,Noun,cosmetics  toilet articles,"cosmetics, makeup; toiletries",デパートで化粧品を買いました。,I bought cosmetics at the department store.,,
1705871387077,お洒落,お 洒落[しゃれ],おしゃれ,"Noun, Suru verb, Intransitive verb, Na-adjective, No-adjective",smartly dressed  stylish  fashion-conscious    someone smartly dressed    to dress up  to be fashionable,"stylish, fashionable, smartly dressed; someone smartly dressed; to dress up",このカフェはとてもおしゃれですね。,"This cafe is really stylish, isn't it?",,
1705871472772,注意する,注意[ちゅうい]する,ちゅういする,"Suru verb, Intransitive verb","To give warning, to watch out.","to warn, to caution, to give advice; to be careful, to watch out, to pay attention",車に注意して道を渡ってください。,Please watch out for cars when you cross the road.,,
1705871574522,急に,急[きゅう]に,きゅうに,Adverb,"swiftly  rapidly  quickly  immediately  hastily  hurriedly      suddenly  abruptly  unexpectedly      sharply (of a slope, bend, etc.)  steeply","suddenly, abruptly, unexpectedly; swiftly, rapidly; sharply, steeply",急に雨が降ってきました。,It suddenly started to rain.,,
1706028424422,夕方,夕方[ゆうがた],ゆうがた,"Noun, Adverb",evening  dusk,"evening, dusk",夕方に公園を散歩します。,I take a walk in the park in the evening.,,
1706028450746,社長,社長[しゃちょう],しゃちょう,Noun,company president  manager  director,"company president, director, manager",社長は今、会議中です。,The company president is in a meeting right now.,,
1706028466637,店員,店員[てんいん],てんいん,Noun,employee (of a store)  shop assistant  clerk  salesperson,"shop assistant, store employee, clerk, salesperson",店員さんに試着室の場所を聞きました。,I asked the shop assistant where the fitting room was.,,
1706028477162,北欧,北欧[ほくおう],ほくおう,Noun,Northern Europe  Nordic countries  Scandinavia,"Northern Europe, Nordic countries, Scandinavia",北欧の家具が好きです。,I like Scandinavian furniture.,,
1706028499040,一か月,一[いっ]か 月[げつ],いっかげつ,Noun,one month,one month,一か月日本に住んでいました。,I lived in Japan for one month.,,
1706650459094,愚かな,愚[おろ]かな,おろかな,Na-adjective,foolish; stupid,"foolish, stupid",それは愚かな考えだと思います。,I think that's a foolish idea.,,
1706707238773,理由,理由[りゆう],りゆう,Noun,reason  pretext  motive,"reason, motive; pretext",遅れた理由を教えてください。,Please tell me the reason you were late.,,
1706707334210,伝統的,伝統的[でんとうてき],でんとうてき,Na-adjective,traditional  conventional,"traditional, conventional",京都には伝統的な建物が多いです。,There are many traditional buildings in Kyoto.,,
1706707350402,一般的,一般的[いっぱんてき],いっぱんてき,Na-adjective,general  popular  common  typical,"general, common, typical, popular",日本では一般的な料理です。,It's a common dish in Japan.,,
1706707383004,ほうじ茶,ほうじ 茶[ちゃ],ほうじちゃ,Noun,roasted green tea,"roasted green tea, hojicha",寝る前にほうじ茶を飲みます。,I drink roasted green tea before bed.,,
1706707417278,変,変[へん],へん,"Noun, Na-adjective",strange  odd  peculiar  weird  curious  queer  eccentric  funny  suspicious  fishy,"strange, odd, peculiar, weird; suspicious, fishy; unexpected",この牛乳は変な味がします。,This milk tastes strange.,,
1706736715629,全然,全然[ぜんぜん],ぜんぜん,Adverb,1: not at all (with neg. verb) 2: wholly; entirely; completely,"(not) at all (with negative); wholly, entirely, completely; extremely, very (colloquial)",昨日は全然寝られなかった。,I couldn't sleep at all last night.,,
1706740906009,新鮮な,新鮮[しんせん]な,しんせんな,Na-adjective,Fresh,fresh,この店の魚はとても新鮮です。,The fish at this shop is very fresh.,,
1706905233831,捜す,捜[さが]す,さがす,"Godan verb, Transitive verb","1: to search (for something lost); to seek (a suspect in a crime) 2: to search (for something desired, needed); to look for","to search for (something lost), to look for; to seek (e.g. a missing person, a suspect)",なくした財布を捜しています。,I'm looking for the wallet I lost.,,
1706905850873,宜しければ,宜[よろ]しければ,よろしければ,Expression,if you please; if you don't mind; when you're ready; if you want; if that's alright with you,"if you don't mind, if you like, if you please; if that's alright with you",よろしければ、こちらにお座りください。,"If you don't mind, please have a seat here.",,
1707230817629,監督,監督[かんとく],かんとく,"Noun, Suru verb, Transitive verb, No-adjective",1: supervision; control; superintendence; direction 2: director; superintendent; supervisor; coach; foreman; manager; overseer; controller; boss,"supervision, control, direction; director, supervisor, coach, manager",あの映画の監督はとても有名です。,The director of that movie is very famous.,,
1707484057595,着させる,着[き]させる,きさせる,"Ichidan verb, Transitive verb",To dress someone,"to dress (someone), to make (someone) wear",子供にコートを着させました。,I had my child put on a coat.,,
1707484065982,どうしたん,どうしたん,どうしたん,Expression,what's the matter?  what's wrong?  what happened?,"what's the matter?, what's wrong?; what happened?",どうしたんですか？,What's the matter?,,
1707484210333,掛ける,掛[か]ける,かける,"Ichidan verb, Transitive verb","to hang up (e.g. a coat, a picture on the wall)      to put on (e.g. a blanket)      to put on (glasses, etc.)      to spend (time, money)      to pour (liquid) onto  to sprinkle (powder or spices) onto  to splash  to throw (e.g. water) onto       to turn on (an engine, radio, etc.)    And about a b","to hang (up); to put on (glasses, a blanket); to spend (time, money); to make (a phone call)",壁に絵を掛けました。,I hung a picture on the wall.,,
1707686521892,世紀,世紀[せいき],せいき,"Noun, No-adjective",century  era  of the century (e.g. fight of the century),century; era; of the century (e.g. fight of the century),このお寺は八世紀に建てられました。,This temple was built in the eighth century.,,
1707686542090,予想,予想[よそう],よそう,"Noun, Suru verb, Transitive verb, No-adjective",expectation  anticipation  prediction  forecast  conjecture,"expectation, anticipation, prediction, forecast",試合の結果は予想と違いました。,The result of the match was different from what I expected.,,
1707686595237,迎える,迎[むか]える,むかえる,"Ichidan verb, Transitive verb","to go out to meet    to receive  to welcome  to greet  to salute  to hail  to reach  to approach  to enter (a phase, era, etc.)    to accept (e.g. as a member of a group or family)    to call for  to summon  to invite    to approach (a certain time, a point in one's life, etc.)","to go out to meet; to welcome, to receive, to greet; to reach, to enter (a phase, era); to accept (e.g. into a family)",空港まで友達を迎えに行きます。,I'm going to the airport to meet my friend.,,
1707688765088,消える,消[き]える,きえる,"Ichidan verb, Intransitive verb",to go out  to vanish  to disappear,"to go out (e.g. light, fire); to vanish, to disappear",急に電気が消えました。,The lights suddenly went out.,,
1707720700170,確認 (する),確認[かくにん] (する),かくにん(する),"Noun, Suru verb, Transitive verb",affirmation; confirmation; validation to check,"confirmation, verification, check; to check, to confirm",ありがとう、Danさん！後で確認しますね：）,"Thanks, Dan! I'll check it later :)",,
1707907905321,キリスト教,キリスト 教[きょう],キリストきょう,Noun,Christianity,Christianity,キリスト教について本を読みました。,I read a book about Christianity.,,Locked reading was all-hiragana (きりすときょう); katakana キリスト kept as in the surface per the reading rules.
1707907920891,キリスト教徒,キリスト 教徒[きょうと],キリストきょうと,Noun,Christian,Christian,彼の家族はキリスト教徒です。,His family are Christians.,,Locked reading was all-hiragana (きりすときょうと); katakana キリスト kept as in the surface per the reading rules.
1707907933239,砂漠,砂漠[さばく],さばく,Noun,desert,desert,砂漠ではほとんど雨が降りません。,It hardly ever rains in the desert.,,
1707907935639,砂,砂[すな],すな,Noun,sand  grit,"sand, grit",靴の中に砂が入りました。,Sand got into my shoes.,,
1707908080222,勉強し始めたとき,勉強[べんきょう]し 始[はじ]めたとき,べんきょうしはじめたとき,Expression,When i started to study,when I started studying,日本語を勉強し始めたときは、とても難しかったです。,"When I started studying Japanese, it was very difficult.",,
1707908091362,尻尾,尻尾[しっぽ],しっぽ,Noun,tail (animal)    tail end  tip,"tail (of an animal); tail end, tip",犬が尻尾を振っています。,The dog is wagging its tail.,,
1707908110912,吃驚,吃驚[びっくり],びっくり,"Noun, Suru verb, Intransitive verb, Adverb",to be surprised  to be amazed  to be frightened  to be astonished  to get startled  to jump    surprise (e.g. surprise party),"to be surprised, to be amazed, to be startled, to be frightened; surprise (e.g. surprise party)",大きな音にびっくりしました。,I was startled by the loud noise.,,
1707908148423,覚えています,覚[おぼ]えています,おぼえています,Expression,I remember.,I remember,初めて会った日のことをよく覚えています。,I remember the day we first met well.,,
1707908162734,完璧,完璧[かんぺき],かんぺき,Na-adjective,perfect  complete  flawless,"perfect, complete, flawless",彼の日本語は完璧です。,His Japanese is perfect.,,
1707991497239,フルリモートワーク,フルリモートワーク,フルリモートワーク,Noun,Full remote work,fully remote work,私の会社はフルリモートワークです。,My company is fully remote.,,
1707991664333,世界中,世界中[せかいじゅう],せかいじゅう,"Noun, No-adjective",around the world  throughout the world,"around the world, throughout the world",世界中を旅行したいです。,I want to travel around the world.,,
1707991688642,一部,一部[いちぶ],いちぶ,"Noun, Adverb",one part  one portion  one section  some    one copy (e.g. of a document),"one part, a portion, a section, some; one copy (of a document)",この話は一部しか本当ではありません。,Only part of this story is true.,,
1707991712521,特別,特別[とくべつ],とくべつ,"Noun, Na-adjective, No-adjective, Adverb",special  particular  extraordinary  exceptional  especial,"special, particular, extraordinary, exceptional",今日は特別な日です。,Today is a special day.,,
1707991724116,関係,関係[かんけい],かんけい,"Noun, Suru verb, Intransitive verb, No-adjective",relation  relationship  connection      participation  involvement  concern      influence  effect      sexual relations  sexual relationship      related to  connected to,"relation, relationship, connection; participation, involvement, concern; influence, effect; sexual relations",それは私とは関係ありません。,That has nothing to do with me.,,
1707991749867,失礼な,失礼[しつれい]な,しつれいな,Na-adjective,Rude,"rude, impolite",それは失礼な質問ですよ。,"That's a rude question, you know.",,
1707991805617,意見,意見[いけん],いけん,"Noun, Suru verb, Intransitive verb, No-adjective",opinion  view  comment,"opinion, view, comment",あなたの意見を聞かせてください。,Please let me hear your opinion.,,
1707991822467,自由,自由[じゆう],じゆう,"Noun, Na-adjective",freedom  liberty,"freedom, liberty; free (to do as one likes)",週末は自由な時間がたくさんあります。,I have lots of free time on weekends.,,
1707991834141,田舎,田舎[いなか],いなか,Noun,rural area  countryside  the sticks    hometown,"countryside, rural area, the sticks; hometown",将来は田舎に住みたいです。,In the future I want to live in the countryside.,,
1707991844641,お好み焼き,お 好[この]み 焼[や]き,おこのみやき,Noun,okonomiyaki  savoury pancake containing meat or seafood and vegetables,"okonomiyaki, savoury pancake with meat or seafood and vegetables",大阪でお好み焼きを食べました。,I ate okonomiyaki in Osaka.,,
1707991880938,節分,節分[せつぶん],せつぶん,Noun,last day of winter in the traditional Japanese calendar (usually February 3 or 4)  holiday for end of winter (accompanied by a bean scattering ceremony)    last day of any season (according to the traditional Japanese calendar),"setsubun, last day of winter (traditional calendar, around Feb 3); end-of-winter festival with bean scattering; last day of any season",節分には豆をまきます。,We scatter beans on Setsubun.,,
1707991889913,方向,方向[ほうこう],ほうこう,Noun,direction  orientation  bearing  way    course (e.g. of action),"direction, orientation, bearing, way; course (e.g. of action)",駅はどの方向ですか？,Which direction is the station?,,
1707991913166,年齢,年齢[ねんれい],ねんれい,Noun,age  years,"age, years",年齢を聞いてもいいですか？,May I ask your age?,,
1707991935463,数,数[かず],かず,Noun,number  amount,"number, amount",学生の数が増えました。,The number of students has increased.,,
1707992383985,聞かせる,聞[き]かせる,きかせる,"Ichidan verb, Transitive verb","to let (someone) hear  to tell (e.g. a story)  to inform (of)      to make (someone) listen  to make (someone) understand  to drum into (someone)      to grip (someone) with skilful singing, storytelling, etc.  to hold (someone) enchanted by","to let (someone) hear, to tell (e.g. a story), to inform; to make (someone) listen, to make (someone) understand; to hold (someone) enchanted by",助けを求めている私の声を彼に聞かせるのに苦労した。,I had trouble making him hear me calling for help.,,
1708080310256,〜てみる,〜てみる,〜てみる,"Grammar pattern, Auxiliary","To try something, when unsure of outcome. (after て form of verb, first time only)","to try ~ (and see), to give ~ a try",そのゲームをやってみたい！,I want to try playing that game!,,
1708082102842,別,別[べつ],べつ,"Noun, Na-adjective, No-adjective, Suffix",distinction  difference  discrimination      separate  different  another  extra      exception  exclusion      classified by  ranked by  according to,"separate, different, another, extra; distinction, difference; exception, exclusion; classified by, according to",別の日に行きましょう。,Let's go on a different day.,,
1708344417115,家具,家具[かぐ],かぐ,Noun,furniture,furniture,新しい家具を買いました。,I bought new furniture.,,
1708344435307,クラブ,クラブ,クラブ,Noun,nightclub  clubs (card suit)  golf club  crab,club (e.g. school club); nightclub; clubs (card suit); golf club,高校でテニスクラブに入りました。,I joined the tennis club in high school.,,Existing back listed 'crab' and omitted the main sense 'club (group)'; added it first.
1708344458104,結婚式,結婚式[けっこんしき],けっこんしき,Noun,marriage ceremony  wedding  nuptials,"wedding, marriage ceremony, nuptials",来月、友達の結婚式に行きます。,I'm going to a friend's wedding next month.,,
1708344468556,地震,地震[じしん],じしん,Noun,earthquake,earthquake,昨日の夜、地震がありました。,There was an earthquake last night.,,
1708344488104,締め切り,締[し]め 切[き]り,しめきり,"Noun, No-adjective",deadline  closing  cut-off  end,"deadline, closing, cut-off, end; closed (door, window, etc.)",レポートの締め切りは金曜日です。,The deadline for the report is Friday.,,
1708344505601,習慣,習慣[しゅうかん],しゅうかん,Noun,habit    (social) custom  practice  convention,"habit; (social) custom, practice, convention",毎朝走るのが習慣です。,Running every morning is my habit.,,
1708344528850,卒業式,卒業式[そつぎょうしき],そつぎょうしき,Noun,graduation ceremony  commencement,"graduation ceremony, commencement",卒業式で母が泣きました。,My mother cried at the graduation ceremony.,,
1708344539851,地図,地図[ちず],ちず,Noun,map,map,地図を見ながら歩きました。,I walked while looking at a map.,,
1708344548348,電池,電池[でんち],でんち,Noun,battery  cell,"battery, cell",時計の電池が切れました。,The clock's battery has run out.,,
1708344555949,庭,庭[にわ],にわ,Noun,garden  yard  courtyard      field (of action)  area,"garden, yard, courtyard; field (of action), area",庭で犬が遊んでいます。,The dog is playing in the garden.,,
1708344564203,発表,発表[はっぴょう],はっぴょう,"Noun, Suru verb, Transitive verb",announcement  publication  presenting  statement  communique  making known  breaking (news story)  expressing (one's opinion)  releasing  unveiling,"announcement, publication, presentation, statement; release, unveiling",明日、授業で発表をします。,I'm giving a presentation in class tomorrow.,,
1708344577102,番組,番組[ばんぐみ],ばんぐみ,Noun,program (e.g. TV)  programme,"program (e.g. TV), programme",この番組は毎週見ています。,I watch this program every week.,,
1708344587300,保険,保険[ほけん],ほけん,"Noun, No-adjective",insurance  guarantee,insurance; guarantee,旅行の前に保険に入りました。,I took out insurance before the trip.,,
1708344600347,旅館,旅館[りょかん],りょかん,Noun,"ryokan  traditional inn  Japanese-style lodging, usu. professionally-run","ryokan, traditional Japanese inn",京都の旅館に泊まりました。,I stayed at a ryokan in Kyoto.,,
1708344609100,割引券,割引券[わりびきけん],わりびきけん,Noun,discount coupon or ticket,"discount coupon, discount ticket",この割引券は使えますか？,Can I use this discount coupon?,,
1708344643650,下ろす,下[お]ろす,おろす,"Godan verb, Transitive verb",To withdraw (money),"to withdraw (money); to take down, to lower; to drop off (a passenger), to unload; to use or wear for the first time",銀行でお金を下ろしました。,I withdrew money at the bank.,,
1708344694151,描く,描[か]く,かく,"Godan verb, Transitive verb","to draw  to paint  to sketch      to depict  to describe      to picture in one's mind  to imagine    to form a certain shape (e.g. path of an action, appearance of an object, etc.)","to draw, to paint, to sketch; to depict, to describe; to picture in one's mind, to imagine",子供は絵を描くのが好きです。,Children like drawing pictures.,,
1708344717919,喋る,喋[しゃべ]る,しゃべる,"Godan verb, Intransitive verb",to talk  to chat  to chatter,"to talk, to chat, to chatter",授業中に喋らないでください。,Please don't chat during class.,,
1708344761941,付き合う,付[つ]き 合[あ]う,つきあう,"Godan verb, Intransitive verb",to associate with  to keep company with  to go out with  to go steady with  to get on with      to go along with  to follow someone's lead  to accompany someone  to compromise,"to go out with, to date; to associate with, to keep company with; to go along with, to accompany someone",二人は去年から付き合っています。,The two of them have been dating since last year.,,
1708344807967,調べる,調[しら]べる,しらべる,"Ichidan verb, Transitive verb",to examine  to look up  to investigate  to check up  to sense  to study  to inquire  to search,"to look up, to check; to examine, to investigate; to search, to study",分からない言葉を辞書で調べます。,I look up words I don't know in the dictionary.,,
1708344822687,見える,見[み]える,みえる,"Ichidan verb, Intransitive verb, Honorific",to be seen  to be in sight      to look  to seem  to appear    to come,"to be seen, to be visible; to look, to seem, to appear; to come (honorific)",窓から富士山が見えます。,You can see Mt. Fuji from the window.,,
1708344833116,観光,観光[かんこう],かんこう,"Noun, Suru verb, Transitive verb",sightseeing  tourism,"sightseeing, tourism",週末は京都を観光しました。,I went sightseeing in Kyoto at the weekend.,,
1708344852516,卒業,卒業[そつぎょう],そつぎょう,"Noun, Suru verb, Intransitive verb","graduation  completion (of a course)      moving on (from)  outgrowing (something)  leaving (a group, company, etc.)  quitting","graduation, completion (of a course); moving on (from), leaving (a group), quitting",来年、大学を卒業します。,I will graduate from university next year.,,
1708344879843,けど,けど,けど,"Conjunction, Particle",but  however  although,"but, however, although",高いけど、買いたいです。,"It's expensive, but I want to buy it.",,
1708375544912,正しい,正[ただ]しい,ただしい,I-adjective,right; just; correct; righteous; honest; truthful; proper; straightforward; perfect,"right, correct; proper, righteous, just, honest",正しい答えを選んでください。,Please choose the correct answer.,,
1708543305388,活動,活動[かつどう],かつどう,"Noun, Suru verb, Intransitive verb","activity (of a person, organization, animal, volcano, etc.)  action    movie (esp. during the silent movie period)","activity, action",大学でボランティア活動をしています。,I do volunteer activities at university.,,
1708543697790,参加,参加[さんか],さんか,"Noun, Suru verb, Intransitive verb",participation  joining  entry  adherence,"participation, joining, entry",明日の会議に参加しますか？,Will you take part in tomorrow's meeting?,,
1708587408227,客,客[きゃく],きゃく,Noun,1: guest; visitor 2: customer; client; shopper; spectator; audience; tourist; sightseer; passenger,"guest, visitor; customer, client, shopper, passenger",今日は店に客が多いです。,There are a lot of customers in the shop today.,,
1708587761842,割引,割引[わりびき],わりびき,"Noun, Counter",discount; reduction; rebate; (after a number) tenths discounted; tenths reduced,"discount, reduction, rebate; (after a number) tenths discounted",学生は二割引になります。,Students get a 20% discount.,,
1708604198804,確かに,確[たし]かに,たしかに,Adverb,surely  certainly,"surely, certainly, indeed",確かに彼の言う通りです。,He is certainly right.,,
1708622624614,〜ておく　（〜とく）,〜ておく （〜とく）,〜ておく（〜とく）,"Grammar pattern, Auxiliary",to do ~ in preperation (after て form),"to do ~ in advance, to do ~ in preparation; to leave ~ as is",明日試験があるので、今勉強しておきます。,"Since there's an exam tomorrow, I'll study now in preparation.",,
1708680676458,〜も　(番号の後),〜も ( 番号[ばんごう]の 後[あと]),〜も(ばんごうのあと),"Grammar pattern, Particle","""as many as"" - to express a large quantity","as many as ~, as much as ~ (stresses a large amount)",私の母は猫を三匹も飼っています。,My mother has as many as three cats!,,
1708680798979,〜しか　（番号の後）,〜しか （ 番号[ばんごう]の 後[あと]）,〜しか（ばんごうのあと）,"Grammar pattern, Particle","""as few as"" - to express a supringly low number when - ALWAYS with negative verb","only ~, as few as ~ (always with a negative verb)",日本語の辞書は一冊しか持っていません。,I only have one Japanese dictionary.,,"Existing sentence used を with ありません, which is ungrammatical; replaced with a corrected sentence."
1708683323296,本文,本文[ほんぶん],ほんぶん,Noun,"text (of a book, document, etc.)  body (of a letter)      this passage  this sentence","text (of a book, document, etc.), body (of a letter); this passage, this sentence",メールの本文を読んでください。,Please read the body of the email.,,
1708684558186,訓練,訓練[くんれん],くんれん,"Noun, Suru verb, Transitive verb",training  drill  practice  discipline,"training, drill, practice, discipline",学校で避難訓練がありました。,There was an evacuation drill at school.,,
1708685322405,無理,無理[むり],むり,"Noun, Na-adjective","unreasonable  unnatural  unjustifiable    impossible    forcible  forced  compulsory      excessive (work, etc.)  immoderate      to work too hard  to try too hard      no way  not a chance  never  dream on    irrational","impossible, no way; unreasonable, unnatural; forcible, forced; excessive, overdoing it",一日でこの仕事を終わらせるのは無理です。,It's impossible to finish this work in one day.,,
1708685438005,動く,動[うご]く,うごく,"Godan verb, Intransitive verb",(Intransitive verb)     to move  to stir  to shift  to shake  to swing      to operate  to run  to go  to work      to make a move  to take action  to act  to go into action      to be touched  to be influenced      to change  to vary  to fluctuate  to waver    to be transferred,"to move, to stir, to shift; to operate, to run, to work; to take action, to act; to be moved, to be influenced",このパソコンはもう動きません。,This computer doesn't work anymore.,,
1708685480841,道具,道具[どうぐ],どうぐ,Noun,tool  implement  instrument  utensil  apparatus  device    means  furniture,"tool, implement, instrument, utensil; means; furniture",料理の道具をそろえました。,I got together a set of cooking utensils.,,
1708685660109,其れで,其[そ]れで,それで,Conjunction,and  thereupon  because of that,"and then, and so; because of that, that's why",雨が降った。それで、試合は中止になった。,"It rained. Because of that, the match was cancelled.",,This word is normally written in kana as それで; the kanji form 其れで is rare.
1708685881039,〜たり。。。〜たりする,〜たり。。。〜たりする,〜たり。。。〜たりする,Grammar pattern,"""such things as ~ ""(after た in verb or だった・かった in adj) Note: sentence always ends with する after last item","doing things like ~ and ~; sometimes ~, sometimes ~",日曜日は買い物したり、映画を見たりした。,On Sunday I did things like going shopping and watching a movie.,,
1708686036576,秘密,秘密[ひみつ],ひみつ,"Noun, Na-adjective, No-adjective",secret  secrecy  confidentiality  privacy    mystery  secret (e.g. to success)  esoteric teachings,"secret, secrecy, confidentiality, privacy; mystery; secret (e.g. to success)",これは二人だけの秘密です。,This is a secret just between the two of us.,,
1708686056696,壁,壁[かべ],かべ,Noun,wall  partition      barrier  obstacle,"wall, partition; barrier, obstacle",壁に写真をかけました。,I hung a photo on the wall.,,
1709153166068,お祝い,お 祝[いわ]い,おいわい,"Noun, Suru verb, Transitive verb, Honorific",congratulation; congratulations; celebration; festival; congratulatory gift,"congratulations, celebration; congratulatory gift, present",友達の誕生日をお祝いしました。,We celebrated a friend's birthday.,,
1709563535985,留守番,留守番[るすばん],るすばん,"Noun, Suru verb, Intransitive verb",care-taking  house-sitting  house-watching  staying at home      caretaker  house-sitter,"house-sitting, looking after the house, staying at home; caretaker, house-sitter",子供が一人で留守番をしています。,The child is looking after the house alone.,,
1709563546982,冷蔵庫,冷蔵庫[れいぞうこ],れいぞうこ,Noun,refrigerator  fridge,"refrigerator, fridge",牛乳は冷蔵庫に入っています。,The milk is in the fridge.,,
1709563558476,蝋燭,蝋燭[ろうそく],ろうそく,Noun,candle,candle,ケーキにろうそくを立てました。,I put candles on the cake.,,
1709563570977,料金,料金[りょうきん],りょうきん,Noun,fee  charge  fare,"fee, charge, fare",タクシーの料金はいくらですか？,How much is the taxi fare?,,
1709563611654,心臓,心臓[しんぞう],しんぞう,"Noun, No-adjective",heart    guts  nerve  cheek  gall  spine    central part,"heart; guts, nerve, cheek; central part",緊張して心臓がどきどきしています。,My heart is pounding because I'm nervous.,,
1709563630476,自動車,自動車[じどうしゃ],じどうしゃ,Noun,automobile  motorcar  motor vehicle  car  auto,"car, automobile, motor vehicle",父は自動車の会社で働いています。,My father works for a car company.,,
1709563646626,数字,数字[すうじ],すうじ,Noun,numeral  figure  digit  numeric character,"numeral, figure, digit, numeric character",この数字は何と読みますか？,How do you read this number?,,
1709563669572,冗談,冗談[じょうだん],じょうだん,"Noun, No-adjective",jest  joke  funny story,"joke, jest, funny story",今のは冗談ですよ。,That was just a joke.,,
1709563687799,地下鉄,地下鉄[ちかてつ],ちかてつ,Noun,underground train  subway,"subway, underground train",毎日地下鉄で会社に行きます。,I go to work by subway every day.,,
1709563705696,貯金[ちょきん],貯金[ちょきん],ちょきん,"Noun, Suru verb",putting money aside  savings  deposit (e.g. in a bank)      accumulated surplus of wins  wins in the bank,"savings, putting money aside, deposit (e.g. in a bank)",旅行のために貯金しています。,I'm saving money for a trip.,,
1709563840624,続ける,続[つづ]ける,つづける,"Ichidan verb, Transitive verb, Auxiliary",to continue  to keep up  to keep on,"to continue, to keep up, to keep on",毎日日本語の勉強を続けています。,I keep up my Japanese study every day.,,
1709566152624,人間,人間[にんげん],にんげん,Noun,human being  human  person  man  mankind  humankind    character (of a person),"human being, human, person, mankind; character (of a person)",人間は一人では生きられません。,Humans can't live alone.,,
1709566159994,人形,人形[にんぎょう],にんぎょう,Noun,doll  puppet  figure,"doll, puppet, figure",妹は人形で遊んでいます。,My little sister is playing with dolls.,,
1709567777989,指,指[ゆび],ゆび,Noun,finger  toe  digit,"finger, toe, digit",料理中に指を切りました。,I cut my finger while cooking.,,
1709567797705,蝉,蝉[せみ],せみ,Noun,"Cicada, cricket, locust",cicada,夏になると蝉がうるさいです。,Cicadas are noisy in summer.,,"Existing back included 'cricket', which is incorrect; 蝉 means cicada."
1709567870556,トンネル,トンネル,トンネル,Noun,tunnel  to tunnel (through a potential barrier)  letting a grounder go through one's legs,tunnel,電車が長いトンネルに入りました。,The train went into a long tunnel.,,
1709567929052,当たり前,当[あ]たり 前[まえ],あたりまえ,"Noun, Na-adjective, No-adjective","natural  reasonable  obvious      usual  common  ordinary  commonplace  the norm     Like ""that's a given""","natural, obvious, reasonable, a given; usual, ordinary, commonplace, the norm",約束を守るのは当たり前です。,Keeping your promises is a given.,,
1710370402108,巻く,巻[ま]く,まく,"Godan verb, Transitive verb","to wind  to coil  to roll  to wear (e.g. turban, scarf)      to envelope  to shroud      to outflank  to skirt    to link (verse)    to move ahead (three hours, etc.)  to move up","to wind, to coil, to roll; to wear (e.g. a scarf); to envelop, to shroud",寒いのでマフラーを巻きました。,"It was cold, so I wrapped a scarf around my neck.",,
1710370414575,タマネギ,タマネギ,タマネギ,Noun,onion (Allium cepa),onion,タマネギを切ると涙が出ます。,Cutting onions makes me cry.,,
1710370427650,スパイス,スパイス,スパイス,Noun,spice,spice,このカレーはスパイスが効いています。,This curry is nicely spiced.,,
1710370467550,美容師,美容師[びようし],びようし,Noun,beautician  cosmetician  hairdresser  hair stylist,"hairdresser, hair stylist, beautician",姉は美容師になりたいそうです。,I hear my older sister wants to become a hairdresser.,,
1710370549876,遅い,遅[おそ]い,おそい,I-adjective,slow  time-consuming  sluggish      late (in the day)  towards the end (of the day or night)  until a time far into the day or night      later (than expected or usual)  late  behind schedule  behind time  tardy  overdue  unpunctual      too late  having missed the boat      dull  stupid,"slow, sluggish; late (in the day); later than expected, behind schedule; too late",今日は帰りが遅いですね。,"You're home late today, aren't you.",,
1710370560894,値段,値段[ねだん],ねだん,Noun,price  cost,"price, cost",このかばんの値段は高すぎます。,This bag's price is too high.,,
1710370574094,ほうれん草,ほうれん 草[そう],ほうれんそう,Noun,spinach,spinach,ほうれん草は体にいいです。,Spinach is good for you.,,
1710370627246,ながら,ながら,ながら,Particle,"while  during  as      while  although  though  despite  in spite of  notwithstanding      all  both      as (e.g. ""as always"", ""as long ago"")  in (e.g. ""in tears"")    while doing something else (at the same time)","while, during, as; although, though, despite; all, both",大学に行きながら、COTOで仕事をします。,I work at COTO while going to university.,,
1710371592618,祝日,祝日[しゅくじつ],しゅくじつ,"Noun, No-adjective",national holiday  public holiday,"national holiday, public holiday",明日は祝日なので、学校は休みです。,"Tomorrow is a national holiday, so there's no school.",,
1710848926928,良さそう,良[よ]さそう,よさそう,Na-adjective,looks/sounds good,"looks good, sounds good, seems good",良さそうですね。,"That looks good, doesn't it.",,
1710848948628,汚す,汚[よご]す,よごす,"Godan verb, Transitive verb",(transitive)    to pollute  to contaminate  to soil  to make dirty  to stain      to disgrace  to dishonour  to dishonor  to defile,"to make dirty, to soil, to stain; to pollute, to contaminate; to disgrace, to dishonor",服をカレーで汚してしまいました。,I got curry on my clothes.,,
1710848972323,花粉症,花粉症[かふんしょう],かふんしょう,Noun,hay fever  pollinosis (allergy to pollen),"hay fever, pollen allergy",春は花粉症で大変です。,Spring is tough because of my hay fever.,,
1710848984497,年をとる,年[とし]をとる,としをとる,"Godan verb, Intransitive verb, Expression",to grow old  to age,"to grow old, to age",年を取ると、花粉症になるかもしれません。,"As you get older, you might develop hay fever.",,
1710849062941,考え,考[かんが]え,かんがえ,Noun,thinking  thought  view  opinion  concept      idea  notion  imagination      intention  plan  design      consideration  judgement  deliberation  reflection      wish  hope  expectation,"thought, thinking, view, opinion; idea, notion; intention, plan; consideration, judgement",それはいい考えですね。,That's a good idea.,,
1710849072891,噂,噂[うわさ],うわさ,"Noun, Suru verb, Transitive verb, No-adjective",rumour  rumor  report  hearsay  gossip  common talk,"rumor, rumour, hearsay, gossip",変な噂を聞きました。,I heard a strange rumor.,,
1710849080689,燃える,燃[も]える,もえる,"Ichidan verb, Intransitive verb",(intransitive)  to burn  to get fired up,to burn; to get fired up,森が燃えています。,The forest is burning.,,
1710849089320,墓,墓[はか],はか,Noun,gravesite  tomb,"grave, tomb",お盆に祖父の墓に行きます。,I visit my grandfather's grave during Obon.,,
1710849104545,激しい,激[はげ]しい,はげしい,I-adjective,violent  furious  tempestuous      extreme  intense  fierce  strong      fervent  vehement      incessant  relentless      precipitous  steep,"violent, furious, intense, fierce; extreme, strong; fervent, vehement; incessant, relentless",激しい雨が降りました。,It rained heavily.,,
1710849170069,野生,野生[やせい],やせい,"Noun, Suru verb, Intransitive verb, No-adjective",Wild,"wild, growing wild, living in the wild",この山には野生の猿がいます。,There are wild monkeys on this mountain.,,
1710849176940,野良猫,野良猫[のらねこ],のらねこ,Noun,stray cat  alley cat,"stray cat, alley cat",公園に野良猫がたくさんいます。,There are lots of stray cats in the park.,,
1710948575962,~とすれば,~とすれば,~とすれば,"Grammar pattern, Conjunction",if so  in that case  in that situation,"if ~, supposing ~, if one were to ~; if so, in that case",選ぶとすれば、僕はこれだな。,"If I had to choose, I'd go with this one.",,
1711131686580,泥,泥[どろ],どろ,"Noun, No-adjective",mud  slush  (wet) dirt  mire    thief,"mud, slush, (wet) dirt, mire",靴に泥がつきました。,My shoes got muddy.,,
1711467144977,大雨,大雨[おおあめ],おおあめ,Noun,heavy rain,heavy rain,大雨で電車が止まりました。,The trains stopped because of heavy rain.,,
1711467155120,ゴミ,ゴミ,ゴミ,Noun,rubbish  trash  garbage  refuse,"rubbish, trash, garbage, refuse",ゴミは月曜日に出してください。,Please put the rubbish out on Monday.,,
1711467166120,出す,出[だ]す,だす,"Godan verb, Transitive verb","to take out  to get out      to put out  to reveal  to show      to submit (e.g. thesis)  to turn in      to publish  to make public    to send (e.g. letter)    to produce (a sound)  to start (fire)    to serve (food)  ... out (e.g. to jump out, to carry out)    to begin ...  to start to ...  to bur","to take out, to put out; to show, to reveal; to submit, to send (e.g. a letter); to begin to ~, to burst into ~",宿題を先生に出しました。,I handed in my homework to the teacher.,,
1711467194773,面倒くさい,面倒[めんど]くさい,めんどくさい,I-adjective,bothersome  tiresome  bother to do,"bothersome, tiresome, a hassle",毎日料理するのは面倒くさいです。,Cooking every day is a hassle.,,
1711467240472,羨ましい,羨[うらや]ましい,うらやましい,I-adjective,"envious  jealous    enviable (position, etc.)","envious, jealous; enviable",海外旅行なんてうらやましいです。,An overseas trip? I'm so jealous.,,
1711467248847,集める,集[あつ]める,あつめる,"Ichidan verb, Transitive verb",to collect  to assemble  to gather,"to collect, to gather, to assemble",子供の頃、切手を集めていました。,I used to collect stamps as a child.,,
1711467267842,配る,配[くば]る,くばる,"Godan verb, Transitive verb","to distribute  to hand out  to deliver  to deal out  to serve out      to allot  to allocate  to place (staff, soldiers, etc.)  to station","to hand out, to distribute, to deliver, to deal out; to allot, to allocate",先生がテストを配りました。,The teacher handed out the tests.,,
1711467291723,少ない,少[すく]ない,すくない,I-adjective,few  a little  scarce  insufficient  seldom,"few, a little, scarce, insufficient",この町は人が少ないです。,There are few people in this town.,,
1711467315344,機嫌,機嫌[きげん],きげん,"Noun, Na-adjective",fettle   mood  temper  humour      safety  health  well-being  one's situation      in a good mood  in high spirits  happy  cheery  merry  chipper,"mood, temper, humor; in a good mood, in high spirits, cheery; health, well-being",今日は妻の機嫌が悪い。,My wife is in a bad mood today.,,
1711543174335,ずつ,ずつ,ずつ,Suffix,apiece  each      at a time  piecemeal,"each, apiece; at a time, little by little",毎日少しずつ漢字を覚えています。,I'm learning kanji little by little every day.,,
1711545757961,住所,住所[じゅうしょ],じゅうしょ,Noun,address (e.g. of house)  residence  domicile,"address (e.g. of house), residence, domicile",ここに住所を書いてください。,Please write your address here.,,
1711545854859,消しゴム,消[け]しゴム,けしごむ,Noun,eraser  rubber,"eraser, rubber",消しゴムを貸してくれませんか？,Could you lend me an eraser?,,
1711545910355,落ちる,落[お]ちる,おちる,"Ichidan verb, Intransitive verb","(Intransitive verb)     to fall down  to drop  to fall (e.g. rain)  to sink (e.g. sun or moon)  to fall onto (e.g. light or one's gaze)  to be used in a certain place (e.g. money)      to be omitted  to be missing      to decrease  to sink      to fail (e.g. exam or class)  to lose (contest, electio","to fall, to drop; to sink (e.g. the sun), to set; to fail (e.g. an exam); to decrease, to go down",山の向こうに日が落ちた。,The sun set behind the mountains.,,
1711546078678,引っ越し,引[ひ]っ 越[こ]し,ひっこし,"Noun, Suru verb, Intransitive verb","moving (dwelling, office, etc.)  changing residence","moving (house, office, etc.), changing residence",来週、引っ越しをします。,I'm moving next week.,,
1711546572868,挨拶,挨拶[あいさつ],あいさつ,"Noun, Suru verb, Intransitive verb, No-adjective","greeting  greetings  salutation  salute  polite set phrase used when meeting or parting from somebody    polite set phrase used to express apology, sympathy, congratulations, etc.    speech (congratulatory or appreciative)  address      reply  response      revenge  retaliation    a fine thing to sa","greeting, salutation; speech, address (e.g. congratulatory); reply, response",朝、先生に挨拶をしました。,I greeted my teacher in the morning.,,
1712138937912,何時か,何時[いつ]か,いつか,Adverb,sometime  someday  one day  some time or other  the other day  in due course  in time,"someday, sometime, one day",いつか日本に住みたいです。,I want to live in Japan someday.,,
1712139046429,水泳,水泳[すいえい],すいえい,"Noun, Suru verb, Intransitive verb, No-adjective",swimming,swimming,毎週水泳を習っています。,I take swimming lessons every week.,,
1712139272085,ダンゴムシ,ダンゴムシ,ダンゴムシ,Noun,pillbug  pill bug  woodlouse  sowbug  sow bug  slater,"pill bug, woodlouse, sowbug",庭の石の下にダンゴムシがいた。,There was a pill bug under a stone in the garden.,,
1712139417947,空気,空気[くうき],くうき,Noun,air  atmosphere      mood  situation      someone with no presence  someone who doesn't stand out at all,"air, atmosphere; mood, situation; someone with no presence",山の空気はとてもきれいです。,The mountain air is very clean.,,
1712139444575,水たまり,水[みず]たまり,みずたまり,Noun,puddle  pool of water,"puddle, pool of water",雨の後、道に水たまりができた。,Puddles formed on the road after the rain.,,
1712139458114,お尻,お 尻[しり],おしり,Noun,bottom  buttocks,"bottom, buttocks",転んでお尻を打った。,I fell and hit my bottom.,,
1712139568141,大きくなる,大[おお]きくなる,おおきくなる,"Godan verb, Intransitive verb, Expression",to grow up  to become an adult      to become big  to grow in size,"to grow up, to become an adult; to become big, to grow in size",大きくなったら医者になりたい。,"When I grow up, I want to be a doctor.",,
1712140282978,命,命[いのち],いのち,Noun,"life  life force      lifetime  lifespan      most important thing  foundation  core    paired tattoos of the ""life"" kanji on the upper arms of a man and woman (indicating unwavering love)    fate  destiny  karma","life, life force; lifetime, lifespan; most important thing, core",命は一つしかない。,You only have one life.,,
1712142745795,糞,糞[くそ],くそ,"Noun, Prefix, Interjection",bullshit  shit  damn      feces  excrement  dung      damn  damned  blasted  stupid      very  extremely    a lot    not at all  not even a little,"damn, damn it, shit, crap; feces, excrement, dung; damned, blasted, stupid; very, extremely",くそ、また電車に乗り遅れた！,"Damn, I missed the train again!",,
1712143772676,自動販売機,自動販売機[じどうはんばいき],じどうはんばいき,Noun,vending machine,vending machine,自動販売機でお茶を買った。,I bought tea from a vending machine.,,
1712234397624,纏める,纏[まと]める,まとめる,"Ichidan verb, Transitive verb",to collect  to put (it all) together  to integrate  to consolidate  to unify      to summarize  to aggregate      to bring to a conclusion  to finalize  to settle  to put in order      to establish  to decide,"to collect, to put together, to consolidate; to summarize; to settle, to finalize, to put in order; to decide",荷物を纏めておきました。,I packed my bags in advance.,,
1712234511662,初日,初日[しょにち],しょにち,"Noun, Adverb",first day  opening day,"first day, opening day",仕事の初日はとても緊張した。,I was very nervous on my first day at work.,,
1712234523816,半分,半分[はんぶん],はんぶん,"Noun, Adverb",half,half,ケーキを半分に切ってください。,Please cut the cake in half.,,
1712234534310,掘る,掘[ほ]る,ほる,"Godan verb, Transitive verb",to dig  to excavate  to hollow    to delve into  to dig up (e.g. vegetables)  (for two men) to have anal sex,"to dig, to excavate; to dig up (e.g. vegetables); to delve into",犬が庭に穴を掘った。,The dog dug a hole in the garden.,,
1712234550312,穴,穴[あな],あな,Noun,"hole  opening  perforation      pit  hollow  hole (in the ground, etc.)      burrow  den  lair  holt  hole      deficit  shortage  missing person (in a team, meeting, etc.)      vacancy  opening    flaw  well-kept secret place  upset victory (with a large payoff)  pit (of a theater)    hiding place ","hole, opening; pit, hollow; burrow, den, lair; deficit, shortage",靴下に穴が開いている。,There's a hole in my sock.,,
1712234582710,首,首[くび],くび,Noun,neck    dismissal  discharge  firing (from a job),"neck; head; dismissal, firing (from a job)",首が痛くて動かせない。,My neck hurts and I can't move it.,,
1712234592010,焦げる,焦[こ]げる,こげる,"Ichidan verb, Intransitive verb",(Intransitive verb)        to burn (whilst cooking),"to burn (e.g. while cooking), to scorch, to char",パンが焦げてしまった。,The bread got burnt.,,
1712234630893,受ける,受[う]ける,うける,"Ichidan verb, Transitive verb","(Transitive verb)     to receive or get (e.g. a pension)    to catch (e.g. a ball)  to be struck by (wind, waves, sunlight, etc.)    to sustain (damage)  to incur (a loss)  to suffer (an injury)  to feel (influence)      to undergo (e.g. surgery)  to take (a test)  to accept (a challenge)    to be g","to receive, to get; to take (a test), to undergo (e.g. surgery); to catch (e.g. a ball); to suffer (damage), to be affected by",テストを受ける。,to take a test,,
1713175530021,駅員 (さん）,駅員[えきいん] (さん）,えきいん(さん）,Noun,(train) station attendant  station employee  station staff,"station attendant, station staff",駅員さんに道を聞きました。,I asked the station attendant for directions.,,
1713175619236,大きさ,大[おお]きさ,おおきさ,Noun,size  dimensions  volume,"size, dimensions, volume",この箱の大きさはちょうどいい。,The size of this box is just right.,,
1713175660381,親,親[おや],おや,Noun,"parent  parents  mother and father      dealer (in cards, mahjong, etc.)  banker      founder  inventor    (pet) owner    key  parent (organization)  main      ancestor  forefather","parent, parents; dealer (in cards, mahjong, etc.); founder, inventor",親に電話をかけました。,I called my parents.,,
1713175674153,期末試験,期末試験[きまつしけん],きまつしけん,Noun,final exam  term-end examination  end-of-term examination,"final exam, end-of-term examination",来週から期末試験が始まる。,Final exams start next week.,,
1713175695432,研究,研究[けんきゅう],けんきゅう,"Noun, Suru verb, Transitive verb",study  research  investigation,"study, research, investigation",大学で日本の歴史を研究しています。,I research Japanese history at university.,,
1713175738254,砂糖,砂糖[さとう],さとう,Noun,sugar,sugar,コーヒーに砂糖を入れますか？,Do you put sugar in your coffee?,,
1713175796179,奨学金,奨学金[しょうがくきん],しょうがくきん,Noun,scholarship  stipend  bursary    student loan,"scholarship, stipend, bursary; student loan",奨学金をもらって留学した。,I got a scholarship and studied abroad.,,
1713175804445,親戚,親戚[しんせき],しんせき,Noun,relative  relation  kin,"relative, relation, kin",お正月に親戚が集まります。,My relatives get together at New Year.,,
1713175814420,推薦状,推薦状[すいせんじょう],すいせんじょう,Noun,letter of invitation  letter of recommendation  reference,"letter of recommendation, reference; letter of invitation",先生に推薦状を書いてもらった。,I had my teacher write me a letter of recommendation.,,
1713175830526,大学院,大学院[だいがくいん],だいがくいん,Noun,graduate school,graduate school,来年、大学院に進みたいです。,I want to go on to graduate school next year.,,
1713175839802,台風,台風[たいふう],たいふう,Noun,typhoon  hurricane,"typhoon, hurricane",台風で電車が止まった。,The trains stopped because of the typhoon.,,
1713175845872,日,日[ひ],ひ,"Noun, Adverb",day  days      sun  sunshine  sunlight      case (esp. unfortunate)  event,"day, days; sun, sunshine, sunlight; daytime, daylight; date, deadline",その日はとても寒かった。,It was very cold that day.,,
1713175878458,ファイル,ファイル,ファイル,"Noun, Suru verb, Transitive verb",file,file,書類をファイルに入れておいた。,I put the documents in a file.,,
1713175888593,道,道[みち],みち,Noun,"road  path  street  lane  passage      route  way      distance  journey      road (e.g. to victory)  course      way (of living, proper conduct, etc.)  moral principles      teachings (esp. Confucian or Buddhist)  dogma      field (e.g. of medicine)  subject  speciality      means  way  method","road, path, street; way, route; distance, journey; way (of doing), field, means",この道をまっすぐ行ってください。,Please go straight along this road.,,
1713175901998,目覚まし時計,目覚[めざ]まし 時計[どけい],めざましどけい,Noun,alarm clock,alarm clock,目覚まし時計を七時にセットした。,I set the alarm clock for seven.,,
1713175931845,起こす,起[お]こす,おこす,"Godan verb, Transitive verb",(Transitive verb)     to wake up (a person)  to set up   to waken       to cause       to bring about      to start  to begin      to plough    to fall ill with    to transcribe  to write down (what is spoken)    to turn over (a card),"to wake (someone) up, to waken; to raise, to set up, to pick up; to cause, to bring about; to start, to begin",明日の朝六時に起こしてください。,Please wake me up at six tomorrow morning.,,
1713175942318,奢る,奢[おご]る,おごる,"Godan verb, Transitive verb, Intransitive verb",to give (someone) a treat    to be extravagant  to live luxuriously      to be proud  to be haughty,"to treat (someone), to pay for (someone); to be extravagant, to live luxuriously; to be proud, to be haughty",今日は私が奢ります。,It's my treat today.,,
1713175954090,落ち込む,落[お]ち 込[こ]む,おちこむ,"Godan verb, Intransitive verb","to feel down  to feel sad  to be depressed  to be in low spirits      to be in a slump (business, economy, etc.)  to be in an unfavourable condition    to fall into (e.g. a hole)","to feel down, to be depressed, to be in low spirits; to be in a slump (e.g. economy); to fall into (e.g. a hole)",試験に落ちて落ち込んでいる。,I'm feeling down because I failed the exam.,,
1713175976892,直す,直[なお]す,なおす,"Godan verb, Transitive verb, Auxiliary",(Transitive verb)      to cure  to heal      to fix  to correct  to repair    to do over again    to replace  to put back as it was      to convert (into a different state)  to transform,"to fix, to repair, to correct; to cure, to heal; to do over again (after a verb stem); to put back as it was",壊れた自転車を直した。,I fixed my broken bicycle.,,"In the sense 'to cure, to heal' this verb is usually written 治す."
1713175992411,道に迷う,道[みち]に 迷[まよ]う,みちにまよう,"Godan verb, Intransitive verb, Expression",to lose one's way  to get lost,"to lose one's way, to get lost",駅へ行く途中で道に迷った。,I got lost on the way to the station.,,
1713176013293,見つかる,見[み]つかる,みつかる,"Godan verb, Intransitive verb",to be found  to be discovered,"to be found, to be discovered",なくした財布が見つかった。,The wallet I lost was found.,,
1713176027392,迎えに行く,迎[むか]えに 行[い]く,むかえにいく,"Godan verb, Expression",to go to meet somebody,"to go to meet someone, to go to pick someone up",空港まで友達を迎えに行く。,I'm going to the airport to pick up a friend.,,
1713176034315,訳す,訳[やく]す,やくす,"Godan verb, Transitive verb",(Transitive verb)   to translate  to interpret,"to translate, to interpret",この文を英語に訳してください。,Please translate this sentence into English.,,
1713176078042,アイロンを掛ける,アイロンを 掛[か]ける,あいろんをかける,"Ichidan verb, Transitive verb, Expression",to iron  to do the ironing,"to iron, to do the ironing",シャツにアイロンを掛けた。,I ironed my shirt.,,
1713176106743,乗り遅れる,乗[の]り 遅[おく]れる,のりおくれる,"Ichidan verb, Intransitive verb","to miss (a train, bus, etc.)    to fail to keep up with (e.g. the times)  to be left behind by","to miss (a train, bus, etc.); to fail to keep up with (e.g. the times), to be left behind",寝坊して電車に乗り遅れた。,I overslept and missed the train.,,
1713176133241,朝寝坊,朝寝坊[あさねぼう],あさねぼう,"Noun, Suru verb, Intransitive verb",oversleeping  late riser,oversleeping; late riser,今朝、朝寝坊してしまった。,I overslept this morning.,,
1713176143965,案内,案内[あんない],あんない,"Noun, Suru verb, Transitive verb",guidance  leading (the way)  showing around      information  notice  notification    announcement (of one's arrival)  invitation    acquaintance  knowledge,"guidance, leading the way, showing around; information, notice; invitation",友達に京都を案内しました。,I showed my friend around Kyoto.,,
1713176165836,迎えに来る,迎[むか]えに 来[く]る,むかえにくる,"Irregular verb, Expression",to call for somebody  to come for someone  to pick someone up,"to come to pick someone up, to come for someone",駅まで父が迎えに来てくれた。,My father came to pick me up at the station.,,
1713176175607,ええと,ええと,ええと,Interjection,let me see  well  errr ...  uhh ...,"um, let me see, well",ええと、名前は何でしたっけ？,"Um, what was your name again?",,
1713176189467,今日中に,今日中[きょうじゅう]に,きょうじゅうに,Adverb,by today  before the day is over,"by the end of today, before the day is over",今日中にレポートを出してください。,Please hand in the report by the end of today.,,
1713176200861,この間,この 間[あいだ],このあいだ,"Noun, Adverb",the other day  lately  recently  during this period,"the other day, recently, lately; meanwhile, during this period",この間、駅で先生に会いました。,I met my teacher at the station the other day.,,
1713176213212,このぐらい,このぐらい,このぐらい,"Noun, Adverb, Expression",to this extent,"this much, about this much, to this extent",このぐらいの大きさの箱がほしい。,I want a box about this big.,,
1713176236238,失礼します,失礼[しつれい]します,しつれいします,Expression,excuse me,"excuse me, pardon me (e.g. when entering or leaving)",失礼します。入ってもいいですか？,Excuse me. May I come in?,,
1713176250382,自分で,自分[じぶん]で,じぶんで,Expression,by myself  in person  by oneself,"by oneself, by myself; in person",宿題は自分でやりなさい。,Do your homework by yourself.,,
1713176270783,授業中,授業中[じゅぎょうちゅう],じゅぎょうちゅう,Noun,while in class,"during class, while in class",授業中に携帯を使ってはいけません。,You must not use your phone during class.,,
1713176383151,メッセージ,メッセージ,メッセージ,Noun,message,message,友達にメッセージを送った。,I sent a message to a friend.,,
1713176407835,クオリティ,クオリティ,クオリティ,Noun,quality,quality,この店の料理はクオリティが高い。,The food at this restaurant is high quality.,,
1713176419228,横,横[よこ],よこ,Noun,"horizontal (as opposed to vertical)  lying down      side-to-side (as opposed to front-to-back)  width  breadth    side (of a box, etc.)    beside  aside  next to    unconnected","side, beside, next to; horizontal; width, breadth",駅の横にコンビニがあります。,There is a convenience store next to the station.,,
1713176434957,縦,縦[たて],たて,Noun,the vertical  height      front-to-back  length    north-to-south    vertical (relationship)  hierarchy    (weaving) warp,"vertical, height; length, front-to-back; vertical relationship, hierarchy",紙を縦に折ってください。,Please fold the paper vertically.,,
1713176446777,小説,小説[しょうせつ],しょうせつ,"Noun, No-adjective",novel  (short) story,"novel, (short) story",寝る前に小説を読みます。,I read a novel before going to bed.,,
1713176472702,反対,反対[はんたい],はんたい,"Noun, Suru verb, Intransitive verb, Na-adjective, No-adjective",opposition  resistance  antagonism  hostility  objection  dissent      reverse  opposite  inverse  contrary,"opposition, objection, resistance; opposite, reverse, contrary",父は私の留学に反対している。,My father is against my studying abroad.,,
1713184770485,清潔,清潔[せいけつ],せいけつ,"Noun, Na-adjective",clean  hygienic  sanitary      pure  virtuous  immaculate,"clean, hygienic, sanitary; pure, virtuous",台所はいつも清潔にしています。,I always keep the kitchen clean.,,
1713184844209,温い,温[ぬる]い,ぬるい,I-adjective,lukewarm  tepid    lenient,"lukewarm, tepid; lenient",お風呂のお湯がぬるい。,The bath water is lukewarm.,,
1713184951806,信じる,信[しん]じる,しんじる,"Ichidan verb, Transitive verb",to believe  to believe in  to place trust in  to confide in  to have faith in,"to believe, to believe in, to trust, to have faith in",彼の話を信じています。,I believe what he says.,,
1713185077403,常識,常識[じょうしき],じょうしき,Noun,common sense  good sense  common knowledge  general knowledge  common practice  accepted practice  social etiquette,"common sense; common knowledge, general knowledge",それは常識でしょう。,"That's common sense, isn't it?",,
1713185172539,肩,肩[かた],かた,Noun,shoulder,shoulder,重い荷物を持って肩が痛い。,My shoulder hurts from carrying heavy luggage.,,
1713185253716,体の調子,体[からだ]の 調子[ちょうし],からだのちょうし,"Noun, Expression",Health lit. body condition,"physical condition, health",最近、体の調子がいいです。,I've been in good health lately.,,
1713185318192,酷い,酷[ひど]い,ひどい,I-adjective,cruel  heartless  hard  harsh  severe      violent  intense  strong  heavy  extreme      very bad  terrible  awful      excessive  exorbitant  unreasonable  outrageous  unfair  unjust,"cruel, harsh; terrible, awful; severe, heavy (e.g. rain); outrageous, unfair",昨日はひどい雨でした。,There was terrible rain yesterday.,,
1713185421644,通り,通[とお]り,とおり,"Noun, Counter, Suffix","avenue  street  way  road      coming and going  street traffic    flow (of water, air, etc.)    transmission (of sound)  reach (e.g. of voice)      fame  reputation  popularity      the same status or way  as (e.g. as expected, as I said)      understanding  comprehension      counter for sets of t","street, avenue, road; traffic, coming and going; as, in accordance with (e.g. as expected); counter for ways or methods",この通りには店がたくさんある。,There are a lot of shops on this street.,,
1713369064402,先月,先月[せんげつ],せんげつ,"Noun, Adverb",Last month,last month,先月、京都へ行きました。,I went to Kyoto last month.,,
1713432144825,出掛ける,出掛[でか]ける,でかける,"Ichidan verb, Intransitive verb",to go out (e.g. on an excursion or outing)  to leave  to depart  to start  to set out      to be about to leave  to be just going out,"to go out (e.g. on an outing), to leave, to set out; to be about to leave",母は買い物に出掛けました。,My mother went out shopping.,,
1713445699406,出る,出[で]る,でる,"Ichidan verb, Intransitive verb",(Intransitive verb)     to leave  to exit  to go out  to leave (on a journey)       to depart  to set out     to move forward    to come to  to get to  to lead to  to reach      to appear  to come out  to emerge  to surface  to come forth  to turn up  to be found  to be detected  to be discovered  t,"to leave, to exit, to go out; to depart, to set out; to appear, to come out, to emerge; to reach, to lead to",八時に家を出ます。,I leave home at eight.,,
1713896638784,等,等[など],など,Particle,et cetera  etc.  and the like  and so forth    or something  the likes of,"etc., and so on, and the like; or something; the likes of",週末は掃除や洗濯などをします。,"On weekends I do cleaning, laundry and so on.",,
1713896787342,医学的,医学的[いがくてき],いがくてき,Na-adjective,medical,medical,それは医学的に証明されていない。,That hasn't been medically proven.,,
1714120653118,上手い,上手[うま]い,うまい,I-adjective,skillful  skilful  clever  expert  wise  successful      delicious  appetizing  appetising  tasty      fortunate  splendid  promising,"skillful, good at, clever; delicious, tasty; fortunate, lucky",彼は絵がうまい。,He is good at drawing.,,
1714232993843,迷う,迷[まよ]う,まよう,"Godan verb, Intransitive verb",1: to lose one's way 2: to waver; to hesitate; to be of two minds over; to be puzzled; to be perplexed 3: to give into temptation; to lose control of oneself 4: to turn in one's grave,"to lose one's way, to get lost; to waver, to hesitate, to be perplexed; to give in to temptation; to be unable to rest in peace (of spirits)",どちらを買うか迷っています。,I can't decide which one to buy.,,
1714235493742,曲がる,曲[ま]がる,まがる,"Godan verb, Intransitive verb",1: to bend; to curve; to warp; to wind; to twist 2: to turn 3: to be awry; to be askew; to be crooked,"to bend, to curve, to warp, to twist; to turn; to be crooked, to be askew",次の角を右に曲がってください。,Please turn right at the next corner.,,
1714330780076,貸す,貸[か]す,かす,"Godan verb, Transitive verb",to lend  to loan      to rent out  to hire out,"to lend, to loan; to rent out, to hire out",友達に本を貸しました。,I lent a book to a friend.,,
1714331147108,以外,以外[いがい],いがい,"Noun, Adverb",with the exception of  excepting,"except, other than, with the exception of",エビ以外は大丈夫です。,Anything other than shrimp is fine.,,
1714570615894,果物,果物[くだもの],くだもの,Noun,fruit,fruit,毎朝果物を食べます。,I eat fruit every morning.,,
1714571376336,日本庭園,日本庭園[にほんていえん],にほんていえん,Noun,Japanese-style garden  traditional Japanese landscape garden,"Japanese-style garden, traditional Japanese landscape garden",京都で美しい日本庭園を見た。,I saw a beautiful Japanese garden in Kyoto.,,
1714571386088,池,池[いけ],いけ,Noun,pond,pond,池に魚がたくさんいます。,There are lots of fish in the pond.,,
1714571400385,昔,昔[むかし],むかし,"Noun, No-adjective, Adverb",olden days  former,"olden days, long ago, the past; former",昔、この町に住んでいました。,I used to live in this town long ago.,,
1714571413839,手入れ,手入[てい]れ,ていれ,"Noun, Suru verb, Transitive verb",care  looking after  repair  maintenance  tending  trimming  grooming      (police) raid  crackdown,"care, maintenance, upkeep, repair; (police) raid, crackdown",庭の手入れは大変です。,Looking after the garden is hard work.,,
1714571422030,咲く,咲[さ]く,さく,"Godan verb, Intransitive verb",to bloom  to flower  to blossom  to open,"to bloom, to flower, to blossom",春になると桜が咲きます。,Cherry blossoms bloom when spring comes.,,
1714571520886,私が知る限り,私[わたし]が 知[し]る 限[かぎ]り,わたしがしるかぎり,Expression,As far as I know...,as far as I know,私が知る限り、彼は正直な人です。,"As far as I know, he is an honest person.",,
1714571531730,蛇,蛇[へび],へび,Noun,snake    serpent  large snake,"snake, serpent",草の中に蛇がいた。,There was a snake in the grass.,,
1714571575408,大抵,大抵[たいてい],たいてい,"Noun, Na-adjective, No-adjective, Adverb",mostly  ordinarily  usually  generally    probably    most  almost all    ordinary    proper  appropriate  moderate,"usually, mostly, generally; probably; most, almost all; ordinary",週末はたいてい家にいます。,I'm usually at home on weekends.,,
1714571646951,顎,顎[あご],あご,Noun,jaw  chin    barb (of a fishhook),"jaw, chin; barb (of a fishhook)",転んで顎を打った。,I fell and hit my chin.,,
1714571667451,筋肉,筋肉[きんにく],きんにく,Noun,muscle,muscle,毎日運動して筋肉をつけたい。,I want to build muscle by exercising every day.,,
1714571669123,筋肉痛,筋肉痛[きんにくつう],きんにくつう,Noun,muscular pain  myalgia,"muscle pain, muscle soreness",昨日走ったので筋肉痛です。,My muscles are sore because I ran yesterday.,,
1714571691934,暴力,暴力[ぼうりょく],ぼうりょく,Noun,violence  mayhem,violence,暴力は絶対にだめです。,Violence is never okay.,,
1714586980141,蜘蛛,蜘蛛[くも],くも,Noun,Spider,spider,部屋に大きなクモがいる。,There's a big spider in my room.,,
1714725466124,勝つ,勝[か]つ,かつ,"Godan verb, Intransitive verb",to win  to gain victory,"to win, to gain victory",昨日の試合に勝ちました。,We won yesterday's match.,,
1715329359766,鼠,鼠[ねずみ],ねずみ,Noun,"mouse  rat      dark gray  dark grey  slate (color, colour)","mouse, rat; dark gray",台所でネズミを見た。,I saw a mouse in the kitchen.,,
1715329541096,(masu stem) 〜かた,(masu stem) 〜かた,(masustem)〜かた,"Grammar pattern, Suffix",how to do ~  (turns verb into a noun referring to how something is done),"how to ~, way of doing ~ (attached to the masu-stem)",自転車ののりかたを習うのに時間がかかります。,It takes a long time to learn how to ride a bike.,,
1715329553942,受付,受付[うけつけ],うけつけ,"Noun, Suru verb, Transitive verb",reception (desk)  information desk      receipt  acceptance,"reception (desk), information desk; receipt, acceptance",ホテルの受付で名前を言った。,I gave my name at the hotel reception.,,
1715329578516,付[つ]ける,付[つ]ける,つける,"Ichidan verb, Transitive verb",to attach  to join  to add  to append  to affix  to stick  to glue  to fasten  to sew on  to apply (ointment)    to furnish (a house with)    to wear  to put on      to keep a diary  to make an entry      to appraise  to set (a price)      to allot  to budget  to assign    to bring alongside  to pla,"to attach, to fasten, to add; to put on, to wear; to apply (e.g. ointment); to write down, to keep (a diary)",毎日日記を付けています。,I keep a diary every day.,,
1715329598265,謝る,謝[あやま]る,あやまる,Godan verb,to apologize  to apologise,to apologize,遅れたことを友達に謝った。,I apologized to my friend for being late.,,
1715329610888,連絡,連絡[れんらく],れんらく,"Noun, Suru verb, Transitive verb, Intransitive verb",to contact  to get in touch      contacting  getting in touch  communication  call  message      connection  coordination  junction      intercalary  intercalaris  internuncial,"contact, getting in touch, communication; connection (with a train, bus, etc.)",駅に着いたら連絡してください。,Please contact me when you get to the station.,,
1715329619835,泥棒,泥棒[どろぼう],どろぼう,"Noun, Suru verb, Transitive verb",thief  burglar  robber      theft  burglary  robbery,"thief, burglar, robber; theft, burglary, robbery",昨日、隣の家に泥棒が入った。,A burglar broke into the house next door yesterday.,,
1715329690236,入学,入学[にゅうがく],にゅうがく,"Noun, Suru verb, Intransitive verb","entry to school or university  matriculation  enrolment (in university, etc.) (enrollment)","entering school or university, enrollment, matriculation",弟は来年大学に入学します。,My younger brother will enter university next year.,,
1715329699984,駐車場,駐車場[ちゅうしゃじょう],ちゅうしゃじょう,Noun,parking lot  car park  carpark  parking garage,"parking lot, car park, parking garage",駐車場はどこにありますか？,Where is the parking lot?,,
1715329723986,〜途中,〜 途中[とちゅう],〜とちゅう,"Noun, Grammar pattern",on the way  en route  halfway      in the middle of  midway,"on the way, en route; in the middle of, midway",学校へ行く途中でトムに会った。,I met Tom on the way to school.,,
1715329736230,遠足,遠足[えんそく],えんそく,"Noun, Suru verb, Intransitive verb",excursion  outing  trip,"excursion, outing, school trip",明日は学校の遠足で山に行きます。,Tomorrow we're going to the mountains on a school trip.,,
1715329744555,遠慮,遠慮[えんりょ],えんりょ,"Noun, Suru verb, Transitive verb, Intransitive verb",reserve  constraint  restraint  modesty  diffidence  hesitation  holding back  discretion  tact  thoughtfulness      declining  refraining      forethought  foresight,"reserve, restraint, modesty, hesitation; declining, refraining; forethought",遠慮しないで、たくさん食べてください。,"Don't hold back, please eat a lot.",,
1715329765082,空く,空[あ]く,あく,"Godan verb, Intransitive verb","(intransitive)  to open (e.g. doors)  to open (e.g. business, etc.)  to be empty    to be vacant  to be available  to be free    to be open (e.g. neckline, etc.)  to have been opened (of one's eyes, mouth, etc.)  to come to an end  to open (one's eyes, mouth, etc.)    to have a hole  to form a gap  ","to be empty; to be vacant, to be available, to be free",この席は空いていますか？,Is this seat free?,,The old back mixed in senses of 開く (to open); trimmed to 空く's sense of being empty or vacant.
1715329773609,止まる,止[と]まる,とまる,"Godan verb, Intransitive verb","to stop (moving)  to come to a stop      to stop (doing, working, being supplied)  to come to a halt  to cease  to be stopped  to be suspended      to alight  to perch on","to stop, to come to a stop; to cease, to be stopped; to perch on",駅の前でバスが止まった。,The bus stopped in front of the station.,,
1715679082391,誇る,誇[ほこ]る,ほこる,"Godan verb, Transitive verb",to boast of  to be proud of  to take pride in,"to be proud of, to take pride in, to boast of",彼は自分の仕事を誇っている。,He takes pride in his work.,,
1715679084338,埃,埃[ほこり],ほこり,Noun,dust,dust,机の上にほこりがたまっている。,Dust has piled up on the desk.,,
1715679131360,製品,製品[せいひん],せいひん,Noun,manufactured goods  finished goods  product,"product, manufactured goods, finished goods",この会社の製品はとても人気がある。,This company's products are very popular.,,
1715679149737,電気屋,電気屋[でんきや],でんきや,Noun,electric appliance store  electrician,electrical appliance store,電気屋で新しいテレビを買った。,I bought a new TV at the electronics store.,,
1715679180108,バンドル,バンドル,バンドル,"Noun, Suru verb, Transitive verb",bundle (of products)  bundling (software with hardware),bundle (of products); bundling (software with hardware),このパソコンにはソフトがバンドルされている。,This computer comes bundled with software.,,
1715679191935,探偵,探偵[たんてい],たんてい,Noun,detective  sleuth  investigator,"detective, investigator, sleuth",彼は有名な探偵です。,He is a famous detective.,,
1715762673576,気分,気分[きぶん],きぶん,Noun,feeling  mood,"feeling, mood",今日はとても気分がいいです。,I feel really good today.,,
1715762680973,転換,転換[てんかん],てんかん,"Noun, Suru verb, Transitive verb, Intransitive verb, No-adjective",conversion  diversion  changeover  commutation  switchover,"conversion, changeover, switch; diversion, change (of mood)",散歩は気分転換にいいです。,A walk is good for a change of pace.,,
1715763465370,言う,言[い]う,いう,"Godan verb, Transitive verb","to say  to utter  to declare      to name  to call      to go (e.g. ""the alarm went ping"")  to make a noise","to say, to utter, to declare; to name, to call; to go (of a sound), to make a noise",先生は明日テストがあると言った。,The teacher said there's a test tomorrow.,,
1715890239565,十分,十分[じゅうぶん],じゅうぶん,"Na-adjective, Adverb",enough  sufficient  plenty  adequate  satisfactory      sufficiently  fully  thoroughly  well  perfectly    division into ten,"enough, sufficient, plenty, adequate; sufficiently, fully, thoroughly",十分なスペースです。,That's plenty of space.,,
1715890274755,滑る,滑[すべ]る,すべる,"Godan verb, Intransitive verb",to glide  to slide (e.g. on skis)  to slip      to fail (an examination)  to bomb (when telling a joke)      to drop  to go down  to come down  to fall (e.g. in status),"to slide, to slip, to glide; to fail (an exam); to bomb (of a joke)",雪の道で滑って転んだ。,I slipped and fell on the snowy road.,,
1715890301807,見物,見物[けんぶつ],けんぶつ,"Noun, Suru verb, Transitive verb",sightseeing  watching  viewing      sightseer  watcher  spectator,"sightseeing, watching, viewing; spectator, onlooker",週末に京都を見物しました。,I went sightseeing in Kyoto at the weekend.,,
1715948515255,〜と言われている,〜と 言[い]われている,〜といわれている,"Expression, Grammar pattern",...it is said,it is said that ~; ~ is said to be,彼は天才だと言われている。,He is said to be a genius.,,
1716195017329,画面,画面[がめん],がめん,Noun,"screen (of a TV, computer, etc.)    image (on a screen)  picture  scene    surface of a painting (picture, drawing, etc.)","screen (of a TV, computer, etc.); image, picture, scene",スマホの画面が割れてしまった。,My phone screen cracked.,,
1716195172497,わくわく,わくわく,わくわく,"Suru verb, Intransitive verb, Adverb",trembling  getting nervous  excited  thrilled,"excited, thrilled; trembling (with excitement), nervous",明日の旅行が楽しみでわくわくする。,I'm so excited about tomorrow's trip.,,
1716298400815,よかったら見てください☺️,よかったら 見[み]てください☺️,よかったらみてください☺️,Expression,Please take a look if you like,please take a look if you like,新しい写真をアップしたので、よかったら見てください。,"I uploaded some new photos, so please take a look if you like.",,
1716373059543,安心,安心[あんしん],あんしん,"Noun, Suru verb, Intransitive verb, Na-adjective",relief  peace of mind,"relief, peace of mind, feeling at ease",無事に着いたと聞いて安心しました。,I was relieved to hear you arrived safely.,,
1716373151060,気づく,気[き]づく,きづく,"Godan verb, Intransitive verb",to notice  to recognize  to recognise  to become aware of  to perceive  to realize  to realise,"to notice, to realize, to become aware of, to recognize",財布を忘れたことに気づいた。,I realized I had forgotten my wallet.,,
1716373170857,産む,産[う]む,うむ,"Godan verb, Transitive verb",to give birth  to bear (child)  to lay (eggs)      to produce  to yield  to give rise to  to deliver,"to give birth, to bear (a child); to lay (eggs); to produce, to give rise to",姉は先月女の子を産んだ。,My older sister gave birth to a baby girl last month.,,
1716924730893,偶然,偶然[ぐうぜん],ぐうぜん,"Noun, Na-adjective, No-adjective, Adverb",(by) chance; unexpectedly; suddenly; accident; fortuity; by coincidence,"by chance, accidentally, unexpectedly; coincidence, chance, accident",駅で偶然昔の友達に会った。,I ran into an old friend at the station by chance.,,
1717414696324,実験,実験[じっけん],じっけん,"Noun, Suru verb, Transitive verb",experiment,experiment,理科の授業で実験をしました。,We did an experiment in science class.,,
1717730154449,抱擁,抱擁[ほうよう],ほうよう,"Noun, Suru verb, Transitive verb",embrace; hug; holding in one's arms,"embrace, hug, holding in one's arms",二人は空港で抱擁した。,The two of them embraced at the airport.,,
1717949694043,生,生[なま],なま,"Noun, No-adjective",1: raw; uncooked; fresh 2: natural; as it is; unedited; unprocessed 3: unprotected (i.e. not wearing a condom) 4: live (i.e. not recorded) 5: inexperienced; unpolished; green; crude 6: impudence; sauciness 7: unpasteurized beer; draft beer; draught beer 8: just a little; somehow; vaguely; partially;,"raw, uncooked, fresh; live (not recorded); natural, unprocessed; draft beer",生の魚は苦手です。,I'm not a fan of raw fish.,,
1718135291990,乗り物,乗[の]り 物[もの],のりもの,Noun,"vehicle  conveyance  transport      ride (playground, fair, carnival)  playground facility","vehicle, means of transport; ride (at an amusement park)",東京では電車が一番便利な乗り物です。,"In Tokyo, the train is the most convenient means of transport.",,
1718136223065,麒麟　（キリン）,麒麟[きりん] （キリン）,きりん（キリン）,Noun,giraffe (Giraffa camelopardalis)  qilin (Chinese unicorn)  Kirin (brand of beer),giraffe; kirin (mythical Chinese unicorn),動物園で麒麟を見ました。,I saw a giraffe at the zoo.,,
1718136290662,ラッキー,ラッキー,ラッキー,"Noun, Na-adjective, Interjection",lucky    nice!  score!  bingo!,"lucky; nice!, score!",最後の一個が買えてラッキーだった。,I was lucky to get the last one.,,
1718136924799,波,波[なみ],なみ,Noun,wave  ups and downs,wave; ups and downs,今日は海の波が高い。,The waves are high today.,,
1718139851443,一方,一方[いっぽう],いっぽう,"Noun, Conjunction",one (esp. of two)  the other  one way  the other way  one direction  the other direction  one side  the other side  one party  the other party      on the one hand  on the other hand      whereas  although  but at the same time  meanwhile  in turn      just keeps  being inclined to ...  tending to b,"one side, one (of two); on the other hand, meanwhile, whereas; just keeps ~ing (after a verb)",兄はスポーツが得意だ。一方、弟は勉強が得意だ。,"My older brother is good at sports. On the other hand, my younger brother is good at studying.",,
1718140526635,生姜,生姜[しょうが],しょうが,Noun,ginger (Zingiber officinale),ginger,しょうがを入れると体が温まる。,Adding ginger warms you up.,,
1718140657059,宇宙ステーション,宇宙[うちゅう]ステーション,うちゅうすてーしょん,Noun,space station,space station,宇宙ステーションで働いてみたい。,I'd like to try working on a space station.,,
1718141107001,アイスコーヒー,アイスコーヒー,アイスコーヒー,Noun,iced coffee,iced coffee,アイスコーヒーを一つください。,"One iced coffee, please.",,
1718175221287,先ず (usually kana),先[ま]ず,まず,Adverb,1: first (of all); to start with; about; almost; anyway; well; now 2: hardly (with neg. verb),"first (of all), to start with; probably, almost certainly; well, anyway; hardly (with a negative)",まず手を洗いましょう。,"First, let's wash our hands.",removed junk annotation,Removed the '(usuallykana)' note from the surface; this word is normally written in kana as まず.
1718655320245,赤ちゃん,赤[あか]ちゃん,あかちゃん,Noun,baby  infant,"baby, infant",赤ちゃんが泣いている。,The baby is crying.,,
1718655333303,お客さん,お 客[きゃく]さん,おきゃくさん,"Noun, Honorific",guest  visitor      customer  client  shopper  spectator  audience  tourist  sightseer  passenger,"guest, visitor; customer, client",今日はお客さんがたくさん来た。,Lots of customers came today.,,
1718655343100,首相,首相[しゅしょう],しゅしょう,Noun,"prime minister  chancellor (Germany, Austria, etc.)  premier","prime minister, premier; chancellor",首相が記者会見をした。,The prime minister held a press conference.,,
1718655352548,サラリーマン,サラリーマン,サラリーマン,Noun,office worker  company employee  company man  salaryman (stereotypical Japanese office worker),"office worker, salaried employee, company employee",父はサラリーマンです。,My father is an office worker.,,
1718655360873,給料,給料[きゅうりょう],きゅうりょう,Noun,salary  wages  pay,"salary, wages, pay",給料日は毎月二十五日です。,Payday is the 25th of every month.,,
1718655370574,パンダ,パンダ,パンダ,Noun,panda,panda,上野動物園でパンダを見た。,I saw a panda at Ueno Zoo.,,
1718655379523,コンタクト,コンタクト,コンタクト,"Noun, Suru verb, Intransitive verb",contact  contact lens,contact lens; contact,毎朝コンタクトを入れます。,I put in my contacts every morning.,,
1718655392072,髭,髭[ひげ],ひげ,Noun,"moustache  beard  whiskers      whiskers (on a cat, etc.)  feelers (on an insect, etc.)  (chin) tuft    extremely short pulse appearing on an electrical signal","beard, moustache, whiskers; whiskers (of a cat, etc.), feelers",父はひげを生やしている。,My father has a beard.,,
1718655398625,ブーツ,ブーツ,ブーツ,Noun,boots,boots,冬は毎日ブーツを履いています。,In winter I wear boots every day.,,
1718655405795,鍵,鍵[かぎ],かぎ,Noun,key  lock    key (to a problem)  clue,"key; lock; key (to a problem), clue",鍵をなくしてしまった。,I lost my key.,,
1718655426092,宝くじ,宝[たから]くじ,たからくじ,Noun,lottery  lottery ticket,lottery; lottery ticket,宝くじが当たったらいいな。,It'd be nice to win the lottery.,,
1718655434320,紙,紙[かみ],かみ,Noun,paper,paper,この紙に名前を書いてください。,Please write your name on this paper.,,
1718655446742,スプーン,スプーン,スプーン,Noun,spoon,spoon,スプーンでスープを飲む。,I eat soup with a spoon.,,
1718655458218,電子レンジ,電子[でんし]レンジ,でんしれんじ,Noun,microwave oven,microwave oven,お弁当を電子レンジで温めた。,I heated my bento in the microwave.,,
1718655466468,ヒーター,ヒーター,ヒーター,Noun,heater,heater,寒いのでヒーターをつけた。,"It was cold, so I turned on the heater.",,
1718655476243,ニュース,ニュース,ニュース,Noun,news,news,毎朝テレビでニュースを見ます。,I watch the news on TV every morning.,,
1718655484968,火事,火事[かじ],かじ,Noun,fire (unwanted like a blaze)  conflagration,"fire (destructive), blaze, conflagration",昨夜、近所で火事があった。,There was a fire in my neighborhood last night.,,
1718655494015,旅行会社,旅行会社[りょこうがいしゃ],りょこうがいしゃ,Noun,travel agent  travel agency,"travel agency, travel agent",旅行会社で飛行機のチケットを予約した。,I booked plane tickets at a travel agency.,,
1718655510168,ショッピングモール,ショッピングモール,ショッピングモール,Noun,shopping mall,shopping mall,週末は家族とショッピングモールに行った。,I went to the shopping mall with my family at the weekend.,,
1718655523066,寮,寮[りょう],りょう,Noun,hostel  dormitory    bureau (government department beneath a ministry under the ritsuryo system)  tea-ceremony room  villa,"dormitory, hostel",大学の寮に住んでいます。,I live in the university dormitory.,,
1718655553780,最悪,最悪[さいあく],さいあく,"Noun, Na-adjective, No-adjective, Adverb, Interjection",worst    horrible  horrid  awful  terrible      in the worst case  if worst comes to worst,"the worst; horrible, awful, terrible; in the worst case",雨で試合が中止になって、最悪だ。,"The game got cancelled because of rain, it's the worst.",,
1718655607983,お湯を沸かす,お 湯[ゆ]を 沸[わ]かす,おゆをわかす,"Godan verb, Transitive verb, Expression",To boil water,to boil water,お湯を沸かして、お茶をいれた。,I boiled some water and made tea.,,
1718655620589,髪をとかす,髪[かみ]をとかす,かみをとかす,"Godan verb, Transitive verb, Expression",to comb (one's hair),to comb one's hair,毎朝、鏡の前で髪をとかす。,Every morning I comb my hair in front of the mirror.,,
1718655668539,髭を剃る,髭[ひげ]を 剃[そ]る,ひげをそる,"Godan verb, Transitive verb, Expression",To shave one's beard,to shave (one's beard),父は毎朝髭を剃る。,My father shaves every morning.,,
1718655693262,脱ぐ,脱[ぬ]ぐ,ぬぐ,"Godan verb, Transitive verb","to take off (clothes, shoes, etc.)  to undress","to take off (clothes, shoes, etc.), to undress",玄関で靴を脱いでください。,Please take off your shoes at the entrance.,,
1718655701711,混む,混[こ]む,こむ,"Godan verb, Intransitive verb",to be crowded  to be packed    to be complex,"to be crowded, to be packed",朝の電車はいつも混んでいる。,Morning trains are always crowded.,,
1718655721908,当たる,当[あ]たる,あたる,"Godan verb, Intransitive verb","to be hit  to strike      to touch  to be in contact  to be affixed      to be equivalent to  to be applicable  to apply to    to be right on the money (of a prediction, criticism, etc.)    to be selected (in a lottery, etc.)  to win      to be successful  to go well  to be a hit      to face  to co","to hit, to strike; to be right (of a prediction); to win (a lottery, etc.); to be equivalent to",ボールが頭に当たった。,The ball hit me on the head.,,
1718655750056,お茶をいれる,お 茶[ちゃ]をいれる,おちゃをいれる,"Ichidan verb, Transitive verb, Expression",To make tea,to make tea,母がお茶をいれてくれた。,My mother made tea for me.,,
1718655787428,鍵をかける,鍵[かぎ]をかける,かぎをかける,"Ichidan verb, Transitive verb, Expression",To lock,"to lock (a door, etc.)",出かける前にドアに鍵をかけた。,I locked the door before going out.,,
1718655801933,足りる,足[た]りる,たりる,"Ichidan verb, Intransitive verb",to be sufficient  to be enough      to be worth doing  to be worthy of  to deserve      to do (the job)  to serve  to answer,"to be enough, to be sufficient; to be worth doing, to deserve",千円で足りますか？,"Is 1,000 yen enough?",,
1718655813383,慣れる,慣[な]れる,なれる,"Ichidan verb, Intransitive verb",to get used to  to grow accustomed to  to become familiar with      to become skilled in  to become experienced at      to become tame  to become domesticated    to get used to doing,"to get used to, to grow accustomed to; to become skilled in",日本の生活にもう慣れました。,I've already gotten used to life in Japan.,,
1718655829807,お祈り,お 祈[いの]り,おいのり,"Noun, Suru verb, Intransitive verb",prayer  supplication,"prayer, supplication",寝る前にお祈りをします。,I say a prayer before going to bed.,,
1718655839735,化粧,化粧[けしょう],けしょう,"Noun, Suru verb, Intransitive verb",make-up  makeup  cosmetics,"make-up, cosmetics; putting on make-up",姉は化粧に三十分かかる。,My older sister takes thirty minutes to do her make-up.,,
1718655849310,就職,就職[しゅうしょく],しゅうしょく,"Noun, Suru verb, Intransitive verb",finding employment  getting a job,"finding employment, getting a job",兄は銀行に就職した。,My older brother got a job at a bank.,,
1718655858481,離婚,離婚[りこん],りこん,"Noun, Suru verb, Intransitive verb",divorce,divorce,二人は去年離婚した。,The two of them divorced last year.,,
1718655874682,例えば,例[たと]えば,たとえば,Adverb,for example  for instance  e.g.,"for example, for instance",日本料理、例えば寿司が好きです。,"I like Japanese food, for example sushi.",,
1718655891456,〜に比べる,〜に 比[くら]べる,〜にくらべる,"Ichidan verb, Transitive verb, Grammar pattern",to compare  to make a comparison      to compete  to vie,"compared to ~, in comparison with ~; to compare with ~",昨日に比べて寒い。,It's cold compared to yesterday.,,
1718655995879,∼によると,∼によると,∼によると,"Expression, Grammar pattern",According to ~,according to ~,天気予報によると、明日は雨が降るそうです。,"According to the weather forecast, it will rain tomorrow.",,
1718656047130,やっぱり,やっぱり,やっぱり,Adverb,As expected! After all...,"as expected, just as I thought; after all, in the end; also, too",私はやっぱりあなたが好きです。,I like you after all.,,
1719135930563,現代,現代[げんだい],げんだい,"Noun, No-adjective, Adverb",nowadays; modern era; modern times; present-day,"modern times, the present day, nowadays; modern era",現代の若者はスマホをよく使う。,Young people today use smartphones a lot.,,
1719172612458,小便,小便[しょうべん],しょうべん,"Noun, Suru verb, Intransitive verb",urine; piss; pee,"urine, pee; urination",子どもが小便をしたいと言った。,The child said he needed to pee.,,
1719172639550,大便,大便[だいべん],だいべん,Noun,feces; excrement; shit,"feces, excrement, stool",犬の大便はきちんと片付けましょう。,Make sure to clean up after your dog's poop.,,
1719222397784,取り消す,取[と]り 消[け]す,とりけす,"Godan verb, Transitive verb","to cancel  to withdraw  to retract  to take back (words, etc.)  to revoke","to cancel, to revoke; to retract, to take back (words, etc.)",ホテルの予約を取り消した。,I cancelled my hotel reservation.,,
1719565429149,運転手,運転手[うんてんしゅ],うんてんしゅ,Noun,driver  chauffeur,"driver, chauffeur",タクシーの運転手に道を聞いた。,I asked the taxi driver for directions.,,
1719565541433,王国,王国[おうこく],おうこく,Noun,kingdom  monarchy,"kingdom, monarchy",この国は昔、小さな王国だった。,This country was once a small kingdom.,,
1719565783051,居酒屋,居酒屋[いざかや],いざかや,Noun,izakaya  Japanese bar that also serves various dishes and snacks,"izakaya, Japanese pub serving food and drinks",仕事の後、同僚と居酒屋に行った。,"After work, I went to an izakaya with my coworkers.",,
1719565811094,鉄板焼き,鉄板焼[てっぱんや]き,てっぱんやき,Noun,teppanyaki (Japanese cooking prepared on a hot steel plate in the center of the table),teppanyaki (food grilled on an iron griddle),誕生日に鉄板焼きを食べに行った。,I went out for teppanyaki on my birthday.,,
1719565852647,失言,失言[しつげん],しつげん,"Noun, Suru verb, Intransitive verb",verbal gaffe  verbal slip  slip of the tongue  using improper words,"slip of the tongue, verbal gaffe, improper remark",大臣の失言が問題になった。,The minister's gaffe became a big issue.,,
1719565950071,ビル,ビル,ビル,Noun,multi-floor building  multi-storey building    bill,building (multi-storey); bill,駅の前に高いビルが建った。,A tall building went up in front of the station.,,
1719565965012,カラフル,カラフル,カラフル,Na-adjective,colorful  colourful,colorful,カラフルな傘を買った。,I bought a colorful umbrella.,,
1719565984915,懐かしい,懐[なつ]かしい,なつかしい,I-adjective,dear (old)  fondly-remembered  beloved  missed  nostalgic,"nostalgic; dear (old), fondly remembered, missed",この歌はとても懐かしい。,This song is really nostalgic.,,
1719566044663,読解,読解[どっかい],どっかい,"Noun, Suru verb, Transitive verb",reading comprehension,reading comprehension,読解の問題は難しかった。,The reading comprehension questions were difficult.,,
1719839163954,中級,中級[ちゅうきゅう],ちゅうきゅう,"Noun, No-adjective",intermediate level,intermediate level,今は中級の日本語を勉強しています。,I'm currently studying intermediate Japanese.,,
1719839188352,挑戦,挑戦[ちょうせん],ちょうせん,"Noun, Suru verb, Intransitive verb",challenge  defiance  dare  attempt  try,"challenge, attempt, try; defiance",新しいことに挑戦したい。,I want to try something new.,,
1719839379513,外来語,外来語[がいらいご],がいらいご,Noun,loanword  foreign-origin word,"loanword, word of foreign origin",日本語には外来語がたくさんある。,Japanese has a lot of loanwords.,,
1719839718456,とんでも無い,とんでも 無[な]い,とんでもない,"I-adjective, Expression",unthinkable  absurd  outrageous  preposterous  terrible      absolutely not!  not at all!  far from it!  impossible!  preposterous!  what a thing to say!  no way!  bullshit      don't mention it  you're welcome,"unthinkable, absurd, outrageous; not at all!, no way!; don't mention it",そんなとんでもない話は信じられない。,I can't believe such an absurd story.,,
1719839748677,宇宙人,宇宙人[うちゅうじん],うちゅうじん,Noun,space alien  alien  extraterrestrial being,"alien, extraterrestrial",宇宙人は本当にいると思いますか？,Do you think aliens really exist?,,
1719839786576,〜様だ,〜 様[よう]だ,〜ようだ,"Grammar pattern, Auxiliary","seeming to be  appearing to be      like  similar to      in order to (e.g. meet goal)  so that    indicates hope, wish, request or mild command","seems ~, appears to be ~; like ~, similar to ~",今日は寒くなるようだ。,It looks like it's going to get cold today.,,This pattern is almost always written in kana as 〜ようだ.
1719839824706,発音,発音[はつおん],はつおん,"Noun, Suru verb, Transitive verb",pronunciation  production of sound,pronunciation; production of sound,日本語の発音は難しいですか？,Is Japanese pronunciation difficult?,,
1719839856499,紛らわしい,紛[まぎ]らわしい,まぎらわしい,I-adjective,easily mixed up (e.g. similar words)  easily mistaken  confusingly similar  misleading  equivocal  ambiguous,"confusingly similar, easily mixed up; misleading, ambiguous",この二つの漢字は紛らわしい。,These two kanji are easily confused.,,
1719840100854,自身,自身[じしん],じしん,"Noun, Suffix",(one's) self  oneself    (not じぶん),"oneself, (one's) self",それは私自身の問題です。,That is my own problem.,,
1719840139516,友人,友人[ゆうじん],ゆうじん,Noun,friend (notともだち),friend,週末に友人と食事をしました。,I had a meal with a friend on the weekend.,,
1719840260955,使い分け,使[つか]い 分[わ]け,つかいわけ,"Noun, Suru verb, Transitive verb",proper use  using (different things) for different purposes,proper use; using different things for different purposes,敬語の使い分けは難しい。,Using honorific forms appropriately is difficult.,,
1719840377317,相手,相手[あいて],あいて,Noun,"companion  partner  company      other party  addressee    opponent (sports, etc.)","companion, partner; other party, addressee; opponent",話す相手がいなくて寂しい。,I'm lonely because I have no one to talk to.,,
1719840992007,場合,場合[ばあい],ばあい,Noun,case  situation,"case, situation",雨の場合は中止です。,"In case of rain, it will be cancelled.",,
1719841100710,今更,今更[いまさら],いまさら,Adverb,now (when it is already much too late)  at this stage      afresh  anew  again,"now (when it is too late), at this stage; afresh, anew",今更謝っても遅いよ。,It's too late to apologise now.,,
1719922046218,姉妹,姉妹[しまい],しまい,Noun,sisters,sisters,あの二人は姉妹です。,Those two are sisters.,,
1719925195694,~とか,~とか,~とか,"Grammar pattern, Particle",~ this amongst other things etc,"such as ~, things like ~; ~ and so on",私はおすしとかラーメンとか日本料理が好きです。,"I love Japanese food, like sushi, ramen and so on.",,
1720180387103,狩[か] り,狩[か]り,かり,"Noun, Suffix","hunting    harvesting (e.g. berries, fruit)  picking  gathering","hunting; picking, gathering (e.g. fruit)",週末にいちご狩りに行きました。,I went strawberry picking at the weekend.,,
1720180452640,メレンゲ,メレンゲ,メレンゲ,Noun,meringue,meringue,卵白でメレンゲを作ります。,I make meringue with egg whites.,,
1720180476061,固[かた] い,固[かた]い,かたい,I-adjective,hard  solid  tough      stiff  tight  wooden  unpolished (e.g. writing)      strong  firm (not viscous or easily moved)      safe  steady  honest  steadfast      obstinate  stubborn      bookish  formal  stuffy,"hard, solid, tough; firm, tight; stiff, formal; steadfast, reliable",このパンは固くて食べにくい。,This bread is hard and difficult to eat.,,
1720180488136,柔[やわ] らかい,柔[やわ]らかい,やわらかい,I-adjective,soft  tender  pliant  supple  limber  limp      gentle  mild  mellow      informal  light  flexible (e.g. thinking),"soft, tender, supple; gentle, mild; flexible (e.g. thinking)",このパンはとても柔らかい。,This bread is very soft.,,
1720180505010,輸入[ゆにゅう],輸入[ゆにゅう],ゆにゅう,"Noun, Suru verb, Transitive verb",import  importation  introduction    afferent,"import, importation; introduction",日本は多くの食料を輸入しています。,Japan imports a lot of food.,,
1720180515786,輸出[ゆしゅつ],輸出[ゆしゅつ],ゆしゅつ,"Noun, Suru verb, Transitive verb",export  exportation    efferent,"export, exportation",この国は車を輸出しています。,This country exports cars.,,
1720180532685,貿易[ぼうえき],貿易[ぼうえき],ぼうえき,"Noun, Suru verb, Intransitive verb",trade (foreign),(foreign) trade,日本は多くの国と貿易をしています。,Japan trades with many countries.,,
1720180541334,易[やさ] しい,易[やさ]しい,やさしい,I-adjective,easy  plain  simple,"easy, plain, simple",この問題は易しいです。,This question is easy.,,
1720180556109,結[むす] ぶ,結[むす]ぶ,むすぶ,"Godan verb, Transitive verb",to tie  to bind  to link    to bear (fruit)    to close (e.g. deal)  to confirm  to conclude    to connect (two distant places)    to close tightly  to purse (e.g. lips)      to unite (with)  to ally  to join hands,"to tie, to bind; to link, to connect; to conclude (e.g. a contract); to bear (fruit)",靴のひもを結んでください。,Please tie your shoelaces.,,
1720180571208,願[ねが] い 事[ごと],願[ねが]い 事[ごと],ねがいごと,Noun,wish  dream (like a hope)  prayer  one's desire,"wish, prayer; one's desire",流れ星に願い事をした。,I made a wish on a shooting star.,,
1720180580280,米[こめ],米[こめ],こめ,Noun,(husked grains of) rice,(uncooked) rice,スーパーで米を買いました。,I bought rice at the supermarket.,,
1720180593879,屋台[やたい],屋台[やたい],やたい,Noun,"cart (esp. a food cart)  stall  stand      festival float  portable shrine dedicated to a god and shaped like a house  dancing platform    stage prop fashioned after a large building  framework (of a house, etc.)  house (esp. a small and miserable house)","food cart, stall, stand; festival float",お祭りの屋台でたこ焼きを食べた。,I ate takoyaki at a festival stall.,,
1720180606555,推測[すいそく],推測[すいそく],すいそく,"Noun, Suru verb, Transitive verb, No-adjective",guess  conjecture,"guess, conjecture",それはただの推測です。,That's just a guess.,,
1720180618079,楽[たの] しむ,楽[たの]しむ,たのしむ,"Godan verb, Transitive verb",to enjoy (oneself),to enjoy (oneself),旅行を楽しんでください。,Please enjoy your trip.,,
1720180631778,楽しみ,楽[たの]しみ,たのしみ,"Noun, Na-adjective",enjoyment  pleasure  diversion  amusement  hobby      anticipation  looking forward to,"looking forward to, anticipation; enjoyment, pleasure; hobby",来週の旅行が楽しみです。,I'm looking forward to next week's trip.,,Existing reading field contained the kanji 楽しみ rather than its reading; corrected to たのしみ.
1720186252088,動詞[どうし],動詞[どうし],どうし,Noun,verb,verb,この文の動詞はどれですか？,Which is the verb in this sentence?,,
1720186265840,形容詞[けいようし],形容詞[けいようし],けいようし,Noun,adjective  i-adjective (in Japanese),adjective; i-adjective (in Japanese grammar),「高い」は形容詞です。,"""Takai"" is an adjective.",,
1720186273186,名詞[めいし],名詞[めいし],めいし,Noun,noun,noun,「本」は名詞です。,"""Hon"" is a noun.",,
1720186294558,副詞[ふくし],副詞[ふくし],ふくし,Noun,adverb,adverb,「ゆっくり」は副詞です。,"""Yukkuri"" is an adverb.",,
1720254893488,停止,停止[ていし],ていし,"Noun, Suru verb, Intransitive verb",suspension; interruption; stoppage; ban; standstill; halt; hang-up; deadlock; stalemate; abeyance  (Noun する verb),"stoppage, halt, coming to a stop; suspension, ban",電車が駅の前で停止した。,The train came to a stop in front of the station.,,
1720604476096,中華街[ちゅうかがい],中華街[ちゅうかがい],ちゅうかがい,Noun,Chinatown,Chinatown,横浜の中華街で昼ご飯を食べた。,I had lunch in Yokohama's Chinatown.,,
1720697905317,雰囲気[ふんいき],雰囲気[ふんいき],ふんいき,Noun,Vibe,"atmosphere, mood, vibe, ambience",このカフェは雰囲気がいいですね。,"This cafe has a nice atmosphere, doesn't it?",,
1720698033359,独特[どくとく],独特[どくとく],どくとく,"Noun, Na-adjective, No-adjective",peculiarity  uniqueness  characteristic,"unique, characteristic, peculiar; uniqueness",この料理には独特な味がある。,This dish has a unique flavour.,,
1720768901479,帝国[ていこく],帝国[ていこく],ていこく,"Noun, No-adjective",empire  imperial,empire; imperial,ローマ帝国は長く続いた。,The Roman Empire lasted a long time.,,
1720768928699,侵入[しんにゅう],侵入[しんにゅう],しんにゅう,"Noun, Suru verb, Intransitive verb, No-adjective",invasion  incursion  raid  aggression  intrusion  trespass  penetration,"invasion, incursion, raid; intrusion, trespass",泥棒が窓から家に侵入した。,A burglar broke into the house through the window.,,
1721129151462,貧しい,貧[まず]しい,まずしい,I-adjective,poor; needy,"poor, needy; lacking, meagre",彼は貧しい家に生まれた。,He was born into a poor family.,,
1721129728037,絶対,絶対[ぜったい],ぜったい,"Noun, No-adjective, Adverb",1: absolutely; unconditionally 2: absolute; unconditional; unmistakable 3: absoluteness,"definitely, absolutely, unconditionally; absolute, unconditional; absoluteness",明日は絶対に遅れないでね。,Make absolutely sure you're not late tomorrow.,,
1721459695482,言語,言語[げんご],げんご,Noun,language (noun),language,彼は三つの言語を話せます。,He can speak three languages.,,
1721652572305,桜[さくら] ん 坊[ぼ],桜[さくら]ん 坊[ぼ],さくらんぼ,Noun,"cherry fruit (esp. sweet cherry, Prunus avium)",cherry (fruit),さくらんぼは初夏の果物です。,Cherries are an early-summer fruit.,,
1721654819905,生産[せいさん],生産[せいさん],せいさん,"Noun, Suru verb, Transitive verb",production  manufacture,"production, manufacture",この工場では車を生産しています。,This factory produces cars.,,
1721655173378,実[み],実[み],み,Noun,"fruit  nut    seed  (in broth) pieces of meat, vegetable, etc.    content  substance","fruit, nut; seed; content, substance; ingredients (in soup)",木にたくさんの実がなった。,The tree bore a lot of fruit.,,
1721655322461,熟[じゅく] する,熟[じゅく]する,じゅくする,"Suru verb, Intransitive verb",to ripen  to mature      to be ready for action  to be the right time (to act)      to be in common use  to come to sound natural    to become skilled,"to ripen, to mature; to be the right time (to act); to become skilled",トマトが赤く熟した。,The tomatoes ripened and turned red.,,
1721655563513,市[し],市[し],し,"Noun, Suffix",city,city,私は横浜市に住んでいます。,I live in Yokohama City.,,
1721655771614,届[とど] ける,届[とど]ける,とどける,"Ichidan verb, Transitive verb",to deliver  to forward  to send      to report  to notify  to file notice (to the authorities)  to give notice  to register,"to deliver, to send; to report, to notify",この荷物を友達に届けてください。,Please deliver this package to my friend.,,
1722258614333,苦[くる] しい,苦[くる]しい,くるしい,I-adjective,"painful, suffering","painful, suffering; difficult, tough, hard",彼は過去の苦しい生活を黙想した。,He meditated on his past life of suffering.,,
1722258640404,恋[こい] しい,恋[こい]しい,こいしい,I-adjective,yearned for  longed for  missed,"missed, longed for, yearned for",国の家族が恋しいです。,I miss my family back home.,,
1722258660134,妬[ねた] ましい,妬[ねた]ましい,ねたましい,I-adjective,"Jealous, envious (in a bad way)","jealous, envious (resentfully)",友達の成功が妬ましかった。,I was jealous of my friend's success.,,
1722339135550,人生,人生[じんせい],じんせい,Noun,(human) life (i.e. conception to death),"(human) life, one's lifetime",人生は一度しかない。,You only live once.,,
1722507062787,燃[も] やす,燃[も]やす,もやす,"Godan verb, Transitive verb",To burn (something),to burn (something),庭で落ち葉を燃やした。,I burned fallen leaves in the garden.,,
1722507106757,キャンプ,キャンプ,キャンプ,"Noun, Suru verb, Intransitive verb",camp,"camp, camping",夏休みに山でキャンプをした。,I went camping in the mountains during the summer holidays.,,
1722507208053,出来[でき] る,出来[でき]る,できる,"Ichidan verb, Intransitive verb",to be able (in a position) to do  to be up to the task      to be ready  to be completed      to be made  to be built      to be good at  to be permitted (to do)      to become intimate  to take up (with somebody)      to grow  to be raised    to become pregnant,"to be able to do, can; to be ready, to be completed; to be made, to be built; to be good at",私は日本語が少し出来ます。,I can speak a little Japanese.,,
1722507222530,快適[かいてき],快適[かいてき],かいてき,"Noun, Na-adjective",pleasant  agreeable  comfortable   (な-adjective),"pleasant, agreeable, comfortable",新しい部屋はとても快適です。,The new room is very comfortable.,,
1722507236406,泡[あわ],泡[あわ],あわ,Noun,bubble  foam  froth  head on beer,"bubble, foam, froth; head on beer",このビールは泡が多い。,This beer has a lot of foam.,,
1722507266255,比較[ひかく],比較[ひかく],ひかく,"Noun, Suru verb, Transitive verb, No-adjective",comparison (e.g. in an essay),comparison,二つの国の文化を比較してみよう。,Let's compare the cultures of the two countries.,,
1722507288554,依存[いぞん],依存[いぞん],いぞん,"Noun, Suru verb, Intransitive verb",dependence  reliance  addiction,"dependence, reliance; addiction",彼はスマホに依存している。,He is addicted to his smartphone.,,
1722507298583,海鮮[かいせん],海鮮[かいせん],かいせん,Noun,seafood,seafood,この店の海鮮丼はおいしい。,The seafood rice bowl at this shop is delicious.,,
1722851794964,剃[そ] る,剃[そ]る,そる,"Godan verb, Transitive verb",to shave,to shave,毎朝ひげを剃ります。,I shave every morning.,,
1722890551090,カーテン,カーテン,カーテン,Noun,curtain  curtains,"curtain, curtains",カーテンを閉めてください。,Please close the curtains.,,
1722890576168,ソファ,ソファ,ソファ,Noun,sofa  couch,"sofa, couch",ソファで本を読んでいます。,I'm reading a book on the sofa.,,
1722890587738,スイッチ,スイッチ,スイッチ,"Noun, Suru verb, Intransitive verb",switch,switch,電気のスイッチを入れてください。,Please turn on the light switch.,,
1722890604719,ポップコーン,ポップコーン,ポップコーン,Noun,popcorn,popcorn,映画を見ながらポップコーンを食べた。,I ate popcorn while watching a film.,,
1722890612134,シャンプー,シャンプー,シャンプー,"Noun, Suru verb, Intransitive verb",shampoo,shampoo,シャンプーが切れてしまった。,I've run out of shampoo.,,
1722890625413,タオル,タオル,タオル,Noun,towel,towel,タオルを貸してくれませんか？,Could you lend me a towel?,,
1722890652887,スカート,スカート,スカート,Noun,skirt,skirt,新しいスカートを買いました。,I bought a new skirt.,,
1722890660512,日記[にっき],日記[にっき],にっき,Noun,diary  journal,"diary, journal",毎晩日本語で日記を書いています。,I write a diary in Japanese every night.,,
1722890672992,家賃[やちん],家賃[やちん],やちん,Noun,rent,rent,この部屋の家賃は高いです。,The rent for this room is expensive.,,
1722890708562,暗[くら] い,暗[くら]い,くらい,I-adjective,dark  gloomy  murky      depressed  dispirited  down in the dumps  dark (mood)      dark (in colour)  dull      ill-boding  dark (e.g. past)  suspicious      unlikely (to succeed)  hopeless  unpromising      unfamiliar (with)  ignorant (of),"dark, gloomy; depressed, dispirited; dark (colour); unfamiliar with, ignorant of",冬は外が暗くなるのが早い。,In winter it gets dark early outside.,,
1722890722706,恥[は] ずかしい,恥[は]ずかしい,はずかしい,I-adjective,embarrassing  embarrassed  ashamed  humiliated  shy      disgraceful  shameful,"embarrassing, embarrassed, ashamed; shy; disgraceful, shameful",人前で歌うのは恥ずかしい。,Singing in front of people is embarrassing.,,
1722890736032,不安[ふあん],不安[ふあん],ふあん,"Noun, Na-adjective",anxiety  uneasiness  worry  apprehension  fear  insecurity  suspense,"anxiety, uneasiness, worry, insecurity",試験の結果が不安です。,I'm worried about the exam results.,,
1722890749860,閉[し] まる,閉[し]まる,しまる,"Godan verb, Intransitive verb",(intransitive)    to be shut  to close  to be closed    to be locked    to tighten  to be tightened      to become sober  to become tense,"to close, to be shut; to be locked; to tighten, to be tightened",店はもう閉まっています。,The shop is already closed.,,
1722890779182,落[お] とす,落[お]とす,おとす,"Godan verb, Transitive verb",To drop or lower (something),"to drop, to let fall; to lose; to lower",財布を落としてしまった。,I dropped my wallet.,,
1722890808657,転[ころ] ぶ,転[ころ]ぶ,ころぶ,"Godan verb, Intransitive verb",(intransitive)    to fall down  to fall over  to slip over      to turn out  to play out      to abandon Christianity (and convert to Buddhism)  to apostatize      to roll  to tumble    (for a geisha) to prostitute (herself) in secret,"to fall down, to fall over, to slip over; to turn out, to play out",雪の道で転んだ。,I fell over on the snowy road.,,
1722890817756,壊[こわ] す,壊[こわ]す,こわす,"Godan verb, Transitive verb","(transitive)    to break  to destroy  to demolish      to wreck  to ruin  to spoil  to damage    to break (a bill, etc.)","to break, to destroy, to wreck; to ruin, to damage (e.g. health)",弟が私のおもちゃを壊した。,My little brother broke my toy.,,
1722890831705,助[たす] かる,助[たす]かる,たすかる,"Godan verb, Intransitive verb",to be saved  to be rescued  to survive      to escape harm  to be spared damage      to be helped  to be saved trouble,"to be helped, to be saved trouble; to be saved, to be rescued, to survive",手伝ってくれて本当に助かりました。,"Thanks for helping, it was a real help.",,
1722890900756,片付[かたづ] ける,片付[かたづ]ける,かたづける,"Ichidan verb, Transitive verb",to tidy up  to put in order  to straighten up  to put away      to settle (problem)  to clear (dispute)      to finish  to bring something to an end    to marry off (e.g. a daughter)    to do away with someone  to bump someone off,"to tidy up, to put in order, to put away; to settle (a problem); to finish",部屋を片付けなさい。,Tidy up your room.,,
1722890920401,壊[こわ] れる,壊[こわ]れる,こわれる,"Ichidan verb, Intransitive verb",(intransitive)    to be broken  to break      to fall through  to come to nothing,"to be broken, to break; to fall through, to come to nothing",パソコンが壊れてしまった。,My computer broke.,,
1722890931748,汚[よご] れる,汚[よご]れる,よごれる,"Ichidan verb, Intransitive verb",(intransitive)    to get dirty  to become dirty      to become sullied  to become corrupted  to lose one's chastity,"to get dirty, to become dirty; to become sullied, to become corrupted",雨で靴が汚れた。,My shoes got dirty in the rain.,,
1722890945953,注文[ちゅうもん],注文[ちゅうもん],ちゅうもん,"Noun, Suru verb, Transitive verb",order (for an item)    request  demand  condition,"order (for an item); request, demand",ご注文はお決まりですか？,Are you ready to order?,,
1722890966224,~ 迄[まで] に,~ 迄[まで]に,~までに,"Grammar pattern, Particle",by  not later than  before,"by ~, not later than ~, before ~",金曜日までにレポートを出してください。,Please submit the report by Friday.,,迄 is normally written in kana; までに is the usual spelling.
1722891027129,お 陰[かげ] で,お 陰[かげ]で,おかげで,Expression,thanks to ...  owing to ...  because of ...,"thanks to ~, owing to ~, because of ~",先生のおかげで試験に合格しました。,"Thanks to my teacher, I passed the exam.",,
1722891056002,どうしよう,どうしよう,どうしよう,Expression,what to do,what should I do?; what to do,財布がない、どうしよう。,"My wallet's gone, what should I do?",,
1724229476599,正解[せいかい],正解[せいかい],せいかい,"Noun, Suru verb, Intransitive verb","correct  right  correct interpretation (answer, solution)","correct answer, right interpretation; correct, right",正解は三番です。,The correct answer is number three.,,
1724769310145,大聖堂[だいせいどう],大聖堂[だいせいどう],だいせいどう,Noun,cathedral,cathedral,町の中心に大きな大聖堂がある。,There is a large cathedral in the centre of town.,,
1724769338342,走[はし] る,走[はし]る,はしる,"Godan verb, Intransitive verb",to run    to travel (movement of vehicles)  to drive  to flow (e.g. energy)    to hurry to    to retreat (from battle)  to take flight    to run away from home  to elope  to tend heavily toward    to flash  to streak  to shoot through (e.g. pain)      to get involved  to take (to something)  to get ,"to run; to travel (of vehicles), to drive; to flash, to shoot through (e.g. pain); to run, to extend (of roads etc.)",毎朝公園を走っています。,I run in the park every morning.,,
1724769413440,って,って,って,Particle,you said  he said  she said  they said    if ... then  do you seriously think that    I already told you  you should know by now that  of course      the said ...  said ...    says that ...  I hear that ...  as for the term ...  as for ...,"I hear that ~, they say ~; you said, he said; as for ~, speaking of ~; if ~ then",明日は雨だって。,They say it'll rain tomorrow.,,
1724769488211,教会[きょうかい],教会[きょうかい],きょうかい,Noun,church  congregation,church; congregation,日曜日に教会へ行きます。,I go to church on Sundays.,,
1724769547970,思い出ができる,思[おも]い 出[で]ができる,おもいでができる,Expression,To make memories,to make memories,この旅行でいい思い出ができた。,I made good memories on this trip.,,
1724769619158,ポテトチップス,ポテトチップス,ポテトチップス,Noun,potato chips  potato crisps,"potato chips, potato crisps",ポテトチップスを一袋食べてしまった。,I ended up eating a whole bag of crisps.,,
1724769671254,昨夜[さくや],昨夜[さくや],さくや,"Noun, Adverb",last night  yesterday evening,"last night, yesterday evening",昨夜は遅くまで勉強した。,I studied until late last night.,,昨夜 is also commonly read ゆうべ in conversation; さくや is the more formal reading.
1724769697254,止[や] む,止[や]む,やむ,"Godan verb, Intransitive verb",to cease  to stop  to be over   (intransitive),"to stop, to cease, to be over",雨が止んだら出かけよう。,Let's go out once the rain stops.,,
1724942223681,一周[いっしゅう],一周[いっしゅう],いっしゅう,"Noun, Suru verb, Transitive verb",one round  one circuit  one revolution  one lap  one turn,"one lap, one round, one circuit; going around",公園を一周走りました。,I ran one lap around the park.,,
1725018564372,滅茶[めっちゃ],滅茶[めっちゃ],めっちゃ,Adverb,very  extremely  excessively,"very, extremely (slang)",このラーメン、めっちゃおいしい！,This ramen is super tasty!,,This word is almost always written in kana as めっちゃ; the kanji 滅茶 is rare.
1725018703824,まじ,まじ,まじ,"Noun, Na-adjective",serious  not joking  straight      cannot  should not  will not  must not,"serious, not joking; really?, seriously?",え、それまじで？,"What, seriously?",,
1725019016194,印象[いんしょう],印象[いんしょう],いんしょう,Noun,impression,impression,彼の第一印象はとてもよかった。,My first impression of him was very good.,,
1725095918344,再生,再生[さいせい],さいせい,"Noun, Suru verb, Transitive verb, No-adjective","1: resuscitation; regeneration; restoration to life 2: reformation; rehabilitation 3: playback; regeneration (sound, etc.) 4: reclamation; recovery 5: rebirth; reincarnation","playback (of audio, video); regeneration, revival; rebirth; recycling",この動画を再生してください。,Please play this video.,,
1725288613047,事件[じけん],事件[じけん],じけん,Noun,affair  incident  case  plot  trouble  scandal,"incident, event, affair; case (e.g. criminal); scandal",昨日、近所で事件があった。,There was an incident in my neighbourhood yesterday.,,
1725288761767,最高[さいこう],最高[さいこう],さいこう,"Noun, Na-adjective, No-adjective",most  highest  maximum  uppermost  supreme      best  wonderful  finest,"best, wonderful, supreme; highest, maximum",今日の天気は最高です。,Today's weather is wonderful.,,
1725288836714,キャラ,キャラ,キャラ,Noun,(fictional) character    character  personality  persona,"character (fictional); personality, persona",このアニメのキャラが大好きです。,I love the characters in this anime.,,
1725301799166,こう 言[い] う,こう 言[い]う,こういう,Pre-noun adjectival,such  this sort of  like this,"this kind of, such, like this",こういう映画が好きです。,I like this kind of film.,,
1725373062612,元々[もともと],元々[もともと],もともと,"No-adjective, Adverb",originally  by nature  from the start,"originally, from the start; by nature",彼は元々静かな人です。,He has always been a quiet person by nature.,,
1725374442494,都度[つど],都度[つど],つど,Noun,each (every) time  whenever,"each time, every time, whenever",質問があれば、その都度聞いてください。,"If you have questions, please ask each time.",,
1725453349721,イライラ,イライラ,イライラ,"Noun, Suru verb, Intransitive verb, Adverb",to get irritated  to get annoyed  to be on the edge  to fret  to lose patience,"to get irritated, to get annoyed, to fret, to lose patience; irritation",電車が遅れてイライラした。,I got irritated because the train was late.,,
1725453732628,落[お] ち 着[つ] く,落[お]ち 着[つ]く,おちつく,"Godan verb, Intransitive verb","to calm down  to compose oneself  to regain presence of mind      to calm down  to settle down  to die down  to become stable  to abate      to settle down (in a location, job, etc.)  to settle in      to be settled  to be fixed  to have been reached      to harmonize with  to harmonise with  to mat","to calm down, to compose oneself; to settle down, to settle in; to become stable, to die down; to suit, to be subdued",深呼吸して落ち着いてください。,Take a deep breath and calm down.,,
1725455462170,趣[おもむき],趣[おもむき],おもむき,Noun,meaning  tenor  gist      effect  influence      appearance  aspect      grace  charm  refinement  taste  elegance,"charm, elegance, grace, taste; meaning, gist; appearance, aspect; effect, influence",この古いお寺には趣がある。,This old temple has a certain charm.,,
1725486247300,目指[めざ] す,目指[めざ]す,めざす,"Godan verb, Transitive verb",(transitive)    to aim at  to have an eye on      to go toward  to head for,"to aim at, to aim for, to have an eye on; to head for, to go toward",教育はテストに合格することを目指すべきでない。,Education should not be aimed at passing tests.,,
1725488230348,変更[へんこう],変更[へんこう],へんこう,"Noun, Suru verb, Transitive verb",a change  a modification  an alteration  a revision  an amendment,"change, modification, alteration, revision",会議の予定を変更しました。,I changed the meeting schedule.,,
1725542420447,それ以上でも、それ以下でもない,それ 以上[いじょう]でも、それ 以下[いか]でもない,それいじょうでも、それいかでもない,Expression,"Nothing more, Nothing less","nothing more, nothing less",彼はただの友達で、それ以上でも、それ以下でもない。,"He's just a friend, nothing more, nothing less.",,
1725574231355,日帰[ひがえ] り,日帰[ひがえ]り,ひがえり,"Noun, Suru verb, Intransitive verb",day trip,day trip,週末に日帰りで京都に行きました。,I went to Kyoto on a day trip at the weekend.,,
1725625268277,似[に] る,似[に]る,にる,"Ichidan verb, Intransitive verb","to resemble  to look like  to take after      to be similar (in status, condition, etc.)  to be close  to be alike  to be like","to resemble, to look like, to take after; to be similar, to be alike",あなたはお父さんに似てるね。,You look like your dad.,,
1725625625936,〜みたい,〜みたい,〜みたい,"Na-adjective, Grammar pattern, Suffix",-like  sort of  similar to  resembling,"like ~, similar to ~; seems ~, looks like ~",あの人はゴリラみたいです。,That person looks like a gorilla.,,
1725625645960,石[いし],石[いし],いし,Noun,stone    gem  jewel,"stone; jewel, precious stone",子供が川で石を拾っている。,The child is picking up stones in the river.,,
1725625689461,草[くさ],草[くさ],くさ,"Noun, Expression",grass  weed  herb  thatch      not genuine  substandard      LOL  haha    ninja,"grass, weed, herb; lol, haha (internet slang)",庭に草がたくさん生えている。,There is a lot of grass growing in the garden.,,
1725625706232,枝[えだ],枝[えだ],えだ,Noun,branch  bow  bough  twig  limb,"branch, bough, twig",強い風で木の枝が折れた。,A tree branch broke in the strong wind.,,
1725625720883,熱心[ねっしん],熱心[ねっしん],ねっしん,"Noun, Na-adjective",zealous  enthusiastic  ardent  fervent  keen  eager,"zealous, enthusiastic, eager, keen",彼は熱心に日本語を勉強している。,He is studying Japanese enthusiastically.,,
1725625737655,大事[だいじ],大事[だいじ],だいじ,"Noun, Na-adjective",important  serious  crucial      valuable  precious      serious matter  major incident  matter of grave concern  crisis      great undertaking  great enterprise  great thing      safe  OK,"important, crucial; valuable, precious; serious matter, crisis",健康が一番大事です。,Health is the most important thing.,,
1725625767556,用意[ようい],用意[ようい],ようい,"Noun, Suru verb, Transitive verb",preparation  arrangements  provision  getting ready  laying out (e.g. a meal),"preparation, arrangements, getting ready",夕食の用意ができました。,Dinner is ready.,,
1725625779661,利用[りよう],利用[りよう],りよう,"Noun, Suru verb, Transitive verb",use  utilization  utilisation  application,"use, utilization, application",私はよく図書館を利用します。,I often use the library.,,
1725625878781,疲労[ひろう],疲労[ひろう],ひろう,"Noun, Suru verb, Intransitive verb",fatigue  weariness,"fatigue, weariness",毎日残業して疲労がたまっている。,"Working overtime every day, my fatigue is building up.",,
1725625902308,伝[つた] える,伝[つた]える,つたえる,"Ichidan verb, Transitive verb",to convey  to report  to transmit  to communicate  to tell  to impart  to propagate  to teach  to bequeath,"to convey, to tell, to communicate, to report; to transmit, to propagate; to teach, to bequeath",奥様によろしくお伝えください。,Please give my regards to your wife.,,
1725625934704,機会[きかい],機会[きかい],きかい,Noun,chance  opportunity,"chance, opportunity",去年、日本へ行く機会がありました。,Last year I had a chance to go to Japan.,,
1725625984055,危険[きけん],危険[きけん],きけん,"Noun, Na-adjective",danger  peril  hazard    risk,"danger, peril, hazard; risk",この川で泳ぐのは危険です。,It is dangerous to swim in this river.,,
1725626113729,出発[しゅっぱつ],出発[しゅっぱつ],しゅっぱつ,"Noun, Suru verb, Intransitive verb",departure,departure,明日の朝七時に出発します。,We will depart at seven tomorrow morning.,,
1725626142125,丁寧[ていねい],丁寧[ていねい],ていねい,"Noun, Na-adjective",polite  courteous  civil      careful  close  thorough  conscientious,"polite, courteous, civil; careful, thorough, conscientious",あの店の店員はとても丁寧だ。,The staff at that shop are very polite.,,
1725626168150,留守[るす],留守[るす],るす,"Noun, Suru verb, Intransitive verb, No-adjective","absence  being away from home      house-sitting  house-sitter      being left unattended to (of one's studies, etc.)  neglecting","absence, being away from home; house-sitting, house-sitter",父は今、留守です。,My father is out right now.,,
1725626244643,割[わ] る,割[わ]る,わる,"Godan verb, Transitive verb",To smash (glass),"to break, to smash (e.g. glass); to divide; to split, to cut",コップを落として割ってしまった。,I dropped a glass and broke it.,,
1725627968183,屹度[きっと],屹度[きっと],きっと,Adverb,surely  undoubtedly  almost certainly  most likely (e.g. 90 percent)      sternly  severely      having no slack  rigid  stiff  tight      suddenly  abruptly  instantly,"surely, undoubtedly, most likely; sternly, severely",彼はきっと来るでしょう。,He will surely come.,,This word is almost always written in kana as きっと; the kanji 屹度 is rare.
1725628053670,本棚[ほんだな],本棚[ほんだな],ほんだな,Noun,bookshelves  bookshelf  bookcase,"bookshelf, bookcase",本棚に漫画がたくさん並んでいる。,There are lots of manga lined up on the bookshelf.,,
1725628107790,儘[まま],儘[まま],まま,"Noun, Adverb",as it is  as one likes  because  as      condition  state,"as it is, unchanged; as one likes; condition, state",私の本棚には買ったまま読んでいないマンガがあります。,There is manga on my bookshelf that I bought but haven't read yet.,,This word is usually written in kana as まま; the kanji 儘 is rare.
1725628297692,間[ま] に 合[あ] う,間[ま]に 合[あ]う,まにあう,"Godan verb, Intransitive verb","to be in time (for)    to serve (suit, meet) the purpose  to be good enough  to be enough  to manage  to make do","to be in time (for), to make it; to be enough, to serve the purpose; to make do",急げば電車に間に合うよ。,"If you hurry, you'll make the train.",,
1725659213926,ボス,ボス,ボス,Noun,"boss  leader  head    boss (difficult enemy in a video game, usu. at the end of a section or level)","boss, leader, head; boss (video game enemy)",彼がこのグループのボスだ。,He is the boss of this group.,,
1725959280913,もういい,もういい,もういい,"Expression, Interjection",skip it  drop it      I've had enough (e.g. when offered something)  that's enough,"that's enough, I've had enough; skip it, drop it, forget it",もういい、自分でやるから。,"That's enough, I'll do it myself.",,
1725975677264,コラボ,コラボ,コラボ,"Noun, Suru verb, Intransitive verb",a collaboration (noun),collaboration,人気アニメとカフェがコラボしている。,A popular anime is doing a collaboration with a cafe.,,
1726135441128,日焼[ひや] け,日焼[ひや]け,ひやけ,"Noun, Suru verb, Intransitive verb",sunburn  suntan  tan      becoming discolored from the sun (e.g. paper)  yellowing,"sunburn, suntan, tan; discoloration from the sun, yellowing",海で一日遊んで日焼けした。,I got sunburnt after playing at the beach all day.,,
1726138797115,トレンディー,トレンディー,トレンディー,"Noun, Na-adjective",trendy,trendy,駅の近くにトレンディーな店が増えた。,There are more trendy shops near the station now.,,
1726514321291,不断[ふだん],不断[ふだん],ふだん,"Noun, Na-adjective, No-adjective, Adverb",constant  persistent  unremitting  ceaseless    ongoing (e.g. normal everyday),"constant, persistent, unremitting, ceaseless; usual, everyday",成功には不断の努力が必要だ。,Success requires constant effort.,,The 'usual/everyday' sense is normally written 普段; 不断 mainly means constant or ceaseless.
1726514339187,さつま 芋[いも],さつま 芋[いも],さつまいも,Noun,sweet potato (Ipomoea batatas),sweet potato,焼いたさつまいもは甘くておいしい。,Baked sweet potatoes are sweet and delicious.,,
1726514358610,ロースト,ロースト,ロースト,"Noun, Suru verb, Transitive verb",roast,"roast, roasting",鶏肉をオーブンでローストした。,I roasted the chicken in the oven.,,
1726514410904,限定[げんてい],限定[げんてい],げんてい,"Noun, Suru verb, Transitive verb, No-adjective",limit  restriction,"limit, restriction; limited (edition, time, etc.)",季節限定のメニューを頼みました。,I ordered from the limited seasonal menu.,,
1726514473826,模擬試験[もぎしけん],模擬試験[もぎしけん],もぎしけん,Noun,mock exam  practice exam  practice test,"mock exam, practice exam, practice test",来週、模擬試験を受けます。,I'm taking a mock exam next week.,,
1726514926456,奥様[おくさま],奥様[おくさま],おくさま,"Noun, Honorific",wife  your wife  his wife  married lady  madam,"wife (someone else's), your wife; madam, married lady",奥様はお元気ですか？,How is your wife?,,
1726514958405,お 子[こ] さん,お 子[こ]さん,おこさん,"Noun, Honorific",child (someone else's),child (someone else's),お子さんは何歳ですか？,How old is your child?,,
1726514976409,部長[ぶちょう],部長[ぶちょう],ぶちょう,Noun,"head (chief, director) of a section or department    head of a (school) club  head of a (school) team","department head, director; head of a school club or team",部長に会議の結果を報告した。,I reported the results of the meeting to the department head.,,
1726514986733,敬語[けいご],敬語[けいご],けいご,Noun,honorific  term of respect  polite expression  honorific language,"honorific language, polite expressions, terms of respect",敬語を正しく使うのは難しい。,Using honorific language correctly is difficult.,,
1726515003160,お 礼[れい],お 礼[れい],おれい,Noun,(honourable)     thanks  gratitude      manners  etiquette    bow    reward  gift      ceremony  ritual,"thanks, gratitude; reward, gift (of thanks); manners, etiquette; bow",先生にお礼を言いました。,I thanked my teacher.,,
1726515015484,悩[なや] み,悩[なや]み,なやみ,Noun,trouble  troubles  worry  distress  sorrows  anguish  agony  problem,"worry, trouble, distress; problem",何か悩みがあったら相談してね。,"If you have any worries, talk to me.",,
1726515026883,怠[なま] け 者[もの],怠[なま]け 者[もの],なまけもの,Noun,lazy person  lazy fellow  slothful person,"lazy person, lazy fellow",兄は怠け者で、全然働かない。,My older brother is lazy and doesn't work at all.,,
1726515036581,恥[は] ずかしがり 屋[や],恥[は]ずかしがり 屋[や],はずかしがりや,Noun,shy person,shy person,妹は恥ずかしがり屋です。,My younger sister is a shy person.,,
1726515047575,仲[なか] が 良[よ] い,仲[なか]が 良[よ]い,なかがよい,"I-adjective, Expression",close  intimate  on good terms,"close, intimate, on good terms",あの二人はとても仲が良い。,Those two are very close.,,
1726515058709,真面目[まじめ],真面目[まじめ],まじめ,"Noun, Na-adjective",serious  honest  sober  grave  earnest  steady,"serious, earnest, honest, diligent",彼はとても真面目な学生です。,He is a very serious student.,,
1726515072830,召[め] し 上[あ] がる,召[め]し 上[あ]がる,めしあがる,"Godan verb, Transitive verb, Honorific",(honourable)   to eat  to drink,"to eat, to drink (honorific)",どうぞ召し上がってください。,Please help yourself.,,
1726515083081,下[くだ] さる,下[くだ]さる,くださる,"Godan verb, Transitive verb, Honorific",honourable version of くれる,"to give (to me), to confer (honorific form of くれる); to kindly do for me",先生が辞書を下さいました。,My teacher kindly gave me a dictionary.,,
1726515104454,為[な] さる,為[な]さる,なさる,"Godan verb, Transitive verb, Honorific",(honourable) to do,to do (honorific),先生は毎朝散歩を為さいます。,The teacher takes a walk every morning.,,This word is almost always written in kana as なさる; the kanji 為さる is rare.
1726515154075,ご 覧[らん] になる,ご 覧[らん]になる,ごらんになる,"Godan verb, Transitive verb, Expression, Honorific",(honourable)     to see  to look  to watch    to try to,"to see, to look, to watch (honorific); to try doing (after a te-form)",この映画をご覧になりましたか？,Have you seen this movie?,,
1726515176774,仰[おっしゃ] る,仰[おっしゃ]る,おっしゃる,"Godan verb, Transitive verb, Honorific",(honourable)   to say  to speak  to tell  to talk,"to say, to speak, to tell (honorific)",先生が仰ったとおりです。,"It's just as you said, sir.",,This word is usually written in kana as おっしゃる.
1726515241203,決[き] まる,決[き]まる,きまる,"Godan verb, Intransitive verb","to be decided  to be settled  to be fixed  to be arranged      to be unchanging  to be the same (as always)  to be fixed  to be set      to be a fixed rule  to be destined  to be a convention  to be a custom  to be common knowledge      to be well executed (of a manoeuvre in a sport, game, etc.)  to","to be decided, to be settled, to be fixed; to be a rule, to be customary; to go well, to succeed; to look good, to look sharp",旅行の日にちが決まりました。,The dates for the trip have been decided.,,
1726515258902,知[し] り 合[あ] う,知[し]り 合[あ]う,しりあう,"Godan verb, Intransitive verb",to get to know each other  to make acquaintance,"to get to know each other, to become acquainted",私たちは大学で知り合いました。,We got to know each other at university.,,
1726515282347,呼[よ] ぶ,呼[よ]ぶ,よぶ,"Godan verb, Transitive verb","to call out (to)  to call  to invoke    to summon (a doctor, etc.)  to invite    to designate  to name  to brand      to garner (support, etc.)  to gather    to take as one's wife","to call, to call out (to); to summon (e.g. a doctor), to invite; to name, to designate; to attract, to garner",すぐに救急車を呼んでください。,Please call an ambulance right away.,,
1726515316801,寄[よ] る,寄[よ]る,よる,"Godan verb, Intransitive verb","to approach  to draw near  to come near  to be close to      to gather (in one place)  to come together  to meet      to stop by (while on one's way to another place)  to drop by  to make a short visit      to grow old  to grow high (number, etc.)    to grow (wrinkly)    to lean against  to recline ","to stop by, to drop by; to approach, to draw near; to gather, to come together; to lean against",帰りにスーパーに寄ります。,I'll stop by the supermarket on the way home.,,
1726515359504,持[も] てる,持[も]てる,もてる,"Ichidan verb, Intransitive verb","to be able to possess (hold, get, etc.)    to be well liked  to be popular  to be pampered (spoiled, doted upon, etc.)  to be welcomed      to endure (the tests of time, the elements, etc.)  to last      possessed  held      rich  wealthy  affluent","to be able to hold, to be able to have; to be popular, to be well liked; to last, to endure; rich, wealthy",この箱は重くて一人では持てない。,This box is too heavy for one person to hold.,,
1726515380968,ご 馳走[ちそう],ご 馳走[ちそう],ごちそう,"Noun, Suru verb, Transitive verb","feast  treating (someone)    to treat (someone, e.g. to a meal)","feast, delicious meal; treating (someone), to treat (someone to a meal)",友達に昼ご飯をご馳走した。,I treated my friend to lunch.,,
1726515412567,招待[しょうたい],招待[しょうたい],しょうたい,"Noun, Suru verb, Transitive verb, No-adjective",invitation,invitation,友達を誕生日パーティーに招待した。,I invited my friend to my birthday party.,,
1726515428891,一昨日[おととい],一昨日[おととい],おととい,"Noun, Adverb",day before yesterday,the day before yesterday,一昨日、友達と映画を見ました。,I saw a movie with a friend the day before yesterday.,,
1726515471697,少々[しょうしょう],少々[しょうしょう],しょうしょう,"Noun, Adverb",just a minute  small quantity,"just a minute, a moment; a little, a small quantity",少々お待ちください。,Please wait a moment.,,
1726515493860,名様[めいさま],名様[めいさま],めいさま,"Counter, Suffix, Honorific","counter for people (usu. seating, reservations and such, don't use for yourself)","counter for people (polite, e.g. restaurant seating or reservations)",いらっしゃいませ。何名様ですか？,Welcome. How many people are in your party?,,
1726649756991,前[まえ] もって,前[まえ]もって,まえもって,Adverb,in advance  beforehand  previously,"in advance, beforehand, previously",休む時は前もって連絡してください。,"If you're going to be absent, please let us know in advance.",,
1726771603820,危[あや] める,危[あや]める,あやめる,"Ichidan verb, Transitive verb",to wound  to murder,"to kill, to murder; to wound",彼は人を危めた罪で逮捕された。,He was arrested for killing someone.,,This verb is more commonly written 殺める.
1726771684673,遂[つい] に /  漸[やっ] と / 到頭[とうとう],遂[つい]に /  漸[やっ]と / 到頭[とうとう],ついに/やっと/とうとう,Adverb,Finally,"finally, at last",私はついに仕事が決まりました。,I finally got a job.,,Card combines three different adverbs; 漸と and 到頭 are rare kanji spellings normally written やっと and とうとう.
1726772583790,天使[てんし],天使[てんし],てんし,"Noun, No-adjective",angel,angel,赤ちゃんの寝顔は天使みたいだ。,The baby's sleeping face is like an angel's.,,
1726942821551,譲[ゆず] る,譲[ゆず]る,ゆずる,"Godan verb, Transitive verb",to hand over  to transfer  to turn over  to assign  to convey  to bequeath      to give up (e.g. one's seat)  to give way      to yield  to concede  to give ground  to surrender    to sell    to postpone  to put off  to defer,"to give up (e.g. one's seat), to give way, to yield; to hand over, to transfer; to sell; to concede",電車でお年寄りに席を譲った。,I gave up my seat to an elderly person on the train.,,
1727044044269,悔[く] いる,悔[く]いる,くいる,"Ichidan verb, Transitive verb",to regret,"to regret, to repent",彼は自分の過ちを深く悔いている。,He deeply regrets his mistake.,,
1727044556235,任[まか] せる,任[まか]せる,まかせる,"Ichidan verb, Transitive verb","to entrust (e.g. a task) to another  to leave to    to passively leave to someone else's facilities  to leave to take its natural course  to continue (something) in a natural fashion (without particular aim)  to rely fully on one's (full strength, great ability, long time taken) to get something don","to entrust (e.g. a task) to another, to leave to; to let something take its natural course; to rely on (one's strength, etc.)",その仕事は私に任せてください。,Please leave that job to me.,,
1727091114216,新[しん],新[しん],しん,"Noun, Prefix","new  neo-      newness  novelty    Gregorian calendar    Xin dynasty (China, 9-23 CE)  Hsin dynasty","new, neo-; newness, novelty; Gregorian calendar",来週から新学期が始まる。,The new school term starts next week.,,
1727093539088,本心[ほんしん],本心[ほんしん],ほんしん,Noun,true feelings  real intention  one's heart      one's right mind  one's senses  one's conscience,"true feelings, real intention; one's right mind, one's conscience",それは彼の本心じゃないと思う。,I don't think that's how he really feels.,,
1727435097899,初心者[しょしんしゃ],初心者[しょしんしゃ],しょしんしゃ,Noun,beginner,beginner,私はスキーの初心者です。,I'm a beginner at skiing.,,
1727435156031,倒[たお] す,倒[たお]す,たおす,"Godan verb, Transitive verb",to throw down  to bring down  to blow down  to fell  to knock down  to set (something) down on its side  to turn (something) on its side  to recline (e.g. a seat)      to kill  to defeat  to beat      to overthrow  to trip up  to ruin      to leave unpaid  to cheat,"to defeat, to beat, to overthrow; to knock down, to bring down, to fell; to recline (e.g. a seat); to kill",主人公はついに敵を倒した。,The hero finally defeated the enemy.,,
1727435225189,伝説[でんせつ],伝説[でんせつ],でんせつ,Noun,tradition  legend  folklore,"legend, folklore, tradition",この村には古い伝説がある。,This village has an old legend.,,
1727466354077,光[ひか] る,光[ひか]る,ひかる,"Godan verb, Intransitive verb",to shine  to glitter  to be bright,"to shine, to glitter, to be bright",夜空に星が光っている。,Stars are shining in the night sky.,,
1727466362045,光[ひかり],光[ひかり],ひかり,Noun,light    illumination  ray  beam  gleam  glow      happiness  hope      influence  power      vision  eyesight,"light; ray, beam, gleam, glow; hope, happiness; eyesight, vision",窓から明るい光が入ってくる。,Bright light is coming in through the window.,,
1727467532012,毛布[もうふ],毛布[もうふ],もうふ,Noun,blanket,blanket,寒いので毛布をもう一枚ください。,"It's cold, so please give me another blanket.",,
1727714247196,じゃん拳,じゃん 拳[けん],じゃんけん,"Noun, Suru verb, Intransitive verb","rock, paper, scissors game","rock-paper-scissors, janken",じゃんけんで順番を決めよう。,Let's decide the order with rock-paper-scissors.,,This word is usually written in kana as じゃんけん or ジャンケン.
1727731467046,(Noun) 〜なら,(Noun) 〜なら,(Noun)〜なら,"Grammar pattern, Conjunction","(after noun)... If we're talking about X, or, if X was the case then ...","if it's ~, as for ~; if ~ is the case",日本料理なら、寿司が一番好きです。,"As for Japanese food, I like sushi best.",,
1727731817671,(volitional)〜おうと思っている,(volitional)〜おうと 思[おも]っている,(volitional)〜おうとおもっている,"Expression, Grammar pattern",To intend to ~  (not つもりです),"to be thinking of doing ~, to intend to ~",日本の会社で働こうと思っています。,I'm thinking of working for a Japanese company.,,The original English translation of the example ('I will work...') was corrected to reflect intention.
1727732034276,〜て上げる、〜てくれる、〜てもらう,〜て 上[あ]げる、〜てくれる、〜てもらう,〜てあげる、〜てくれる、〜てもらう,Grammar pattern,"I graciously did ~ for X, X did for me, Y got from X",to do ~ for someone; someone does ~ for me; to have someone do ~ for me,母が作ってくれたお弁当を友達に分けてあげた。,I shared the lunch my mom made for me with my friend.,,As auxiliary verbs these are normally written in kana (〜てあげる).
1727732170257,〜ていただけませんか,〜ていただけませんか,〜ていただけませんか,"Expression, Grammar pattern",(very polite) can you please do ~,could you please ~? (very polite),ちょっと手伝っていただけませんか？,Could you please give me a hand?,,
1727732289202,~たら,~たら,~たら,"Grammar pattern, Conjunction",if ... then   when  after,"if ~; when ~, after ~",天気がよかったら、散歩に行きます。,"If the weather is nice, we'll go for a walk.",,
1727732384698,~なくても 良[い] い,~なくても 良[よ]い,~なくてもよい,"Expression, Grammar pattern",need not  (not) have to      need not have  need not exist,"don't have to ~, need not ~",明日は来なくてもいいです。,You don't have to come tomorrow.,,
1727732459786,〜 前[まえ] に,〜 前[まえ]に,〜まえに,Grammar pattern,Before ~ (short form verb),before ~ (after a dictionary-form verb or noun + の),寝る前に歯を磨きます。,I brush my teeth before going to bed.,,
1727732609824,(て form verb) 〜てから,(て form verb) 〜てから,(てformverb)〜てから,Grammar pattern,After doing 〜,"after doing ~, since doing ~",勉強してから、友だちに手紙を書きました。,"After studying, I wrote a letter to my friend.",,Fixed a typo in the example sentence (窓だち -> 友だち).
1727732849088,〜てしまう,〜てしまう,〜てしまう,"Grammar pattern, Auxiliary",To do something completely OR regretably and without control,"to finish doing ~ completely; to do ~ by accident, to regrettably do ~",本を読んでしまいました。,I finished reading the book.,,
1727733009972,(short form verb) A〜と〜B (something else),(short form verb) A〜と〜B (something else),(shortformverb)A〜と〜B(somethingelse),"Grammar pattern, Conjunction",Whenever A〜 then 〜B    OR  A causes B,"whenever A, B; if A, then B (natural consequence)",秋になると木の葉が赤くなります。,"Whenever autumn comes, the leaves turn red.",,Fixed the example sentence: 本 (book) should have been 木の葉 (tree leaves).
1728075762060,決定,決定[けってい],けってい,"Noun, Suru verb, Transitive verb",decision; determination ('confirm' button on UIs),"decision, determination; confirm (button in apps and games)",旅行の行き先を決定しました。,We decided on the destination for our trip.,,
1728076117287,主人公,主人公[しゅじんこう],しゅじんこう,Noun,1: protagonist; main character; hero(ine) (of a story) 2: head of household,"protagonist, main character, hero(ine); head of household",この小説の主人公は高校生です。,The protagonist of this novel is a high school student.,,
1728077004967,教示[きょうじ],教示[きょうじ],きょうじ,"Noun, Suru verb, Transitive verb",instruction  teaching,"instruction, teaching, guidance",ご教示いただければ幸いです。,I would be grateful for your guidance.,,
1728247584536,とにかく,とにかく,とにかく,Adverb,anyhow  at any rate  anyway  somehow or other  generally speaking  in any case  at least,"anyway, at any rate, in any case; somehow or other",とにかく、一度やってみよう。,"Anyway, let's give it a try.",,
1728383735243,扇子[せんす],扇子[せんす],せんす,Noun,folding fan,folding fan,暑いので扇子を持ってきた。,"It's hot, so I brought a folding fan.",,
1728383751946,ヘッドホン,ヘッドホン,ヘッドホン,Noun,headphone,headphones,電車でヘッドホンをして音楽を聞く。,I listen to music with headphones on the train.,,
1728383787999,係[かかり] のもの,係[かかり]のもの,かかりのもの,"Noun, Expression, Humble",(Our) person in charge,(our) person in charge (humble),係のものが参りますので、少々お待ちください。,"The person in charge will be with you shortly, so please wait a moment.",,
1728383832444,支店[してん],支店[してん],してん,Noun,branch office  branch store,"branch office, branch store",銀行の支店で口座を作りました。,I opened an account at a bank branch.,,
1728383843614,信号[しんごう],信号[しんごう],しんごう,Noun,signal  signalling  signaling      traffic light  traffic signal,"traffic light, traffic signal; signal",信号が青になったら渡りましょう。,Let's cross when the light turns green.,,
1728383859608,重[おも] い,重[おも]い,おもい,I-adjective,"heavy  weighty      heavy (feeling)  depressed  gloomy  blue  uneasy      slow  sluggish  lumbering  ponderous  clumsy      important (position, responsibility, etc.)  serious  grave      serious (punishment, illness, etc.)  severe  critical      solid  established  dignified  sensible","heavy, weighty; serious, grave, severe; depressed, gloomy; slow, sluggish",この荷物はとても重い。,This luggage is very heavy.,,
1728383874836,不思議[ふしぎ],不思議[ふしぎ],ふしぎ,"Noun, Na-adjective, Adverb",mysterious  wonderful  strange  incredible  amazing  curious  miraculous  strangely enough       oddly enough  for some reason  curiously,"mysterious, strange, wonderful, incredible; strangely enough, oddly enough, for some reason",それは不思議な話だ。,That's a strange story.,,
1728383899939,居[お] る,居[お]る,おる,"Godan verb, Intransitive verb, Auxiliary, Humble",to be (animate)  to be  to exist    to be ..ing  to (have the audacity to) do,"to be, to exist (humble, of people); to be ~ing (humble)",明日は一日中家に居ります。,I will be at home all day tomorrow.,,
1728383914183,参[まい] る,参[まい]る,まいる,"Godan verb, Intransitive verb, Humble","to go  to come  to call      to be defeated  to collapse  to die      to be annoyed  to be nonplussed    to be madly in love  to visit (shrine, grave)","to go, to come (humble); to visit (a shrine, grave); to be defeated, to collapse; to be annoyed, to be at a loss",明日、そちらに参ります。,I will come to your place tomorrow.,,
1728383924820,申[もう] す,申[もう]す,もうす,"Godan verb, Transitive verb, Humble",to say  to be called (humble),to say (humble); to be called (humble),田中と申します。,My name is Tanaka.,,
1728383933934,致[いた] す,致[いた]す,いたす,"Godan verb, Transitive verb, Humble",to do  (humble する),to do (humble),その仕事は私が致します。,I will do that job.,,
1728383946685,頂[いただ] く,頂[いただ]く,いただく,"Godan verb, Transitive verb, Humble",Humble version of くれる,"to receive, to get, to accept (humble); to eat, to drink (humble)",先生から手紙を頂きました。,I received a letter from my teacher.,,Existing back said humble of くれる; いただく is the humble form of もらう (to receive).
1728383970639,ご 座[ざ] る,ご 座[ざ]る,ござる,"Godan verb, Intransitive verb",to be,to be (archaic polite),拙者は侍でござる。,I am a samurai.,,JMdict marks this archaic (yodan) and usually written in kana; today mostly seen as ございます.
1728384004538,でご 座[ざ] る,でご 座[ざ]る,でござる,Expression,be  is   (extra-polite です),"to be, is (archaic, very polite form of です)",これは拙者の刀でござる。,This is my sword.,,
1728384036287,伺[うかが] う,伺[うかが]う,うかがう,"Godan verb, Transitive verb, Intransitive verb, Humble","to ask  to inquire  to hear  to be told      to implore (a god for an oracle)  to seek direction (from your superior)    to visit  to speak to (a large crowd at a theatre, etc.)","to ask, to inquire (humble); to hear, to be told (humble); to visit (humble)",明日、お宅に伺います。,I will visit your home tomorrow.,,
1728384058534,差[さ] し 上[あ] げる,差[さ]し 上[あ]げる,さしあげる,"Ichidan verb, Transitive verb, Auxiliary, Humble",to give  to offer      to lift up  to hold up  to raise,"to give, to offer (humble); to lift up, to hold up, to raise",先生に花を差し上げました。,I gave my teacher some flowers.,,
1728384069333,聞[き] こえる,聞[き]こえる,きこえる,"Ichidan verb, Intransitive verb",to be heard  to be audible      to be said to be  to be reputed,"to be heard, to be audible; to be said to be, to be reputed",鳥の声が聞こえる。,I can hear birds singing.,,
1728384085443,待[ま] たせる,待[ま]たせる,またせる,"Ichidan verb, Transitive verb",to keep (a person) waiting,to keep (a person) waiting,待たせてごめんね。,Sorry to keep you waiting.,,
1728384112953,返品[へんぴん],返品[へんぴん],へんぴん,"Noun, Suru verb, Transitive verb",returned goods  returning purchased goods,returned goods; returning purchased goods,この商品は返品できますか？,Can I return this item?,,
1728384144153,では,では,では,"Conjunction, Interjection","well, so, well then","well then, so, then",では、始めましょう。,"Well then, let's begin.",,
1728384247398,出来[でき] れば,出来[でき]れば,できれば,Expression,if possible,if possible,できれば早く帰りたい。,"If possible, I want to go home early.",,
1728384272010,誠[まこと] に,誠[まこと]に,まことに,Adverb,indeed  really  absolutely  truly  actually  very  quite,"indeed, really, truly, absolutely",誠にありがとうございます。,Thank you very much indeed.,,
1728384312556,畏[かしこ] まりました,畏[かしこ]まりました,かしこまりました,Expression,certainly!,certainly; understood (very polite),はい、かしこまりました。,"Yes, certainly.",,
1728387670497,動画[どうが],動画[どうが],どうが,"Noun, No-adjective",video  movie  moving picture      animation  animated cartoon    in-betweens (animation),"video, movie, moving picture; animation, animated cartoon",毎晩スマホで動画を見ます。,I watch videos on my phone every night.,,
1728415051213,点[つ] く,点[つ]く,つく,"Godan verb, Intransitive verb",to be lit (e.g. electricity comes on)  to be lighted    to catch fire,"to be lit, to come on (e.g. a light); to catch fire",部屋の電気が点いている。,The light in the room is on.,,
1728415220239,沸[わ] く,沸[わ]く,わく,"Godan verb, Intransitive verb","to grow hot (e.g. water)  to boil      to get excited (at)  to erupt (in applause, cheering, etc.)  to be in a ferment  to take place energetically    to ferment  to melt (of metal)","to boil, to grow hot (e.g. water); to get excited, to erupt (in cheering); to ferment",お湯が沸いた。,The water has boiled.,,
1728417830396,夜遅[よるおそ] く,夜遅[よるおそ]く,よるおそく,Adverb,late at night  at a late hour,"late at night, at a late hour",昨日は夜遅くまで勉強した。,Yesterday I studied until late at night.,,
1728465012246,鑑定[かんてい],鑑定[かんてい],かんてい,"Noun, Suru verb, Transitive verb, No-adjective",judgement  judgment  expert opinion  appraisal,"appraisal, judgement, expert opinion",この絵を専門家に鑑定してもらった。,I had this painting appraised by an expert.,,
1728479530178,楽[らく],楽[らく],らく,"Noun, Na-adjective",comfort  ease  relief  (at) peace  relaxation      easy  simple  without trouble  without hardships    (economically) comfortable  raku pottery,"comfort, ease, relief; easy, simple, without trouble; (economically) comfortable",この仕事は楽だ。,This job is easy.,,
1728479840889,完全[かんぜん],完全[かんぜん],かんぜん,"Noun, Na-adjective, No-adjective",perfect  complete,"perfect, complete",約束を完全に忘れていた。,I completely forgot about the promise.,,
1728479863844,勘違[かんちが] い,勘違[かんちが]い,かんちがい,"Noun, Suru verb",misunderstanding  mistaken idea  wrong guess,"misunderstanding, mistaken idea, wrong guess",それは私の勘違いでした。,That was my misunderstanding.,,
1728480792505,獲得[かくとく],獲得[かくとく],かくとく,"Noun, Suru verb, Transitive verb, No-adjective",acquisition  possession,"acquisition, possession, winning",彼は金メダルを獲得した。,He won a gold medal.,,
1728481155086,手札[てふだ],手札[てふだ],てふだ,Noun,one's hand (when playing cards)    name tag  nameplate  business card    wallet-sized (photo),"one's hand (in card games); name tag, nameplate, business card",手札をよく見て考えた。,I looked carefully at my hand and thought.,,
1728481237107,消費[しょうひ],消費[しょうひ],しょうひ,"Noun, Suru verb, Transitive verb",consumption  expenditure,"consumption, expenditure",この車はガソリンをたくさん消費する。,This car consumes a lot of gasoline.,,
1728481470499,終了[しゅうりょう],終了[しゅうりょう],しゅうりょう,"Noun, Suru verb, Transitive verb, Intransitive verb",end  close  termination,"end, close, termination",試合は五時に終了した。,The match ended at five o'clock.,,
1728481754738,攻撃[こうげき],攻撃[こうげき],こうげき,"Noun, Suru verb, Transitive verb",attack  assault  raid  onslaught  offensive      criticism  censure  denunciation  condemnation,"attack, assault, raid, offensive; criticism, censure",敵が町を攻撃した。,The enemy attacked the town.,,
1728482509545,能力[のうりょく],能力[のうりょく],のうりょく,Noun,ability  faculty,"ability, faculty",彼には高い能力がある。,He has great ability.,,
1728681099816,運命[うんめい],運命[うんめい],うんめい,Noun,fate  destiny  lot,"fate, destiny, lot",二人が出会ったのは運命だ。,It was fate that the two of them met.,,
1728681123433,泉[いずみ],泉[いずみ],いずみ,Noun,spring  fountain,"spring, fountain",森の中に小さな泉がある。,There is a small spring in the forest.,,
1728681216549,詳細[しょうさい],詳細[しょうさい],しょうさい,"Noun, Na-adjective",details  particulars  specifics      detailed  specific  minute      close-up view (of a digitally displayed map)  zoomed-in view,"details, particulars, specifics; detailed, specific, minute",詳細はメールで送ります。,I will send the details by email.,,
1728681755700,開始時刻[かいしじこく],開始時刻[かいしじこく],かいしじこく,Noun,starting time,starting time,会議の開始時刻は九時です。,The meeting's starting time is nine o'clock.,,
1729199736479,だらし 無[な] い,だらし 無[な]い,だらしない,I-adjective,"slovenly (appearance, work, etc.)  sloppy  untidy  undisciplined  careless  loose  slack      weak  feeble  weak-willed  gutless","slovenly, sloppy, untidy, undisciplined; weak, weak-willed, gutless",彼はお金にだらしない。,He is careless with money.,,
1729199881545,中庭[なかにわ],中庭[なかにわ],なかにわ,Noun,courtyard  quadrangle  middle court,"courtyard, quadrangle",学校の中庭で昼ご飯を食べた。,I ate lunch in the school courtyard.,,
1729199889842,街中[まちなか],街中[まちなか],まちなか,Noun,downtown,"downtown, in town, (on) the streets",街中で昔の友達に会った。,I ran into an old friend in town.,,
1729200132685,基本[きほん],基本[きほん],きほん,"Noun, No-adjective",basics  fundamentals  basis  foundation,"basics, fundamentals, basis, foundation",まず基本から勉強しましょう。,Let's study the basics first.,,
1729200287551,開[ひら] く,開[ひら]く,ひらく,"Godan verb, Transitive verb, Intransitive verb","to open  to undo  to unseal  to unpack      to bloom  to unfold  to spread out    to open (for business, e.g. in the morning)    to be wide (gap, etc.)  to widen      to hold (meeting, party, etc.)  to give  to open      to found (nation, dynasty, sect, etc.)  to open (a new business)  to set up  to","to open, to undo, to unpack; to bloom, to unfold, to spread out; to hold (a meeting, party, etc.); to open (a business), to found",教科書の十ページを開いてください。,Please open your textbook to page ten.,,
1729543322349,具合[ぐあい],具合[ぐあい],ぐあい,Noun,condition; state; manner;,"condition, state; health, state of health; way, manner",体の具合はどうですか？,How are you feeling?,,
1729543365921,体調[たいちょう],体調[たいちょう],たいちょう,Noun,physical condition  state of health,"physical condition, state of health",今日は体調が悪い。,I'm not feeling well today.,,
1729543388363,博物館[はくぶつかん],博物館[はくぶつかん],はくぶつかん,Noun,museum,museum,週末に博物館へ行った。,I went to the museum on the weekend.,,
1729543471609,食感[しょっかん],食感[しょっかん],しょっかん,Noun,food texture  mouthfeel,"food texture, mouthfeel",このパンは食感がいい。,This bread has a nice texture.,,
1729628551973,喫茶店[きっさてん],喫茶店[きっさてん],きっさてん,Noun,coffee shop  tearoom  coffee lounge  coffeehouse  cafe,"coffee shop, cafe, tearoom, coffeehouse",駅前の喫茶店で待っています。,I'll be waiting at the coffee shop in front of the station.,,
1729717061916,偶[たま] に,偶[たま]に,たまに,Adverb,occasionally  once in a while  now and then  rarely  seldom,"occasionally, once in a while, now and then",たまに一人で映画を見に行きます。,Once in a while I go to see a movie alone.,,
1729717691092,完成[かんせい],完成[かんせい],かんせい,"Noun, Suru verb, Transitive verb, Intransitive verb",complete  completion      accomplishment,"completion, complete; perfection, accomplishment",新しい橋がやっと完成した。,The new bridge was finally completed.,,
1729717755091,設定[せってい],設定[せってい],せってい,"Noun, Suru verb, Transitive verb","establishment  creation  posing (a problem)  setting (movie, novel, etc.)  scene      options setting  preference settings  configuration  setup","settings, configuration, setup; establishment, creation; setting (of a movie, novel, etc.)",スマホの設定を変えた。,I changed my phone's settings.,,
1729801757992,痴漢[ちかん],痴漢[ちかん],ちかん,Noun,molester  groper  masher  pervert,"molester, groper, pervert",電車の中で痴漢に気をつけてください。,Please watch out for gropers on the train.,,
1729801773446,犯人[はんにん],犯人[はんにん],はんにん,Noun,offender  criminal  culprit,"offender, criminal, culprit",警察が犯人を捕まえた。,The police caught the culprit.,,
1729801779673,同僚[どうりょう],同僚[どうりょう],どうりょう,Noun,coworker  co-worker  colleague  associate,"coworker, colleague, associate",同僚と一緒に昼ご飯を食べた。,I had lunch with a coworker.,,
1729801787976,スピーチ,スピーチ,スピーチ,Noun,speech,speech,友達の結婚式でスピーチをした。,I gave a speech at my friend's wedding.,,
1729801793148,蚊[か],蚊[か],か,Noun,mosquito,mosquito,夜、蚊に刺された。,I got bitten by a mosquito at night.,,
1729801800270,ガソリン,ガソリン,ガソリン,Noun,gasoline  petrol,"gasoline, petrol",最近ガソリンが高くなった。,Gasoline has become expensive recently.,,
1729801807148,ポスター,ポスター,ポスター,Noun,poster,poster,壁に映画のポスターを貼った。,I put up a movie poster on the wall.,,
1729801812247,文句[もんく],文句[もんく],もんく,Noun,complaint  grumbling  objection      phrase  words  expression,"complaint, grumbling, objection; phrase, words, expression",彼はいつも文句ばかり言っている。,He is always complaining.,,
1729801831495,授業料[じゅぎょうりょう],授業料[じゅぎょうりょう],じゅぎょうりょう,Noun,tuition fee  course fee,"tuition fee, course fee",大学の授業料は高い。,University tuition fees are expensive.,,
1729801838653,工場[こうじょう],工場[こうじょう],こうじょう,Noun,factory  plant  mill  workshop,"factory, plant, mill, workshop",父は車の工場で働いている。,My father works at a car factory.,,
1729801846394,終電[しゅうでん],終電[しゅうでん],しゅうでん,Noun,last train (of the day),last train (of the day),昨日は終電に間に合わなかった。,I missed the last train yesterday.,,
1729801853167,事[こと],事[こと],こと,Noun,"thing  matter      incident  occurrence  event  something serious  trouble  crisis      circumstances  situation  state of affairs      work  business  affair    after an inflectable word, creates a noun phrase indicating something the speaker does not feel close to  nominalizing suffix    pretendin","thing, matter; incident, event; circumstances, situation; work, business",あなたに話したいことがある。,There's something I want to tell you.,,
1729802146811,目茶苦茶[めちゃくちゃ],目茶苦茶[めちゃくちゃ],めちゃくちゃ,"Noun, Na-adjective, Adverb",Messy,"messy, disorderly, chaotic; absurd, unreasonable; extremely, incredibly",弟の部屋はめちゃくちゃだ。,My little brother's room is a total mess.,,"Existing example 'めちゃくちゃ部屋' was missing な (めちゃくちゃな部屋), so it was replaced."
1729802362428,貼[は] る,貼[は]る,はる,"Godan verb, Transitive verb","to stick  to paste  to affix      to stretch  to spread  to strain  to tighten  to put up (tent)    to form (e.g. ice on a pond)    to fill  to swell      to stick out  to put  to slap    to post (a link, etc. online)  to be expensive    to keep a watch on  to be on the lookout      to span  to gene","to stick, to paste, to affix; to post (a link, etc. online)",封筒に切手を貼った。,I stuck a stamp on the envelope.,,
1729802370629,焼[や] く,焼[や]く,やく,"Godan verb, Transitive verb","to roast  to broil  to grill  to bake  to toast  to barbecue      to heat  to heat up      to make (charcoal, pottery, bricks, etc.)  to bake  to fire  to burn      to tan (i.e. suntan)  to burn      to print (a photo)  to burn (an optical disc)      to be jealous of  to be envious of  to envy","to grill, to roast, to bake, to toast; to burn; to tan (skin); to be jealous of",夕飯に魚を焼いた。,I grilled fish for dinner.,,
1729802385800,遣[や] る,遣[や]る,やる,"Godan verb, Transitive verb","to do  to undertake  to perform  to play (a game)  to study      to send  to dispatch  to despatch      to put  to move  to turn (one's head, glance, etc.)      to give (esp. to someone of equal or lower status)  to let have  to present  to bestow  to confer    to make (a vehicle) go faster    to ru","to do, to undertake, to perform; to give (to someone of equal or lower status); to send, to dispatch",花に水をやる。,I water the flowers.,,
1729802445302,殴[なぐ] る,殴[なぐ]る,なぐる,"Godan verb, Transitive verb",to punch  to hit  to beat  to strike,"to hit, to punch, to strike, to beat",彼は怒って壁を殴った。,He got angry and punched the wall.,,
1729802453496,踏[ふ] む,踏[ふ]む,ふむ,"Godan verb, Transitive verb","to step on  to tread on  to trample on      to set foot on (e.g. foreign soil)  to stand on  to visit      to experience  to undergo      to follow (rules, principles, etc.)  to go through (e.g. formalities)  to complete      to estimate  to guess  to judge  to value  to appraise    to rhyme  to suc","to step on, to tread on; to set foot on, to visit; to experience, to undergo; to estimate, to guess",電車で足を踏まれた。,Someone stepped on my foot on the train.,,
1729802462696,うんち,うんち,うんち,"Noun, Suru verb, Intransitive verb",poo  poop  doo-doo  caca  whoopsie,"poo, poop (children's language)",犬が道でうんちをした。,The dog pooped on the street.,,
1729802471696,刺[さ] す,刺[さ]す,さす,"Godan verb, Transitive verb",to pierce  to stab  to prick  to stick  to thrust      to sting  to bite      to sew  to stitch  to embroider    to pole (a boat)  to catch (with a limed pole)    to put (a runner) out  to pick off,"to pierce, to stab, to prick; to sting, to bite (of insects); to sew, to stitch",庭で蜂に刺された。,I got stung by a bee in the garden.,,
1729802483795,盗[ぬす] む,盗[ぬす]む,ぬすむ,"Godan verb, Transitive verb",to steal,to steal,その男が財布を盗むのを見た。,I saw that man steal the wallet.,,
1729802553334,捕[つか] まる,捕[つか]まる,つかまる,"Godan verb, Intransitive verb",to be caught  to be arrested      to hold on to  to grasp      to find (e.g. proof)  to get (e.g. a taxi)    to be detained by,"to be caught, to be arrested; to hold on to, to grasp; to get (e.g. a taxi)",泥棒が警察に捕まった。,The thief was caught by the police.,,
1729802571945,振[ふ] る,振[ふ]る,ふる,"Godan verb, Transitive verb",to wave  to shake  to swing      to sprinkle  to throw (dice)      to cast (actor)  to allocate (work)      to turn down (somebody)  to reject  to jilt  to dump      to abandon  to give up  to ruin    to add kana indicating a reading of a word    to slightly change headings  to change directions    ,"to wave, to shake, to swing; to turn down, to reject, to dump (a partner); to sprinkle",彼女をふる。,to dump one's girlfriend,,
1729802615631,文句[もんく] を 言[い] う,文句[もんく]を 言[い]う,もんくをいう,"Godan verb, Expression",to complain  to make a complaint,"to complain, to make a complaint",店員に文句を言うのはやめよう。,Let's stop complaining to the staff.,,
1729802621983,苛[いじ] める,苛[いじ]める,いじめる,"Ichidan verb, Transitive verb",to ill-treat  to bully  to torment  to pick on  to tease  to be cruel to  to persecute      to be tough on (e.g. one's body)  to treat harshly,"to bully, to ill-treat, to torment, to pick on; to be tough on (e.g. one's body)",弱い子を苛めてはいけない。,You must not bully weaker kids.,,
1729802630234,褒[ほ] める,褒[ほ]める,ほめる,"Ichidan verb, Transitive verb",to praise  to commend  to compliment  to speak well of  to speak highly of,"to praise, to commend, to compliment, to speak well of",先生に作文を褒められた。,My teacher praised my essay.,,
1729802639209,着替[きか] える,着替[きか]える,きかえる,Ichidan verb,to change one's clothes,to change one's clothes,家に帰ってすぐ着替えた。,I changed my clothes as soon as I got home.,,Reading is locked as きかえる; きがえる is the more common reading.
1729802668544,溜[た] める,溜[た]める,ためる,"Ichidan verb, Transitive verb",to save money  to amass  to accumulate  to store    to leave unpaid,"to save (money), to amass, to accumulate, to store; to leave unpaid",老後のためにお金をためる。,I'm saving money for my old age.,,
1729802755189,間違[まちが] える,間違[まちが]える,まちがえる,"Ichidan verb, Transitive verb",to make a mistake (in)  to commit an error (e.g. in calculation)      to confuse  to mistake something for something else,"to make a mistake (in), to get wrong; to confuse, to mistake something for something else",私は道を間違えた。,I took the wrong road.,,
1729802777430,昼寝[ひるね],昼寝[ひるね],ひるね,"Noun, Suru verb, Intransitive verb",nap (afternoon)  siesta,"nap (afternoon), siesta",日曜日は少し昼寝をする。,On Sundays I take a short nap.,,
1729802786126,午前中[ごぜんちゅう],午前中[ごぜんちゅう],ごぜんちゅう,Noun,in the morning  during the morning,"in the morning, during the morning",午前中に宿題を終わらせた。,I finished my homework in the morning.,,
1730229287906,南瓜[かぼちゃ],南瓜[かぼちゃ],かぼちゃ,Noun,pumpkin (Cucurbita sp.)  squash,"pumpkin, squash",かぼちゃのスープを作った。,I made pumpkin soup.,,
1730229411142,両方[りょうほう]  /  何方[どっち] も,両方[りょうほう] /  何方[どっち]も,りょうほう/どっちも,"Noun, No-adjective",both  both sides  both parties,"both, both sides, both parties",両方とも好きです。,I like both of them.,,"何方も is unusual as a spelling of どっちも (normally written in kana, and 何方 is usually read どちら or どなた)."
1730229466726,結果[けっか],結果[けっか],けっか,"Noun, Suru verb, Adverb",result  consequence  outcome  effect      coming to fruition  bearing fruit      as a result  consequently  therefore,"result, consequence, outcome, effect; as a result, consequently",結果は気にするな。,Don't worry about the results.,,
1730229481422,細[ほそ] い,細[ほそ]い,ほそい,I-adjective,thin  slender  fine    unlucky,"thin, slender, fine",彼女は指が細い。,She has slender fingers.,,
1730230320627,資料[しりょう],資料[しりょう],しりょう,"Noun, No-adjective",materials  data  document,"materials, data, document",会議の資料を作った。,I prepared the materials for the meeting.,,
1730230349222,贈[おく] り 物[もの],贈[おく]り 物[もの],おくりもの,Noun,present  gift,"present, gift",母に誕生日の贈り物を買った。,I bought my mother a birthday present.,,
1730230514478,ごみ 箱[ばこ],ごみ 箱[ばこ],ごみばこ,Noun,garbage can  rubbish bin  trash can  dustbin,"garbage can, rubbish bin, trash can, dustbin",ごみはごみ箱に捨ててください。,Please throw your trash in the trash can.,,
1730230595107,裏[うら],裏[うら],うら,Noun,opposite side  bottom  other side  side hidden from view  undersurface  reverse side      rear  back  behind      lining  inside      in the shadows  behind the scenes  offstage  behind (someone's) back      more (to something than meets the eye)  hidden side (e.g. of one's personality)  unknown cir,"back, reverse side, other side; rear, behind; lining, inside; behind the scenes",紙の裏に名前を書いてください。,Please write your name on the back of the paper.,,
1730230994915,テキスト,テキスト,テキスト,Noun,text  textbook,text; textbook,このテキストを声に出して読んでください。,Please read this text aloud.,,
1730231211664,事務所[じむしょ],事務所[じむしょ],じむしょ,Noun,office,office,事務所は三階にあります。,The office is on the third floor.,,
1730231532388,体育館[たいいくかん],体育館[たいいくかん],たいいくかん,Noun,gymnasium,"gymnasium, gym",体育館でバスケをした。,We played basketball in the gym.,,
1730232065937,卓球[たっきゅう],卓球[たっきゅう],たっきゅう,Noun,table tennis  ping-pong,"table tennis, ping-pong",週末に友達と卓球をした。,I played table tennis with a friend on the weekend.,,
1730233060435,驚[おどろ] く,驚[おどろ]く,おどろく,"Godan verb, Intransitive verb",to be surprised  to be astonished   (not びっくりした),"to be surprised, to be astonished",その知らせに驚いた。,I was surprised by the news.,,
1731351575919,一番[いちばん] め,一番[いちばん]め,いちばんめ,Noun,the first ~,"the first, number one (in order)",一番めの問題が一番難しかった。,The first question was the hardest.,,
1731351622367,深[ふか] い,深[ふか]い,ふかい,I-adjective,deep  profound    dense  thick    close (relationship)    intense  strong    late,"deep; profound; dense, thick; close (relationship)",この川はとても深い。,This river is very deep.,,
1731351633712,美[うつく] しい,美[うつく]しい,うつくしい,I-adjective,"beautiful  pretty  lovely  sweet  pure (heart, friendship, etc.)   (not きれいな)","beautiful, pretty, lovely",山の景色が美しい。,The mountain scenery is beautiful.,,
1731351671387,飾[かざ] る,飾[かざ]る,かざる,"Godan verb, Transitive verb",to decorate  to ornament  to adorn      to display  to exhibit  to put on show  to arrange      to mark (e.g. the day with a victory)  to adorn (e.g. the front page)  to grace (e.g. the cover)      to affect (a manner)  to keep up (appearances)  to embellish  to dress up  to be showy  to be pretenti,"to decorate, to ornament, to adorn; to display, to exhibit; to embellish, to keep up (appearances)",部屋に花を飾った。,I decorated the room with flowers.,,
1731351692443,中々[なかなか],中々[なかなか],なかなか,"Na-adjective, Adverb","really, or with a negative 'not really'","very, considerably, quite; (with negative) not readily, not easily",この本はなかなか面白い。,This book is quite interesting.,,
1731351792286,免許[めんきょ],免許[めんきょ],めんきょ,"Noun, Suru verb, Transitive verb",license  permit  licence  certificate,"license, licence, permit, certificate",去年、車の免許を取った。,I got my driver's license last year.,,
1731351815290,予習[よしゅう],予習[よしゅう],よしゅう,"Noun, Suru verb, Transitive verb",preparation for a lesson,preparation for a lesson,明日の授業の予習をした。,I prepared for tomorrow's class.,,
1731351823358,復習[ふくしゅう],復習[ふくしゅう],ふくしゅう,"Noun, Suru verb, Transitive verb",review (of learned material)  revision,"review (of learned material), revision",毎日漢字を復習している。,I review kanji every day.,,
1731351830534,塾[じゅく],塾[じゅく],じゅく,Noun,cram school  private tutoring school  juku,"cram school, private tutoring school, juku",弟は毎日塾に通っています。,My younger brother goes to cram school every day.,,
1731351845836,英会話[えいかいわ],英会話[えいかいわ],えいかいわ,Noun,English conversation  school for English conversation,English conversation; English conversation school,週に一回、英会話を習っています。,I take English conversation lessons once a week.,,
1731351866208,お 嬢[じょう] さん,お 嬢[じょう]さん,おじょうさん,Noun,(another's) daughter  young lady,(another's) daughter; young lady,お嬢さんはおいくつですか？,How old is your daughter?,,
1731351877283,神様[かみさま],神様[かみさま],かみさま,"Noun, Honorific",God  god      ace  king  superior person  god (amongst men),"God, god; ace, king, superior person",神様にお願いしました。,I prayed to God.,,
1731351884756,先輩[せんぱい],先輩[せんぱい],せんぱい,Noun,senior (at work or school)  superior  elder  older graduate  progenitor  old-timer,"senior (at work or school), superior, elder; older graduate",先輩に仕事を教えてもらいました。,My senior taught me the job.,,
1731351892155,後輩[こうはい],後輩[こうはい],こうはい,Noun,"junior (at work, school, etc.)  younger people  younger student","junior (at work, school, etc.), younger student",後輩と一緒に昼ご飯を食べました。,I ate lunch with my junior.,,
1731351899680,部下[ぶか],部下[ぶか],ぶか,Noun,subordinate person,"subordinate, member of one's staff",部長は部下にとても優しいです。,The manager is very kind to his subordinates.,,
1731351911355,プロジェクト,プロジェクト,プロジェクト,Noun,project,project,新しいプロジェクトが始まりました。,A new project has started.,,
1731351922079,家事[かじ],家事[かじ],かじ,Noun,housework  domestic chores      family affairs  household matters,"housework, domestic chores; family affairs, household matters",週末は家事で忙しいです。,I'm busy with housework on weekends.,,
1731351940256,一人暮[ひとりぐ] らし,一人暮[ひとりぐ]らし,ひとりぐらし,Noun,living by oneself  living alone,"living alone, living by oneself",大学に入ってから一人暮らしをしています。,I've been living alone since I started university.,,
1731351955008,無駄遣[むだづか] い,無駄遣[むだづか]い,むだづかい,"Noun, Suru verb, Transitive verb","waste (of money, time, etc.)  squandering  frittering away","waste (of money, time, etc.), squandering, frittering away",お金の無駄遣いはやめましょう。,Let's stop wasting money.,,
1731351975102,貧乏[びんぼう],貧乏[びんぼう],びんぼう,"Noun, Na-adjective",poverty-stricken  destitute  poor  penurious,"poor, poverty-stricken, destitute; poverty",学生のころはとても貧乏でした。,I was very poor when I was a student.,,
1731351988403,ぺらぺら,ぺらぺら,ぺらぺら,"Suru verb, Na-adjective, Adverb","fluently (speaking a foreign language)    incessantly (speaking)  glibly  garrulously  volubly    one after the other (flipping through pages)    thin (paper, cloth, etc.)  flimsy  weak","fluently (speaking a foreign language); incessantly, glibly; flipping (through pages); thin, flimsy",彼女は英語がぺらぺらです。,She speaks English fluently.,,
1731352055702,吹[ふ] く,吹[ふ]く,ふく,"Godan verb, Transitive verb, Intransitive verb","to blow (of the wind)    to blow (one's breath)  to breathe out  to blow on (hot tea, candles, etc.)  to puff      to play (a wind instrument)  to blow (a whistle, trumpet, etc.)  to whistle (a tune)      to emit (smoke, fire, etc.)  to spout  to spew  to puff out      to sprout  to put forth (buds)","to blow (of the wind); to blow (one's breath), to blow on; to play (a wind instrument); to brag, to talk big",風が吹く。,The wind blows.,,
1731352109447,運[はこ] ぶ,運[はこ]ぶ,はこぶ,"Godan verb, Transitive verb, Intransitive verb","to carry  to transport  to move  to convey      to come  to go      to wield (a tool, etc.)  to use      to go (well, etc.)  to proceed  to progress","to carry, to transport, to move, to convey; to go (well), to proceed, to progress",荷物を運ぶ。,To carry luggage.,,
1731352144305,拾[ひろ] う,拾[ひろ]う,ひろう,"Godan verb, Transitive verb",to pick up  to find  to gather,to pick up; to find; to gather,ゴミを拾う。,To pick up rubbish.,,
1731352185699,放[ほう] っておく,放[ほう]っておく,ほうっておく,"Godan verb, Transitive verb, Expression",to leave alone  to leave as is  to ignore  to neglect,"to leave alone, to leave as is; to ignore, to neglect",赤ちゃんを放っておけない。,I can't leave the baby alone.,,
1731352283919,助[たす] ける,助[たす]ける,たすける,"Ichidan verb, Transitive verb",to save  to rescue      to help  to assist      to support (financially)  to contribute (to)  to provide aid      to facilitate  to stimulate  to promote  to contribute to,"to save, to rescue; to help, to assist; to support (financially)",川で溺れた子供を助けました。,He saved a child who was drowning in the river.,,
1731352316195,お 願[ねが] いする,お 願[ねが]いする,おねがいする,"Suru verb, Transitive verb, Humble",To request help,"to ask (a favour), to request (humble)",先生に推薦状をお願いしました。,I asked my teacher for a letter of recommendation.,,
1731352362249,賛成[さんせい],賛成[さんせい],さんせい,"Noun, Suru verb, Intransitive verb, No-adjective",approval  agreement  support  favour  favor,"approval, agreement, support, favour",私はその意見に賛成です。,I agree with that opinion.,,
1731352375417,失敗[しっぱい],失敗[しっぱい],しっぱい,"Noun, Suru verb, Intransitive verb, No-adjective",failure  mistake  blunder,"failure, mistake, blunder",試験に失敗してしまいました。,I failed the exam.,,
1731352386988,徹夜[てつや],徹夜[てつや],てつや,"Noun, Suru verb, Intransitive verb, No-adjective",staying up all night,staying up all night,昨日は徹夜で勉強しました。,I stayed up all night studying yesterday.,,
1731352405793,翻訳[ほんやく] する,翻訳[ほんやく]する,ほんやくする,"Suru verb, Transitive verb",To translate,to translate,英語のゲームを日本語に翻訳する。,To translate an English game into Japanese.,,
1731352542084,こんな,こんな,こんな,Pre-noun adjectival,this sort of  this kind of  like this  such,"this kind of, this sort of, like this, such",こんな映画は初めて見ました。,It's the first time I've seen a film like this.,,
1731352567835,何度[なんど] も,何度[なんど]も,なんども,Adverb,many times over  often,"many times, over and over; often",何度も電話したのに、出ませんでした。,"I called many times, but he didn't answer.",,
1731352575433,もう 少[すこ] し,もう 少[すこ]し,もうすこし,Expression,a bit more  a bit longer,"a bit more, a bit longer",もう少し待ってください。,Please wait a little longer.,,
1731352627981,多[おお] く,多[おお]く,おおく,"Noun, No-adjective, Adverb",many  much  plenty  a lot      majority (of)  greater part (of)      mostly  mainly  chiefly  usually  often,"many, much, a lot; majority (of), greater part (of); mostly, mainly",多くの人がこの店に来ます。,Many people come to this shop.,,
1731352656356,そんなことはない,そんなことはない,そんなことはない,Expression,I don't think so,"that's not true, not at all; I don't think so",「日本語が上手ですね。」「そんなことはないです。」,"""Your Japanese is good."" ""No, not at all.""",,
1731922761795,老後[ろうご],老後[ろうご],ろうご,Noun,old age,"old age, life after retirement",老後のためにお金を貯めています。,I'm saving money for my old age.,,
1732269226780,2段目,2 段目[だんめ],2だんめ,Noun,The 2nd shelf/step,"second shelf, second step, second tier",本は棚の2段目にあります。,The book is on the second shelf.,,
1732269258270,親子[おやこ],親子[おやこ],おやこ,Noun,parent and child,parent and child,あの二人は親子です。,Those two are parent and child.,,
1732269401548,夕食[ゆうしょく],夕食[ゆうしょく],ゆうしょく,Noun,evening meal  dinner,"evening meal, dinner",夕食は七時に食べます。,I eat dinner at seven.,,
1732269419737,階段[かいだん],階段[かいだん],かいだん,Noun,stairs  stairway  staircase,"stairs, stairway, staircase",階段で三階まで上がりました。,I went up to the third floor by the stairs.,,
1732269431258,面接[めんせつ],面接[めんせつ],めんせつ,"Noun, Suru verb",interview (e.g. for a job),interview (e.g. for a job),明日、会社の面接があります。,I have a job interview with a company tomorrow.,,
1732269438255,健康[けんこう],健康[けんこう],けんこう,"Noun, Na-adjective",health    healthy  sound  fit  wholesome,"health; healthy, sound, fit, wholesome",健康のために毎朝歩いています。,I walk every morning for my health.,,
1732269446058,理想[りそう],理想[りそう],りそう,"Noun, No-adjective",ideal  ideals,ideal,理想の家に住みたいです。,I want to live in my ideal house.,,
1732269503384,海外旅行[かいがいりょこう],海外旅行[かいがいりょこう],かいがいりょこう,Noun,trip abroad  overseas travel,"trip abroad, overseas travel",夏休みに海外旅行をしたいです。,I want to travel abroad during the summer holidays.,,
1732269517306,盆踊[ぼんおど] り,盆踊[ぼんおど]り,ぼんおどり,Noun,Bon Festival dance  Lantern Festival dance,Bon Festival dance,夏祭りで盆踊りを踊りました。,I did the Bon dance at the summer festival.,,
1732269528534,社会[しゃかい],社会[しゃかい],しゃかい,Noun,society  public  community  the world    social studies,"society, the world, community, public; social studies",大学を出て社会に出ます。,I'll graduate from university and go out into the world.,,
1732269542356,調査[ちょうさ],調査[ちょうさ],ちょうさ,"Noun, Suru verb, Transitive verb",survey  examination  inquiry  enquiry  investigation,"investigation, survey, examination, inquiry",警察が事故の原因を調査しています。,The police are investigating the cause of the accident.,,
1732269578803,不味[まず] い,不味[まず]い,まずい,I-adjective,Tastes bad,"bad-tasting, unpalatable; bad, awkward, unwise; poor, unskilful",この店のラーメンはまずいです。,The ramen at this shop tastes bad.,,
1732269620999,可哀[かわい] そう,可哀[かわい]そう,かわいそう,"Noun, Na-adjective",pitiable   pathetic  pitiful,"poor, pitiable, pathetic, pitiful",雨の中で泣いている子犬がかわいそうだった。,I felt sorry for the puppy crying in the rain.,,
1732269642505,無[な] くなる,無[な]くなる,なくなる,"Godan verb, Intransitive verb","to be lost (e.g. luggage)  to be missing      to be used up  to be run out  to be exhausted  to be consumed  to be reduced to zero  to not occur any more      to disappear (e.g. pain)  to be lost (e.g. a dream, confidence)","to be lost, to go missing; to run out, to be used up; to disappear (e.g. pain), to stop occurring",スマホが無くなった。,My smartphone went missing.,,
1732269697065,居[い] なくなる,居[い]なくなる,いなくなる,"Godan verb, Intransitive verb, Expression",to disappear (of people or animals)  to go (away)  to leave  to no longer exist,"to disappear (of people or animals), to go away, to leave",うちの猫が急に居なくなった。,Our cat suddenly disappeared.,,
1732269726689,お 腹[なか] をこわす,お 腹[なか]をこわす,おなかをこわす,"Godan verb, Expression",to get an upset stomach  to have diarrhea,"to get an upset stomach, to have diarrhea",冷たい物を飲みすぎて、お腹をこわした。,I drank too many cold drinks and got an upset stomach.,,
1732269736887,気[き] に 入[い] る,気[き]に 入[い]る,きにいる,"Godan verb, Intransitive verb, Expression",to like  to be pleased with  to be delighted with  to take a liking to  to suit one's fancy,"to like, to be pleased with, to take a liking to",この緑の鞄が気に入っている。,I've taken a liking to this green bag.,,
1732269835699,悪口[わるくち] を 言[い] う,悪口[わるくち]を 言[い]う,わるくちをいう,"Godan verb, Expression",to insult  to say something insulting about  to bad-mouth,"to insult, to say something insulting about, to bad-mouth",人の悪口を言うのはよくないです。,It's not good to bad-mouth people.,,
1732269859852,離[はな] れる,離[はな]れる,はなれる,"Ichidan verb, Intransitive verb","to be separated  to be apart  to be distant      to leave  to go away      to leave (a job, etc.)  to quit  to give up      to lose connection with  to drift away from","to be separated, to be apart, to be distant; to leave, to go away; to leave (a job, etc.), to quit",家族と離れて暮らしています。,I live apart from my family.,,
1732269879146,がっかり,がっかり,がっかり,"Suru verb, Intransitive verb, Adverb",to be disappointed  to be dejected  to be downhearted  to lose heart  to feel let down      to feel exhausted  to feel drained,"to be disappointed, to be dejected, to lose heart; to feel drained",結果にがっかりする。,To be disappointed with the result.,,
1732269922117,我慢[がまん],我慢[がまん],がまん,"Noun, Suru verb, Transitive verb",tolerate  endure  patience  perseverance  bearing (with something)      self-control  self-restraint,"endurance, patience, perseverance; self-control, self-restraint; to put up with",痛みを我慢する。,To put up with the pain.,,
1732269960622,同情[どうじょう],同情[どうじょう],どうじょう,"Noun, Suru verb, Intransitive verb",sympathy  compassion  pity,"sympathy, compassion, pity",友達に同情する。,To sympathise with one's friend.,,
1732270067383,不安な顔をする,不安[ふあん]な 顔[かお]をする,ふあんなかおをする,"Suru verb, Intransitive verb, Expression",To look anxious (facial expression),"to look anxious, to look worried",母は不安な顔をしていた。,My mother looked anxious.,,
1732270104792,優勝[ゆうしょう],優勝[ゆうしょう],ゆうしょう,"Noun, Suru verb, Intransitive verb",overall victory  championship,"overall victory, championship, winning first place",大会で優勝しました。,We won the championship at the tournament.,,
1732270175263,戻[もど] って 来[く] る,戻[もど]って 来[く]る,もどってくる,"Irregular verb, Intransitive verb, Expression",to come back,to come back,友達が日本に戻って来る。,My friend is coming back to Japan.,,
1732273906596,ちょっとよろしいでしょうか,ちょっとよろしいでしょうか,ちょっとよろしいでしょうか,Expression,Can I have a moment?,do you have a moment?; may I have a moment of your time?,すみません、ちょっとよろしいでしょうか？,"Excuse me, do you have a moment?",,
1732703725599,片頭痛[へんずつう],片頭痛[へんずつう],へんずつう,Noun,migraine,migraine,片頭痛で仕事を休みました。,I took the day off work because of a migraine.,,
1732703763480,人数[にんずう],人数[にんずう],にんずう,Noun,the number of people    many people  a large number of people,the number of people; a large number of people,パーティーの人数を教えてください。,Please tell me the number of people for the party.,,
1732703776617,直接[ちょくせつ],直接[ちょくせつ],ちょくせつ,"Noun, Na-adjective, No-adjective, Adverb",in person  directly  personal  firsthand,"direct, immediate; directly, in person; personal, firsthand",社長に直接話しました。,I spoke to the company president directly.,,
1732703819722,渡[わた] す,渡[わた]す,わたす,"Godan verb, Transitive verb",to ferry across (e.g. a river)  to carry across  to traverse      to lay across  to build across      to hand over  to hand in  to pass  to give  to transfer,"to hand over, to hand in, to pass, to give; to ferry across, to carry across; to lay across, to build across",この書類を先生に渡してください。,Please hand this document to the teacher.,,
1732703955417,準備できました,準備[じゅんび]できました,じゅんびできました,Expression,I'm ready,"I'm ready; it's ready, preparations are done",晩ご飯の準備できました。,Dinner is ready.,,
1732703977691,伸[の] びる,伸[の]びる,のびる,"Ichidan verb, Intransitive verb","to stretch  to extend  to lengthen  to grow (of hair, height, grass, etc.","to stretch, to extend, to lengthen; to grow (of hair, height, grass, etc.)",子供の背がずいぶん伸びました。,The child has grown a lot taller.,,
1733392869654,過去[かこ],過去[かこ],かこ,"Noun, No-adjective",the past  bygone days  the previous      a past (i.e. a personal history one would prefer remained secret)  one's past      past (tense)  preterit  preterite    previous life,"the past, bygone days; one's past (that one would rather keep secret); past tense",過去のことは忘れましょう。,Let's forget about the past.,,
1733392931779,作者[さくしゃ],作者[さくしゃ],さくしゃ,Noun,creator (of a work)  author  writer  artist  composer  playwright  dramatist,"author, writer, creator (of a work), artist",この本の作者は有名な人です。,The author of this book is a famous person.,,
1733392977084,未来[みらい],未来[みらい],みらい,"Noun, No-adjective",the future (usually distant)  future tense  the world to come,the future (usually distant); future tense,子供たちの未来を守りたいです。,I want to protect the children's future.,,
1733393440379,不満[ふまん],不満[ふまん],ふまん,"Noun, Na-adjective",dissatisfaction  discontent  displeasure  complaint  unhappiness,"dissatisfaction, discontent, displeasure, complaint",今の給料に不満があります。,I'm dissatisfied with my current salary.,,
1733393630058,共感[きょうかん],共感[きょうかん],きょうかん,"Noun, Suru verb, Intransitive verb, No-adjective","empathy   ""I agree with their feelings/actions""","empathy, sympathy; agreeing with someone's feelings",彼の意見に共感しました。,I could relate to his opinion.,,
1733750065513,体操[たいそう],体操[たいそう],たいそう,"Noun, Suru verb, Intransitive verb",gymnastics  physical exercises  calisthenics,"gymnastics, physical exercises, calisthenics",毎朝ラジオ体操をしています。,I do radio exercises every morning.,,
1733750293455,金属[きんぞく],金属[きんぞく],きんぞく,Noun,metal,metal,このコップは金属でできています。,This cup is made of metal.,,
1733750366557,銀[ぎん],銀[ぎん],ぎん,"Noun, No-adjective",silver (Ag)    silver coin  money    silver medal    silver colour  silver color    bank  silver general,silver; silver medal; silver colour,彼女はオリンピックで銀をとった。,She won silver at the Olympics.,,
1733762971802,青銅[せいどう],青銅[せいどう],せいどう,Noun,bronze,bronze,公園に青銅の像があります。,There is a bronze statue in the park.,,
1733841686122,詳[くわ] しい,詳[くわ]しい,くわしい,I-adjective,detailed  full  accurate      knowing very well  well-acquainted  well-informed,"detailed, full; knowing very well, well-informed (about)",彼は日本の歴史に詳しいです。,He knows a lot about Japanese history.,,
1733841934521,のんびり,のんびり,のんびり,"Suru verb, Intransitive verb, Adverb",at leisure  in a relaxed manner  in a carefree manner  quietly  peacefully,"at leisure, in a relaxed manner, in a carefree manner; quietly, peacefully",休みの日は家でのんびりします。,On my days off I relax at home.,,
1733841979445,故郷[こきょう],故郷[こきょう],こきょう,Noun,home town  birthplace  native place  one's old home,"home town, birthplace, one's old home",お正月は故郷に帰ります。,I'm going back to my home town for New Year.,,Also very commonly read ふるさと; こきょう kept as entered.
1733842066341,ミス,ミス,ミス,"Noun, Suru verb",mistake  error  failure    Miss  myth,"mistake, error, failure; Miss (title)",仕事で大きなミスをしてしまった。,I made a big mistake at work.,,
1733842116944,遣[や] り 甲斐[がい],遣[や]り 甲斐[がい],やりがい,Noun,"being worth doing, rewarding","being worth doing, rewarding (sense of), sense of fulfilment",この仕事はとてもやりがいがあります。,This job is very rewarding.,,
1733842606245,状況[じょうきょう],状況[じょうきょう],じょうきょう,"Noun, No-adjective",state of affairs (around you)  situation  circumstances,"situation, circumstances, state of affairs",今の状況を説明してください。,Please explain the current situation.,,
1733842689785,溜[た] まる,溜[た]まる,たまる,"Godan verb, Intransitive verb",to collect  to gather  to save  to accumulate  to pile up,"to collect, to gather, to accumulate, to pile up; to be saved (of money)",仕事のストレスが溜まっています。,Stress from work is building up.,,
1733842829782,現実的[げんじつてき],現実的[げんじつてき],げんじつてき,Na-adjective,realistic  pragmatic,"realistic, pragmatic",もっと現実的な計画を立てましょう。,Let's make a more realistic plan.,,
1733843318525,宿[やど],宿[やど],やど,Noun,"lodging  inn  hotel      house  home  dwelling    home of a servant's parents (or guarantor, etc.)","lodging, inn, hotel; house, home, dwelling",駅の近くに宿を取りました。,I booked an inn near the station.,,
1733843382071,大体[だいたい],大体[だいたい],だいたい,"Noun, No-adjective, Adverb",outline  main points  gist  substance  essence      generally  on the whole  mostly  almost  nearly  approximately  roughly  about      general  rough      in the first place  first and foremost  from the start  to begin with,"generally, mostly, roughly, approximately; outline, gist, main points; in the first place, to begin with",宿題は大体終わりました。,I've mostly finished my homework.,,
1733843451564,蠍[さそり],蠍[さそり],さそり,Noun,scorpion (Scorpiones spp.),scorpion,砂漠でサソリを見ました。,I saw a scorpion in the desert.,,
1733843480072,蟷螂[かまきり],蟷螂[かまきり],かまきり,Noun,"praying mantis (esp. the narrow-winged mantis, Tenodera angustipennis)",praying mantis,庭にカマキリがいました。,There was a praying mantis in the garden.,,
1733843576968,国境[こっきょう],国境[こっきょう],こっきょう,"Noun, No-adjective",national border  provincial border,"national border, provincial border",バスで国境を越えました。,We crossed the border by bus.,,
1733843586350,賄賂[わいろ],賄賂[わいろ],わいろ,Noun,bribe  sweetener  douceur,"bribe, sweetener",その政治家は賄賂を受け取った。,That politician accepted a bribe.,,
1733843691075,倒[たお] れる,倒[たお]れる,たおれる,"Ichidan verb, Intransitive verb","to fall (over, down)  to collapse  to take a fall  to topple      to be destroyed (in a collapse)  to collapse  to cave in  to crumble  to give away      to be confined to bed (with an illness)  to come down with  to break down (e.g. from overwork)      to die  to be killed      to go bankrupt (of a","to fall (over, down), to collapse, to topple; to be confined to bed, to break down (from overwork); to go bankrupt, to fail; to be overthrown",強い風で木が倒れました。,A tree fell over in the strong wind.,,
1733843832850,酔[よ] っ 払[ぱら] う,酔[よ]っ 払[ぱら]う,よっぱらう,"Godan verb, Intransitive verb",to get drunk,to get drunk,父は酔っ払って寝てしまった。,My father got drunk and fell asleep.,,
1733843903199,地元民[じもとみん],地元民[じもとみん],じもとみん,Noun,local people,"local people, locals",地元民に人気のレストランです。,It's a restaurant popular with locals.,,
1733843960772,いつも 通[どお] り,いつも 通[どお]り,いつもどおり,Adverb,as always  as usual,"as usual, as always",私はいつも通り手を洗った。,I washed my hands as usual.,,
1733843990545,蓋[ふた],蓋[ふた],ふた,Noun,cover  lid  cap,"lid, cover, cap",鍋の蓋を開けてください。,Please take the lid off the pot.,,
1733844011472,公共[こうきょう],公共[こうきょう],こうきょう,"Noun, No-adjective","public (facilities, service, etc.)  communal","public (facilities, service, etc.), communal",公共の場所では静かにしましょう。,Let's be quiet in public places.,,
1733844110216,しゃがむ,しゃがむ,しゃがむ,"Godan verb, Intransitive verb",to squat  to crouch,"to squat, to crouch",子供が道にしゃがんで花を見ている。,A child is crouching on the path looking at flowers.,,
1733844186225,最低[さいてい],最低[さいてい],さいてい,"Noun, Na-adjective, No-adjective, Adverb",least  lowest  minimum    worst    awful  horrible  nasty  disgusting    at the very least,"lowest, least, minimum; worst, awful, horrible; at the very least",今日は最低の一日だった。,Today was the worst day.,,
1733844206216,瞑想[めいそう],瞑想[めいそう],めいそう,"Noun, Suru verb, Intransitive verb",meditation  contemplation,"meditation, contemplation",毎朝十分間瞑想します。,I meditate for ten minutes every morning.,,
1733844227541,睡眠[すいみん],睡眠[すいみん],すいみん,"Noun, No-adjective",sleep,sleep,健康には十分な睡眠が大切です。,Getting enough sleep is important for your health.,,
1733844271038,罅[ひび],罅[ひび],ひび,"Noun, No-adjective",crack  fissure      rift  split      chaps  skin fissure,"crack, fissure, rift; chapped skin",コップにひびが入っている。,There's a crack in the glass.,,
1733844320642,中毒[ちゅうどく],中毒[ちゅうどく],ちゅうどく,"Noun, Suru verb, Intransitive verb, No-adjective, Suffix",poisoning  addiction,poisoning; addiction,弟はゲーム中毒です。,My little brother is addicted to games.,,
1733844372864,上級者[じょうきゅうしゃ],上級者[じょうきゅうしゃ],じょうきゅうしゃ,Noun,advanced student  advanced learner  advanced practitioner  experienced person,"advanced student, advanced learner; experienced person",このコースは上級者向けです。,This course is for advanced learners.,,
1733844388790,表現[ひょうげん],表現[ひょうげん],ひょうげん,"Noun, Suru verb, Transitive verb",expression  presentation      representation  notation,"expression, presentation; representation, notation",自分の気持ちを表現できない。,I can't express my feelings.,,
1733844427012,知識[ちしき],知識[ちしき],ちしき,Noun,knowledge  information,"knowledge, information",彼はコンピューターの知識が豊富です。,He has a wealth of knowledge about computers.,,
1733844488115,〜に 因[よ] って,〜に 因[よ]って,〜によって,"Expression, Grammar pattern",depending on  by (means of)  due to  because of,"depending on; by (means of); due to, because of",国によって、違います。,It differs depending on the country.,,Usually written in kana as 〜によって.
1733844621386,タンパク 質[しつ],タンパク 質[しつ],たんぱくしつ,Noun,protein,protein,卵はタンパク質が多いです。,Eggs are high in protein.,,Locked reading writes タンパク in hiragana although the surface uses katakana.
1733844647889,胸[むね],胸[むね],むね,Noun,chest  breast      breasts  bosom  bust    heart  lungs  stomach    heart  mind  feelings,"chest, breast; bosom, bust; heart, mind, feelings",走ったあと、胸が痛くなった。,My chest started hurting after I ran.,,
1733844659509,背中[せなか],背中[せなか],せなか,Noun,back (of body),back (of body),背中がかゆいです。,My back is itchy.,,
1733844684981,自体[じたい],自体[じたい],じたい,"Noun, Adverb, Suffix",itself    one's own body  oneself      originally  naturally  by nature  from the start,"itself; oneself; originally, by nature",その考え自体は悪くない。,The idea itself isn't bad.,,
1733844836299,編集[へんしゅう],編集[へんしゅう],へんしゅう,"Noun, Suru verb, Transitive verb",editing  compilation,"editing, compilation",今、動画を編集しています。,I'm editing a video right now.,,
1733844903084,土日[どにち],土日[どにち],どにち,Noun,weekend  Saturday and Sunday   (not 週末),"weekend, Saturday and Sunday",土日は仕事が休みです。,I'm off work on Saturdays and Sundays.,,
1733844970176,発散[はっさん],発散[はっさん],はっさん,"Noun, Suru verb, Transitive verb, Intransitive verb",emission  emanation  radiation  diffusion  dispersion      letting out (feelings)  venting    divergence (of light)  divergence,"letting out (feelings), venting; emission, radiation, diffusion; divergence",運動でストレスを発散します。,I let off stress by exercising.,,
1733844985730,平日[へいじつ],平日[へいじつ],へいじつ,"Noun, Adverb",weekday  ordinary days (i.e. non-holiday),"weekday, ordinary day (non-holiday)",平日は毎朝七時に起きます。,On weekdays I get up at seven every morning.,,
1733844994753,心[しん],心[しん],しん,Noun,"heart  mind  spirit  vitality  inner strength      bottom of one's heart  core (of one's character)  nature      centre  center  core  heart    heart (organ)  Chinese ""Heart"" constellation (one of the 28 mansions)  friend","heart, mind, spirit; bottom of one's heart, nature; core, centre",彼は心から優しい人です。,He is kind to the core.,,On its own 心 is normally read こころ; しん is mainly used in compounds and set phrases like 心から.
1734101238975,道路[どうろ],道路[どうろ],どうろ,Noun,road  highway     (Not みち),"road, highway",この道路はいつも混んでいます。,This road is always congested.,,
1734101248274,手[て] を 振[ふ] る,手[て]を 振[ふ]る,てをふる,"Godan verb, Expression",to wave one's hand,to wave one's hand,子供が駅で手を振っていた。,The child was waving at the station.,,
1734101262475,経[た] つ,経[た]つ,たつ,"Godan verb, Intransitive verb",to pass (of time)  to elapse,"to pass (of time), to elapse",日本に来てから一年が経ちました。,A year has passed since I came to Japan.,,
1734101291325,方面[ほうめん],方面[ほうめん],ほうめん,"Noun, Suffix",direction  district  area      field (e.g. of study)  sphere  quarter  aspect  angle,"direction, district, area; field (of study), sphere, aspect",東京方面の電車に乗ってください。,Please take the train bound for Tokyo.,,
1735157556331,喜んで,喜[よろこ]んで,よろこんで,"Adverb, Expression",With pleasure...,"with pleasure, gladly",言ってくれればいつでも喜んでお手伝いします。,"If you ask me, I'll gladly help you any time.",,
1735405482865,面倒,面倒[めんどう],めんどう,"Noun, Na-adjective",care; attention; trouble; difficulty,"trouble, bother; difficulty; care, attention",毎日料理するのは面倒です。,Cooking every day is a hassle.,,
1735405557173,目玉焼き,目玉焼[めだまや]き,めだまやき,Noun,sunny-side-up fried eggs,"fried egg, sunny-side-up egg",朝ご飯に目玉焼きを作りました。,I made a fried egg for breakfast.,,
1735591530466,一週間に3回,一週間[いっしゅうかん]に3 回[かい],いっしゅうかんに3かい,Expression,Three times a week,three times a week,一週間に3回ジムに行きます。,I go to the gym three times a week.,,Existing reading had a typo (いっしゅかん instead of いっしゅうかん).
1735591739920,〜といいですね,〜といいですね,〜といいですね,"Expression, Grammar pattern",I hope that ~,I hope ~; it would be nice if ~,雨が降らないといいですね。,I hope it doesn't rain.,,
1735592700640,〜ばよかった,〜ばよかった,〜ばよかった,"Expression, Grammar pattern",I wish I had done/not done,I wish I had ~; I should have ~,あの時、「愛している」と言えばよかったです。,I wish I had told her that I loved her back then.,,
1735592946507,〜はずです,〜はずです,〜はずです,"Expression, Grammar pattern",It is supposed to be the case that ~,should be ~; is supposed to ~; is expected to ~,今日は日曜日だから、銀行は閉まっているはずです。,"It's Sunday today, so the banks should be closed.",,
1735593110757,〜ないで,〜ないで,〜ないで,Grammar pattern,without doing ~,without doing ~; instead of doing ~,昨日の夜は、寝ないで、勉強しました。,Last night I studied without sleeping.,,
1735593602186,question word か / yes no question かどうか > 知っていません etc,question word か / yes no question かどうか >  知[し]っていません etc,questionwordか/yesnoquestionかどうか>しっていませんetc,Grammar pattern,question within a sentence grammar,embedded question: what/who/etc. ~ (か); whether or not ~ (かどうか),山下先生は昨日何を食べたか覚えていません。,Yamashita-sensei doesn't remember what he ate yesterday.,,"Note that 'don't know' is normally 知りません, not 知っていません."
1735593693854,〜という〜,〜という〜,〜という〜,Grammar pattern,X called Y,a ~ called ~; a ~ named ~,「花」という歌を知っていますか？,"Do you know a song called ""Hana""?",,
1735594048428,〜てある,〜てある,〜てある,Grammar pattern,〜 has been done for a reason,"has been done (on purpose, with the result remaining)",寒いので、ヒーターがつけてあります。,"Because it's cold, the heater has been turned on.",,
1735594279228,〜間に,〜 間[あいだ]に,〜あいだに,Grammar pattern,Grammar: To take place during ~ (verb),while ~; during ~ (something happens within that time),昨日の夜、寝ている間に地震がありました。,Last night there was an earthquake while I was asleep.,,
1735594424728,adj~ する,adj~ する,adj~する,Grammar pattern,"To make something ""more ~adj""",to make something (more) ~ (adjective),部屋を少し明るくしてください。,Please make the room a little brighter.,,
1735594627493,〜てほしい,〜てほしい,〜てほしい,Grammar pattern,"Grammar, To want somebody to do something",to want someone to do ~,私は病気の友達に元気になってほしいです。,I want my sick friend to get well.,,
1735639368009,Verb masu stem + なさい,Verb masu stem + なさい,Verbmasustem+なさい,Grammar pattern,Grammar: a strong command,"do ~ (firm command, e.g. parent to child)",文句を言うのをやめなさい。,Stop complaining!,,
1735640085834,A~ ば ~B,A~ ば ~B,A~ば~B,Grammar pattern,If A then B. (drop う add えば、or for neg. drop い add ければ）,"if A, then B",車があれば、色々なところに行けます。,"If you have a car, you can go to all sorts of places.",,
1735640380688,A 〜のに〜 B,A 〜のに〜 B,A〜のに〜B,Grammar pattern,"Despite A, also B. (Even though A IS true, also B.)","even though A, B; despite A, B",家にいるのに、電話に出ない。,"She's at home, but she won't answer the phone.",,
1735640765971,A   〜のような / 〜のように    B,A 〜のような / 〜のように B,A〜のような/〜のようにB,Grammar pattern,B is like A,B like A; in the manner of A,私は鎌倉のような町が好きです。,I like towns like Kamakura.,,
1735640955488,A 〜ても B,A 〜ても B,A〜てもB,Grammar pattern,B is true EVEN IF A is true,"even if A, B",雨が降っても、ピクニックに行きます。,I'll go on the picnic even if it rains.,,
1735641174719,〜ことにする / 〜ことにしている,〜ことにする / 〜ことにしている,〜ことにする/〜ことにしている,"Expression, Grammar pattern",Decide to do ~ / Make a regular practice to do ~,to decide to ~; to make it a rule to ~,車を買うことにしました。,I've decided to buy a car.,,
1735843281038,偽物,偽物[にせもの],にせもの,Noun,spurious article; forgery; counterfeit; imitation; sham,"fake, counterfeit, forgery, imitation",このバッグは偽物かもしれない。,This bag might be a fake.,,
1735915313663,居間[いま],居間[いま],いま,Noun,living room (Western style)  sitting room,"living room, sitting room",家族は居間でテレビを見ています。,The family is watching TV in the living room.,,
1735915433678,包[つつ] む,包[つつ]む,つつむ,"Godan verb, Transitive verb",to wrap up  to tuck in  to pack  to do up  to cover with  to dress in      to conceal  to hide  to be engulfed in  to be enveloped by,"to wrap up, to pack; to cover, to envelop; to conceal, to hide",プレゼントをきれいな紙で包みました。,I wrapped the present in pretty paper.,,
1735916422261,七面鳥[しちめんちょう],七面鳥[しちめんちょう],しちめんちょう,Noun,turkey (Meleagris gallopavo),turkey,クリスマスに七面鳥を食べます。,We eat turkey at Christmas.,,
1735917590147,従兄弟[いとこ],従兄弟[いとこ],いとこ,Noun,cousin (male),cousin (male),いとこは大阪に住んでいます。,My cousin lives in Osaka.,,
1735917612808,従姉妹[いとこ],従姉妹[いとこ],いとこ,Noun,cousin (female),cousin (female),いとこと一緒に買い物に行った。,I went shopping with my cousin.,,
1735921919723,最終日[さいしゅうび],最終日[さいしゅうび],さいしゅうび,Noun,last day  final day,"last day, final day",今日は旅行の最終日です。,Today is the last day of the trip.,,
1736261068879,賞[しょう],賞[しょう],しょう,"Noun, Suffix",prize  award,"prize, award",彼女はコンテストで賞をもらった。,She won a prize in the contest.,,
1736262027906,喜[よろこ] ぶ,喜[よろこ]ぶ,よろこぶ,"Godan verb, Intransitive verb",to be delighted  to be glad  to be pleased    to congratulate  to gratefully accept,"to be delighted, to be glad, to be pleased; to congratulate; to gratefully accept",母はプレゼントをとても喜んだ。,My mother was very pleased with the present.,,
1736423477284,〜させる (Ichidan) / 〜あせる (Godan),〜させる (Ichidan) / 〜あせる (Godan),〜させる(Ichidan)/〜あせる(Godan),Grammar pattern,Grammar: Causative conjugation (forced or allowed to do action),causative: to make or let someone do ~,お母さんは弟を学校に行かせた。,Mum made my little brother go to school.,,
1736423748948,〜られる (Ichidan) / 〜あれる (Godan),〜られる (Ichidan) / 〜あれる (Godan),〜られる(Ichidan)/〜あれる(Godan),Grammar pattern,Grammar: Passive conjugation. (verb was done TO the subject),passive: to be ~ed (by someone); to suffer from someone ~ing,私は蜂に刺された。,I was stung by a bee.,,
1736513941765,拘り,拘[こだわ]り,こだわり,Noun,Pickiness,"particularity, fussiness; obsession, fixation; speciality (of a shop)",私は食べ物にこだわりがあります。,I'm particular about food.,,Usually written in kana (こだわり); the learner's original sentence was replaced with a more natural one.
1736514601116,気に入り,気[き]に 入[い]り,きにいり,Noun,Favourite,"favourite, pet",この店は私のお気に入りです。,This shop is my favourite.,,
1736972730233,この 前[まえ],この 前[まえ],このまえ,"Noun, No-adjective",The other day...,"the other day, recently; last (Sunday, etc.), previous",この前、駅で先生に会いました。,I ran into my teacher at the station the other day.,,
1737042326728,選択肢,選択肢[せんたくし],せんたくし,Noun,choices; alternatives; options,"choices, alternatives, options",他に選択肢はありません。,There are no other options.,,
1737042385349,萌やし,萌[も]やし,もやし,Noun,Bean sprouts,bean sprouts,もやしは安くて体にいい。,Bean sprouts are cheap and healthy.,,
1737042416986,茄子,茄子[なす],なす,Noun,Aubergine 🍆,"aubergine, eggplant",夏はなすがおいしいです。,Aubergines are delicious in summer.,,
1737042522264,以上,以上[いじょう],いじょう,"Noun, No-adjective, Adverb",More than... Not less than (also used to signal a list is ended),"not less than, ... and over; more than, beyond; that's all (ending a list)",え～っと、ビッグマックのセットとクォーターパウンダーの単品とナゲットの３０ピースを下さい。以上です。,"Umm, can I have a Big Mac meal, a Quarter Pounder on its own and 30 nuggets? That's all.",,
1737111833387,選択[せんたく],選択[せんたく],せんたく,"Noun, Suru verb, Transitive verb",selection  choice  option,"selection, choice, option",私は選択した。,I made a choice.,,
1737125777964,署名[しょめい],署名[しょめい],しょめい,"Noun, Suru verb",signature,signature,ここに署名してください。,Please sign here.,,
1737128364289,漢方[かんぽう],漢方[かんぽう],かんぽう,Noun,traditional Chinese medicine,"traditional Chinese medicine, kampo",祖母は毎日漢方を飲んでいます。,My grandmother takes Chinese herbal medicine every day.,,
1737237099043,現金,現金[げんきん],げんきん,"Noun, Na-adjective",Cash,"cash, ready money; mercenary, calculating",この店は現金しか使えません。,This shop only takes cash.,,
1737371339109,はまる,はまる,はまる,"Godan verb, Intransitive verb",To be into something (marked with ~に ),"to be into, to be hooked on; to fit, to go into; to fall into, to get stuck",最近、私はギターを弾くのにはまっています。,Recently I've been really into playing the guitar.,,Fixed 引く to 弾く (to play an instrument) in the example sentence.
1737467606251,地域[ちいき],地域[ちいき],ちいき,Noun,area  region,"area, region",この地域は雪が多いです。,This region gets a lot of snow.,,
1737467650673,協商[きょうしょう],協商[きょうしょう],きょうしょう,"Noun, Suru verb",negotiation  agreement,"negotiation, agreement",両国は協商を結んだ。,The two countries concluded an agreement.,,"Fairly rare, formal word; 交渉 is the everyday word for negotiation."
1737467685877,評価[ひょうか],評価[ひょうか],ひょうか,"Noun, Suru verb, Transitive verb",evaluation review assessment rating,"evaluation, assessment, review, rating; appreciation, recognition",この店はネットで評価が高い。,This shop is highly rated online.,,
1737467694519,ツアー,ツアー,ツアー,Noun,tour,tour,来月、京都のツアーに参加します。,I'm joining a tour of Kyoto next month.,,
1737467716871,時代[じだい],時代[じだい],じだい,Noun,period  epoch  era  age      the times  those days      oldness  ancientness  antiquity      antique  period piece,"period, era, age; the times, those days",学生時代はよく旅行しました。,I travelled a lot in my student days.,,
1737467750418,ついて 行[い] く,ついて 行[い]く,ついていく,"Godan verb, Intransitive verb",to accompany  to follow  to keep up with,"to accompany, to follow; to keep up with",授業が速くて、ついて行けない。,The class is so fast I can't keep up.,,
1738011751810,鶏,鶏[にわとり],にわとり,Noun,1: (domestic) chicken 2: chicken (meat),chicken (domestic); chicken meat,祖父の家には鶏が五羽いる。,There are five chickens at my grandfather's house.,,
1738145934098,役[やく] に 立[た] てる,役[やく]に 立[た]てる,やくにたてる,"Ichidan verb, Transitive verb, Expression",to put to use  to make good use of  to exploit,"to put to use, to make good use of",この経験を仕事に役に立てたい。,I want to put this experience to use in my work.,,
1738480902324,努力,努力[どりょく],どりょく,"Noun, Suru verb, Intransitive verb",great effort; exertion; endeavour; endeavor; effort,"effort, exertion, endeavour",毎日努力すれば、上手になります。,"If you make an effort every day, you'll get better.",,
1738586965755,匂い,匂[にお]い,におい,Noun,1: odour; odor; scent; smell; stench 2: aura; whiff; smacks of ...; sense; flavour; flavor,"smell, scent, odour; aura, whiff, sense",台所からいい匂いがします。,There's a nice smell coming from the kitchen.,,
1738587030261,届く,届[とど]く,とどく,"Godan verb, Intransitive verb",1: to reach; to arrive; to get through; to get at 2: to be attentive; to pay attention 3: to be delivered; to carry (e.g. sound),"to reach, to get to; to be delivered, to arrive; to be attentive; to get through (to someone)",昨日注文した本が今日届いた。,The book I ordered yesterday arrived today.,,
1738587059161,臭い,臭[くさ]い,くさい,I-adjective,1: stinking; smelly 2: suspicious; fishy 3: clumsy,"smelly, stinking; suspicious, fishy; clumsy",この靴下は臭い！,These socks stink!,,
1738587175943,いくつか,いくつか,いくつか,No-adjective,(a) few; some; several,"a few, some, several",いくつか理由があります。,I have a few reasons.,,
1738587265914,殖える,殖[ふ]える,ふえる,"Ichidan verb, Intransitive verb",to increase; to multiply,"to increase, to multiply",池の魚がどんどん殖えた。,The fish in the pond kept multiplying.,,This spelling is mainly for breeding/multiplying; the general word 'to increase' is usually written 増える.
1738663560782,集中[しゅうちゅう],集中[しゅうちゅう],しゅうちゅう,"Noun, Suru verb, Intransitive verb",concentration  focusing  convergence  centralization  integration  gathering together    within a collection of works,"concentration, focusing; convergence, centralization",うるさくて勉強に集中できない。,It's so noisy I can't concentrate on studying.,,
1738663612524,幸運[こううん],幸運[こううん],こううん,"Noun, Na-adjective",good luck  fortune,"good luck, fortune",幸運を祈っています。,I'm wishing you good luck.,,
1738663714841,見[み] た 目[め],見[み]た 目[め],みため,"Noun, Expression",appearance  (outward) looks  exterior appearance,"appearance, (outward) looks",このケーキは見た目もきれいです。,This cake looks lovely too.,,
1738663748236,破[やぶ] る,破[やぶ]る,やぶる,"Godan verb, Transitive verb","to tear  to rip  to break  to destroy      to break through (cordon, opponent's defense, etc.)  to breach      to defeat  to beat      to break (e.g. silence)  to disturb (e.g. peace)  to shatter (e.g. dream)  to disrupt  to spoil      to violate (e.g. rule)  to break (e.g. promise)  to infringe    ","to tear, to rip, to break; to defeat, to beat; to break (a promise, rule, record)",彼は約束を破った。,He broke his promise.,,
1738663774532,日[ひ] の 出[で],日[ひ]の 出[で],ひので,Noun,sunrise,sunrise,山の上から日の出を見ました。,I watched the sunrise from the top of the mountain.,,
1738663864531,組織[そしき],組織[そしき],そしき,"Noun, Suru verb, Transitive verb","organization  organisation  formation      structure  construction  setup  constitution    system (e.g. railroad, transport, party, etc.)  tissue  texture (of a rock)  weave (of a fabric)","organization, formation; structure, setup; system; tissue",大きな組織で働くのは大変です。,Working in a large organization is tough.,,
1738663902480,管理[かんり],管理[かんり],かんり,"Noun, Suru verb, Transitive verb",control  management (e.g. of a business),"management, control, administration",このビルは会社が管理しています。,This building is managed by a company.,,
1738663964878,遊[あそ] び 場[ば],遊[あそ]び 場[ば],あそびば,Noun,playground,"playground, place to play",この公園は子供たちのいい遊び場です。,This park is a good place for children to play.,,
1738664034898,投稿[とうこう],投稿[とうこう],とうこう,"Noun, Suru verb, Transitive verb","contribution (to a newspaper, magazine, etc.)  submission  post (on a blog, social media, etc.)","post (on social media, a blog, etc.); submission, contribution",旅行の写真をSNSに投稿した。,I posted my travel photos on social media.,,
1738664184897,年配[ねんぱい],年配[ねんぱい],ねんぱい,"Noun, No-adjective",elderly  age  years,"elderly, older; age, years",年配の人に席を譲りました。,I gave my seat to an elderly person.,,
1738664325585,後悔[こうかい],後悔[こうかい],こうかい,"Noun, Suru verb, Transitive verb, No-adjective",regret  repentance  remorse,"regret, remorse, repentance",あの時のことを今でも後悔している。,I still regret what happened back then.,,
1738664489353,同級生[どうきゅうせい],同級生[どうきゅうせい],どうきゅうせい,Noun,classmate,classmate,昨日、高校の同級生に会った。,I met a high school classmate yesterday.,,
1738664538876,心配事[しんぱいごと],心配事[しんぱいごと],しんぱいごと,Noun,worries  cares  troubles,"worries, cares, troubles",何か心配事があるの？,Is something worrying you?,,
1738664592348,逃[に] げる,逃[に]げる,にげる,"Ichidan verb, Intransitive verb",to escape  to run away,"to escape, to run away",猫が窓から逃げた。,The cat escaped through the window.,,
1738664704622,役[やく] に 立[た] つ,役[やく]に 立[た]つ,やくにたつ,"Godan verb, Intransitive verb, Expression",to be helpful  to be useful,"to be useful, to be helpful",この辞書はとても役に立つ。,This dictionary is very useful.,,
1738664998539,障害[しょうがい],障害[しょうがい],しょうがい,Noun,obstacle  impediment  hindrance  difficulty  barrier      handicap  impairment  disability  disorder  malfunction,"obstacle, hindrance, difficulty; disability, impairment, disorder; malfunction",システムに障害が発生しました。,A fault has occurred in the system.,,
1738667256103,試練[しれん],試練[しれん],しれん,Noun,test  trial  probation  ordeal  tribulation,"trial, ordeal, test, tribulation",人生には色々な試練がある。,Life is full of all kinds of trials.,,
1738667284162,越[こ] える,越[こ]える,こえる,"Ichidan verb, Transitive verb",To surpass; to go beyond; to exceed,"to go beyond, to exceed, to surpass; to cross over, to pass through",鳥が山を越えて飛んで行った。,The birds flew over the mountains.,,"For 'exceed/surpass' (numbers, limits) the usual spelling is 超える; 越える is mainly for physically crossing over."
1738667341762,試練を乗り越える,試練[しれん]を 乗[の]り 越[こ]える,しれんをのりこえる,"Ichidan verb, Transitive verb, Expression",to overcome an obstacle,"to overcome a trial, to get through an ordeal",家族と一緒に試練を乗り越えた。,We overcame the ordeal together as a family.,,
1738786261334,転職[てんしょく],転職[てんしょく],てんしょく,"Noun, Suru verb, Intransitive verb",change of occupation  career change,"change of job, career change",来年、IT業界に転職するつもりです。,I'm planning to change jobs to the IT industry next year.,,
1738786445471,近年[きんねん],近年[きんねん],きんねん,"Noun, Adverb",recent years (large scale like 100 years),recent years,近年、外国人観光客が増えている。,"In recent years, the number of foreign tourists has been increasing.",,
1738788286048,契約[けいやく],契約[けいやく],けいやく,"Noun, Suru verb, Transitive verb",contract  compact  agreement,"contract, agreement",新しい部屋の契約をしました。,I signed the contract for my new apartment.,,
1739181548929,気[き] にする,気[き]にする,きにする,"Suru verb, Transitive verb, Expression",to mind (negative nuance)  to care about  to worry  to pay undue (amount of) attention to (something),"to mind, to care about, to worry about",他の人が私についてどう考えるか気にしません。,I don't care what other people think of me.,,
1739181600005,様[よう] にする,様[よう]にする,ようにする,"Suru verb, Expression",(following a verb) to be sure to  to do (something) so that ...  to make sure to  to try to,"to make sure to, to try to; to do (something) so that ...",私は人が嫌いにならないようにします。,I try not to come to dislike people.,,
1739181660096,誇[ほこ] り 高[たか] い,誇[ほこ]り 高[たか]い,ほこりたかい,I-adjective,proud  lordly,"proud, lordly",彼は誇り高い人です。,He is a proud man.,,
1739189427171,予想（よそう）より  よかったです,予想[よそう]（よそう）よりよかったです,よそう（よそう）よりよかったです,Expression,It was better than I expected,it was better than I expected,映画は予想よりよかったです。,The film was better than I expected.,,
1739189452732,に 取[と] って,に 取[と]って,にとって,Expression,to  for  from the standpoint of  as far as ... is concerned,"for, to; as far as ... is concerned",それは私にとっていい知らせだ。,That is good news for me.,,
1739276481866,あとは,あとは,あとは,"Expression, Conjunction",Also (at start of sentence),"also, and then (adding a last point); apart from that, the rest",あとは、牛乳も買ってきてください。,"Also, please pick up some milk.",,
1739276527664,感謝,感謝[かんしゃ],かんしゃ,"Noun, Suru verb, Transitive verb",thanks; gratitude,"thanks, gratitude",皆さんのご協力に感謝します。,I'm grateful for everyone's cooperation.,,
1739276624517,祖父母,祖父母[そふぼ],そふぼ,Noun,grandparents,grandparents,夏休みに祖父母の家に行きます。,I'm going to my grandparents' house in the summer holidays.,,
1739742564548,心理的[しんりてき],心理的[しんりてき],しんりてき,Na-adjective,psychological  mental,"psychological, mental",試験の前は心理的なプレッシャーが大きい。,"Before an exam, the psychological pressure is great.",,
1740776255547,不動産屋[ふどうさんや],不動産屋[ふどうさんや],ふどうさんや,Noun,real estate agent  realtor,"real estate agent, realtor",駅前の不動産屋で部屋を探しました。,I looked for an apartment at the real estate agent in front of the station.,,
1740776267797,金額[きんがく],金額[きんがく],きんがく,Noun,amount of money,"amount of money, sum of money",請求書の金額を確認してください。,Please check the amount on the invoice.,,
1740776336768,提供[ていきょう],提供[ていきょう],ていきょう,"Noun, Suru verb, Transitive verb","offer  tender  providing  supplying  making available  donating (blood, organs, etc.)    sponsoring (a TV program)","offer, providing, supplying, making available; donating (blood, organs, etc.); sponsoring (a TV program)",このホテルは無料で朝食を提供しています。,This hotel provides breakfast free of charge.,,
1740776389564,学[まな] ぶ,学[まな]ぶ,まなぶ,"Godan verb, Transitive verb",to study (in depth)  to learn  to take lessons in,"to study (in depth), to learn, to take lessons in",大学で日本の歴史を学びました。,I studied Japanese history at university.,,
1740776553135,大[おお] ざっぱ,大[おお]ざっぱ,おおざっぱ,Na-adjective,"rough (estimate, manner, etc.)  crude  broad  loose  careless (work)","rough (estimate, manner, etc.), broad, loose; careless (work), crude",大ざっぱな計算ですが、一万円ぐらいです。,"It's a rough calculation, but it's about 10,000 yen.",,
1740776598758,大人[おとな] っぽい,大人[おとな]っぽい,おとなっぽい,I-adjective,"grown-up (manner, etc.)  mature  adult","grown-up (manner, etc.), mature, adult",その服を着ると大人っぽく見えるね。,You look grown-up when you wear those clothes.,,
1740776623730,頑固[がんこ],頑固[がんこ],がんこ,"Noun, Na-adjective",stubborn  obstinate  pigheaded,"stubborn, obstinate, pigheaded",父は頑固で、人の話を聞きません。,My father is stubborn and doesn't listen to others.,,
1740776652554,几帳面[きちょうめん],几帳面[きちょうめん],きちょうめん,"Noun, Na-adjective",methodical  precise  meticulous  scrupulous  regular  punctual    wooden post that has been carved to have a rounded corner with grooves running along either side of it,"methodical, precise, meticulous, punctual",彼女は几帳面で、いつも時間を守る。,She is meticulous and is always on time.,,
1740776686479,個性的[こせいてき],個性的[こせいてき],こせいてき,Na-adjective,individual  distinctive  unique  characteristic  personal  idiosyncratic,"distinctive, unique, individual, characteristic",彼の絵はとても個性的です。,His paintings are very distinctive.,,
1740776715003,子供[こども] っぽい,子供[こども]っぽい,こどもっぽい,I-adjective,childish  child-like  immature  infantile,"childish, child-like, immature",そんなことで怒るなんて子供っぽいよ。,Getting angry over something like that is childish.,,
1740776742451,自己中心的[じこちゅうしんてき],自己中心的[じこちゅうしんてき],じこちゅうしんてき,Na-adjective,egoistic  self-centered  selfish,"self-centered, egoistic, selfish",自己中心的な人とは付き合いたくない。,I don't want to hang out with self-centered people.,,
1740776756899,社交的[しゃこうてき],社交的[しゃこうてき],しゃこうてき,Na-adjective,sociable,sociable,姉は社交的で友達が多い。,My older sister is sociable and has lots of friends.,,
1740776773151,消極的[しょうきょくてき],消極的[しょうきょくてき],しょうきょくてき,Na-adjective,passive  half-hearted  unmotivated  negative,"passive, half-hearted, unmotivated; negative",彼は何をするにも消極的だ。,He is passive about everything he does.,,
1740776817374,せっかち,せっかち,せっかち,"Noun, Na-adjective",hasty  impatient  restless  rash,"impatient, hasty, restless, rash",せっかちな人はエレベーターのボタンを何度も押す。,Impatient people press the elevator button over and over.,,
1740776857020,積極的[せっきょくてき],積極的[せっきょくてき],せっきょくてき,Na-adjective,active  positive  assertive  proactive   aggressive,"active, proactive, positive, assertive",授業では積極的に質問してください。,Please ask questions actively in class.,,
1740776870071,短気[たんき],短気[たんき],たんき,"Noun, Na-adjective",short temper  quick temper  hot temper  impatience  irritability,"short temper, quick temper; impatience, irritability",短気な人はすぐに怒る。,Short-tempered people get angry quickly.,,
1740776883470,独創的[どくそうてき],独創的[どくそうてき],どくそうてき,Na-adjective,creative  original,"creative, original",彼女はいつも独創的なアイデアを出す。,She always comes up with original ideas.,,
1740776897494,忍耐強[にんたいづよ] い,忍耐強[にんたいづよ]い,にんたいづよい,I-adjective,persevering  very patient,"persevering, very patient",先生は忍耐強く私の質問に答えてくれた。,The teacher patiently answered my questions.,,
1740776917268,悲観的[ひかんてき],悲観的[ひかんてき],ひかんてき,Na-adjective,pessimistic  gloomy,"pessimistic, gloomy",そんなに悲観的に考えないで。,Don't think so pessimistically.,,
1740776946969,目立[めだ] ちたがり 屋[や],目立[めだ]ちたがり 屋[や],めだちたがりや,Noun,show-off  limelighter  attention seeker,"show-off, attention seeker",弟は目立ちたがり屋で、いつも大きな声で話す。,My little brother is a show-off and always talks loudly.,,
1740776963542,勇敢[ゆうかん],勇敢[ゆうかん],ゆうかん,Na-adjective,brave  heroic  gallant,"brave, heroic, gallant",勇敢な消防士が子供を助けた。,A brave firefighter rescued the child.,,
1740776975565,優柔不断[ゆうじゅうふだん],優柔不断[ゆうじゅうふだん],ゆうじゅうふだん,"Noun, Na-adjective, No-adjective",indecisiveness  shilly-shally  irresolution  vacillation  indecision,"indecisiveness, indecision, vacillation; indecisive",私は優柔不断で、なかなか決められない。,I'm indecisive and can never make up my mind.,,
1740776989916,我[わ] が 儘[まま],我[わ]が 儘[まま],わがまま,"Noun, Na-adjective","Self-indulgent, willfull","selfish, self-indulgent, willful; selfishness",わがままを言わないで、早く寝なさい。,Stop being selfish and go to bed.,,
1740777013038,楽観的[らっかんてき],楽観的[らっかんてき],らっかんてき,Na-adjective,optimistic  hopeful,"optimistic, hopeful",彼はいつも楽観的に物事を考える。,He always looks at things optimistically.,,
1740912112024,蛙,蛙[かえる],かえる,Noun,🐸 frog,frog,池でカエルが鳴いています。,Frogs are croaking in the pond.,,
1741105010001,支援[しえん],支援[しえん],しえん,"Noun, Suru verb, Transitive verb",support  backing  aid  assistance,"support, backing, aid, assistance",政府は被災地を支援している。,The government is supporting the disaster area.,,
1741350198629,霧雨[きりさめ],霧雨[きりさめ],きりさめ,Noun,drizzle  light rain,"drizzle, light rain",朝から霧雨が降っている。,It's been drizzling since this morning.,,
1741350326520,2年後から日本に行くつもりです,2 年後[ねんご]から 日本[にほん]に 行[い]くつもりです,2ねんごからにほんにいくつもりです,Expression,I plan to go to Japan in two years.,I plan to go to Japan in two years,今は無理ですが、2年後から日本に行くつもりです。,"I can't right now, but I plan to go to Japan in two years.",,2年後に is the more natural way to say 'in two years'; 2年後から implies 'starting from two years from now'.
1741350447176,攻撃的[こうげきてき],攻撃的[こうげきてき],こうげきてき,Na-adjective,offensive  aggressive,"aggressive, offensive",その犬は少し攻撃的です。,That dog is a little aggressive.,,
1741350502912,中華[ちゅうか],中華[ちゅうか],ちゅうか,Noun,Chinese food  China,Chinese food; China,今夜は中華を食べに行きませんか？,Shall we go out for Chinese food tonight?,,
1741350698170,食べ続ける,食[た]べ 続[つづ]ける,たべつづける,"Ichidan verb, Transitive verb",To keep eating,"to keep eating, to continue eating",お腹がいっぱいなのに食べ続けました。,I kept eating even though I was full.,,
1741350720819,食中毒[しょくちゅうどく],食中毒[しょくちゅうどく],しょくちゅうどく,Noun,food poisoning,food poisoning,古い魚を食べて食中毒になった。,I got food poisoning from eating old fish.,,
1741556735317,行動[こうどう],行動[こうどう],こうどう,"Noun, Suru verb, Intransitive verb, No-adjective",action  conduct  behaviour  behavior  mobilization  mobilisation,"action, conduct, behavior; mobilization",言葉より行動が大切だ。,Actions are more important than words.,,
1741558275741,二人[ふたり] とも,二人[ふたり]とも,ふたりとも,"Noun, Adverb",both (people),both (people),二人とも日本語が上手です。,Both of them are good at Japanese.,,
1742236901564,倍,倍[ばい],ばい,"Noun, Counter",...times (as is 4 times more),"times, -fold; twice, double",イギリスの緑茶は日本の四倍高いです。,Green tea in England is four times as expensive as in Japan.,,
1742237042956,ネバネバ,ネバネバ,ネバネバ,"Noun, Suru verb, Intransitive verb, Adverb",Sticky,"sticky, gooey, gluey; stickiness",なっとうはネバネバしています。,Natto is sticky.,,
1742299790256,何とか,何[なん]とか,なんとか,"Suru verb, Transitive verb, Adverb, Expression",1: something; something or other; so-and-so 2: somehow; anyhow; one way or another,"somehow, one way or another, managing to; something or other, so-and-so",何とか宿題を終わらせました。,I somehow managed to finish my homework.,,
1742302465020,開始[かいし],開始[かいし],かいし,"Noun, Suru verb, Transitive verb",start (noun)  commencement  beginning  initiation,"start, beginning, commencement, initiation",試合は午後三時に開始します。,The match starts at 3 p.m.,,
1742473664944,信[しん] じられない,信[しん]じられない,しんじられない,"I-adjective, Expression",unbelievable  implausible,"unbelievable, incredible, implausible",彼が試験に落ちたなんて信じられない。,I can't believe he failed the exam.,,
1742473741662,切[き] っ 掛[か] け,切[き]っ 掛[か]け,きっかけ,Noun,Motive; cue; reason for starting;,"trigger, start, cue; chance, opportunity; motive, reason for starting",日本語を勉強したきっかけはゲームでした。,Games were what got me started studying Japanese.,,
1742474012301,他人[たにん],他人[たにん],たにん,Noun,another person  other people  others    unrelated person (i.e. not related by blood)    outsider  stranger,"other people, others, another person; stranger, outsider; unrelated person",他人の物を勝手に使ってはいけない。,You must not use other people's things without asking.,,
1742474059542,慌[あわ] ただしい,慌[あわ]ただしい,あわただしい,I-adjective,busy  hurried  confused  flurried,"busy, hectic, hurried; confused, flurried",年末はいつも慌ただしい。,The end of the year is always hectic.,,
1742474220260,受[う] け 継[つ] ぐ,受[う]け 継[つ]ぐ,うけつぐ,"Godan verb, Transitive verb",to inherit  to succeed  to take over,"to inherit, to succeed (to), to take over",彼は父の店を受け継いだ。,He took over his father's shop.,,
1742474489844,予定を立てる,予定[よてい]を 立[た]てる,よていをたてる,"Ichidan verb, Transitive verb, Expression",To make a plan,"to make a plan, to make plans",夏休みの予定を立てましょう。,Let's make plans for the summer vacation.,,
1742474539356,柔軟[じゅうなん] に,柔軟[じゅうなん]に,じゅうなんに,Adverb,Flexibly,flexibly,柔軟に予定を立てるのは難しいですね。,"It's difficult to make plans flexibly, isn't it?",,
1742474670614,暫[しばら] く,暫[しばら]く,しばらく,"Adverb, Interjection",for a moment  for a minute      for a while  for some time      for the time being  for now      it's been a long time  long time no see,"for a while, for some time; for a moment; for now, for the time being; long time no see",しばらくここにいるつもりです。,I plan on being here for a while.,,
1742474911708,予想[よそう]を見る[み],様子[ようす]を 見[み]る,ようすをみる,"Ichidan verb, Transitive verb, Expression",To see how it goes,"to see how it goes, to wait and see",薬を飲んで、少し様子を見ましょう。,Let's take the medicine and see how it goes.,typo fix (likely meant 様子を見る),"Surface was 予想を見る with reading よそうみ, which is not a set phrase; changed to 様子を見る (to wait and see), which matches the card's meaning."
1743154513144,坂,坂[さか],さか,Noun,Slope,"slope, hill, incline",この坂を上ると駅があります。,"If you go up this slope, there's a station.",,
1743154715411,断る,断[ことわ]る,ことわる,"Godan verb, Transitive verb",1: to refuse; to reject; to dismiss; to turn down; to decline 2: to inform; to give notice; to tell in advance 3: to ask leave; to excuse oneself (from),"to refuse, to decline, to turn down; to give notice, to tell in advance; to ask leave, to excuse oneself",友達の誘いを断りました。,I turned down my friend's invitation.,,
1743348250218,先日,先日[せんじつ],せんじつ,"Noun, Adverb",the other day; a few days ago,"the other day, a few days ago",先日はありがとうございました。,Thank you for the other day.,,
1743348846938,被害,被害[ひがい],ひがい,Noun,Damage,"damage, harm, injury",台風で大きな被害が出た。,The typhoon caused major damage.,,
1743422741924,手続,手続[てつづき],てつづき,Noun,procedure; (legal) process; formalities,"procedure, process, formalities",車を買う手続は難しいですね。,"The procedure for buying a car is difficult, isn't it?",,
1743422934519,として,として,として,"Expression, Particle","1: as (i.e. in the role of); for (i.e. from the viewpoint of) 2: apart from... (used to change the topic) 3: (before a negative form) even (e.g. ""not even a single person"") 4: (after a volitional form) thinking that...; trying to...","as (in the role of), for (from the viewpoint of); apart from; (with negative) not even; (after volitional) trying to",車をパーツとして売りました。,I sold my car as parts.,,
1743623914526,裸[はだか],裸[はだか],はだか,"Noun, No-adjective",nakedness  nudity      bareness  nakedness  baldness  being uncovered    being penniless    concealing nothing  openness,"nakedness, nudity; bareness, being uncovered; being penniless",子供たちは裸で川で遊んでいた。,The children were playing naked in the river.,,
1743702349386,らしい,らしい,らしい,"I-adjective, Suffix, Auxiliary","1: seeming ... (expresses judgment based on evidence, reason or trustworthy hearsay); appearing ... 2: -ish; like a ...; typical of ...; appropriate for ...; becoming of ...; worthy of the name ...","seems, apparently, I hear; typical of, like a, befitting",明日は雨が降るらしい。,Apparently it's going to rain tomorrow.,,
1743866818384,水道水,水道水[すいどうすい],すいどうすい,Noun,tap-water,tap water,日本の水道水は飲めます。,You can drink the tap water in Japan.,,
1744048316949,迷信[めいしん],迷信[めいしん],めいしん,"Noun, No-adjective",superstition  superstitious belief,"superstition, superstitious belief",それはただの迷信だよ。,That's just a superstition.,,
1744048710472,不運[ふうん],不運[ふうん],ふうん,"Noun, Na-adjective",misfortune  bad luck  ill luck  ill fortune,"misfortune, bad luck, ill fortune",不運にも、雨で試合が中止になった。,"Unfortunately, the match was cancelled because of rain.",,
1744048843325,梯子[はしご],梯子[はしご],はしご,"Noun, Suru verb, Intransitive verb",ladder  stairs  going to several places in succession (e.g. barhopping),ladder; stairs; going to several places in a row (e.g. barhopping),はしごを使って屋根に上った。,I climbed onto the roof using a ladder.,,
1744297663466,提出[ていしゅつ],提出[ていしゅつ],ていしゅつ,"Noun, Suru verb, Transitive verb","submission (of an application, report, etc.)  production (e.g. of evidence)  introduction (e.g. of a bill)  filing  turning in","submission, turning in, filing; presentation (of documents); production (of evidence)",レポートを金曜日までに提出してください。,Please submit the report by Friday.,,
1744304782969,残り物,残[のこ]り 物[もの],のこりもの,Noun,leftovers (esp. food); remnants,"leftovers (esp. food), remnants",昼ご飯は昨日の残り物を食べた。,For lunch I ate yesterday's leftovers.,,
1744381188711,添付[てんぷ],添付[てんぷ],てんぷ,"Noun, Suru verb, Transitive verb, No-adjective","attaching (documents, etc.)  appending  affixing","attaching (documents, etc.), appending, affixing",資料をメールに添付しました。,I attached the materials to the email.,,
1744814937166,水性[すいせい],水性[すいせい],すいせい,No-adjective,water-based  aqueous    water-soluble,"water-based, aqueous; water-soluble",このペンは水性なので、すぐ消せます。,"This pen is water-based, so it can be erased easily.",,
1744814990863,何人[なんにん] か,何人[なんにん]か,なんにんか,"Noun, No-adjective, Adverb, Expression",some people  a few people  several people,"some people, a few people, several people",パーティーに何人か来なかった。,A few people didn't come to the party.,,
1744815036678,叫[さけ] ぶ,叫[さけ]ぶ,さけぶ,"Godan verb, Intransitive verb",to shout  to cry  to scream  to shriek  to yell  to exclaim      to clamor (for or against)  to clamour (for or against),"to shout, to scream, to yell, to cry; to clamor (for or against)",彼は助けを求めて叫んだ。,He shouted for help.,,
1744815069378,傷跡[きずあと],傷跡[きずあと],きずあと,Noun,scar,scar,腕に小さな傷跡があります。,I have a small scar on my arm.,,
1744815099814,下[さ] がる,下[さ]がる,さがる,"Godan verb, Intransitive verb",to get lower  to come down  to go down  to fall  to drop  to sink      to hang  to dangle      to move back  to step back  to withdraw  to retire      to deteriorate  to fall off  to be downgraded    to get closer to the present day  to go south,"to go down, to fall, to drop; to hang, to dangle; to move back, to step back",熱がやっと下がりました。,My fever finally went down.,,
1744815129882,血[ち],血[ち],ち,Noun,blood    blood  ancestry  lineage  stock      (the) blood  feelings  passions,"blood; ancestry, lineage; passions, feelings",指を切って血が出た。,I cut my finger and it bled.,,
1744815163206,傷[きず],傷[きず],きず,Noun,wound  injury  cut  gash  bruise  scratch  scrape  scar      chip  crack  scratch  nick      flaw  defect  weakness  weak point      stain (on one's reputation)  disgrace  dishonor  dishonour      (emotional) hurt  hurt feelings,"wound, injury, cut; scratch, chip, crack; flaw, defect; (emotional) hurt",転んで膝に傷ができた。,I fell and got a cut on my knee.,,
1744815205756,お 凸[でこ],お 凸[でこ],おでこ,Noun,brow  forehead      prominent forehead  beetle brow    not catching anything (in fishing),"forehead, brow; prominent forehead",ドアにおでこをぶつけた。,I bumped my forehead on the door.,,
1744815217559,縫[ぬ] う,縫[ぬ]う,ぬう,"Godan verb, Transitive verb",to sew  to stitch    to weave one's way (e.g. through a crowd),"to sew, to stitch; to weave one's way (e.g. through a crowd)",祖母がスカートを縫ってくれた。,My grandmother sewed a skirt for me.,,
1744815251973,親指[おやゆび],親指[おやゆび],おやゆび,Noun,thumb,thumb,親指を怪我してしまった。,I injured my thumb.,,
1744815495847,隠[かく] す,隠[かく]す,かくす,"Godan verb, Transitive verb",to hide (something)  to conceal,"to hide (something), to conceal",彼は何かを隠しているようだ。,It seems he is hiding something.,,
1744815509970,人差[ひとさ] し 指[ゆび],人差[ひとさ]し 指[ゆび],ひとさしゆび,Noun,index finger  forefinger,"index finger, forefinger",人差し指でボタンを押してください。,Please press the button with your index finger.,,
1744815546101,中指[なかゆび],中指[なかゆび],なかゆび,Noun,middle finger,middle finger,中指に指輪をしています。,I wear a ring on my middle finger.,,
1744815580215,薬指[くすりゆび],薬指[くすりゆび],くすりゆび,Noun,ring finger  fourth finger,"ring finger, fourth finger",結婚指輪は薬指にはめます。,A wedding ring is worn on the ring finger.,,
1744815588837,小指[こゆび],小指[こゆび],こゆび,Noun,little finger  pinky    little toe,"little finger, pinky; little toe",机の脚に小指をぶつけた。,I stubbed my little toe on the leg of the desk.,,
1744815722839,含[ふく] む,含[ふく]む,ふくむ,"Godan verb, Transitive verb","to contain  to comprise  to have  to hold  to include  to embrace    to hold in the mouth    to bear in mind  to understand  to harbor (grudge, etc.)  to harbour      to express (emotion, etc.)  to imply","to contain, to include, to comprise; to hold in the mouth; to imply, to bear in mind",この値段には税金が含まれています。,This price includes tax.,,
1744815752058,方角[ほうがく],方角[ほうがく],ほうがく,Noun,direction  way      point of the compass  cardinal direction  bearing      method  means  approach,"direction, way; point of the compass, bearing",駅はどちらの方角ですか？,Which direction is the station?,,
1744815811832,巣[す],巣[す],す,Noun,nest  rookery  breeding place  hive    den  haunt  (spider's) web,"nest, hive, breeding place; den, haunt; (spider's) web",木の上に鳥の巣があります。,There is a bird's nest in the tree.,,
1744815878238,まつ 毛[げ],まつ 毛[げ],まつげ,Noun,eyelashes,eyelashes,彼女はまつ毛が長い。,She has long eyelashes.,,
1744815915509,抜[ぬ] ける,抜[ぬ]ける,ぬける,"Ichidan verb, Intransitive verb",to come out  to fall out  to be omitted  to be missing  to escape  to come loose      to fade  to discolour    to wear a hole (e.g. clothes)  to leave (e.g. a meeting)    to be clear  to be transparent (e.g. of the sky)      to be stupid  to be absentminded  to be careless  to be inattentive    to e,"to come out, to fall out; to be missing, to be omitted; to leave (e.g. a meeting), to escape; to pass through",最近、髪の毛がよく抜ける。,Recently my hair has been falling out a lot.,,
1744815939135,叶[かな] える,叶[かな]える,かなえる,"Ichidan verb, Transitive verb","to grant (request, wish)  to answer (prayer)      to fulfill (conditions)  to meet (requirements)","to grant (a wish), to answer (a prayer); to fulfill (conditions), to meet (requirements)",いつか夢を叶えたいです。,I want to make my dream come true someday.,,
1744815979041,（after た）〜 許[ばか] り,（after た）〜 許[ばか]り,（afterた）〜ばかり,"Grammar pattern, Particle","only  merely  nothing but  no more than      approximately  about    just (finished, etc.)","have just ~ (after た-form); only, nothing but; about, approximately",ご飯を食べたばかりです。,I've just finished eating.,,This word is usually written in kana as ばかり.
1744816196139,催促[さいそく],催促[さいそく],さいそく,"Noun, Suru verb, Transitive verb",pressing  urging  demanding  demand,"pressing, urging, demanding; demand",大家さんに家賃の支払いを催促された。,My landlord pressed me to pay the rent.,,
1744816251702,需要[じゅよう],需要[じゅよう],じゅよう,Noun,a demand (noun)  a request (noun),"demand (e.g. supply and demand), request",夏はエアコンの需要が増える。,Demand for air conditioners increases in summer.,,
1744816282391,掴[つか] む,掴[つか]む,つかむ,"Godan verb, Transitive verb",to seize  to catch  to grasp  to grip  to grab  to clutch  to hold  to catch hold of  to lay one's hands on      to obtain  to acquire  to get  to win  to capture      to understand  to grasp  to comprehend,"to grab, to grasp, to seize, to grip; to obtain, to win; to understand, to comprehend",彼は私の腕を掴んだ。,He grabbed my arm.,,
1746034408361,時刻,時刻[じこく],じこく,Noun,instant; time; moment,"time, (the) hour; moment",電車の発車時刻を調べました。,I checked the departure time of the train.,,
1746200475177,公共交通機関,公共交通機関[こうきょうこうつうきかん],こうきょうこうつうきかん,Noun,public transportation,"public transportation, public transport",東京では公共交通機関がとても便利です。,Public transportation is very convenient in Tokyo.,,
1746200517391,郊外,郊外[こうがい],こうがい,Noun,suburb; outskirts,"suburbs, outskirts",私たちは郊外に住んでいます。,We live in the suburbs.,,
1746792115615,塗[ぬ] る,塗[ぬ]る,ぬる,"Godan verb, Transitive verb",to paint  to plaster  to lacquer  to varnish  to spread  to smear  to put up (wallpaper),"to paint, to plaster, to varnish; to spread, to smear, to apply",パンにバターを塗って食べた。,I spread butter on my bread and ate it.,,
1746792131142,大会[たいかい],大会[たいかい],たいかい,Noun,mass meeting  convention  rally  conference  assembly  gathering      tournament  competition  contest  meet    grand event,"tournament, competition, contest; convention, conference; mass meeting, rally",来月、テニスの大会に出ます。,I'm entering a tennis tournament next month.,,
1746792140731,じゃが 芋[いも],じゃが 芋[いも],じゃがいも,Noun,potato (Solanum tuberosum),potato,じゃがいもの皮をむいてください。,Please peel the potatoes.,,
1746792226654,四角[しかく],四角[しかく],しかく,"Noun, Na-adjective, No-adjective",quadrilateral  square,"square, quadrilateral",四角い箱にケーキを入れた。,I put the cake in a square box.,,
1746792322830,代表[だいひょう] する,代表[だいひょう]する,だいひょうする,"Suru verb, Transitive verb",To represent,to represent,これは日本を代表する絵です。,This is a painting that represents Japan.,,
1746792443434,個人的[こじんてき],個人的[こじんてき],こじんてき,Na-adjective,personal  individual  private,"personal, individual, private",個人的に納豆が好きじゃないです。,"Personally, I don't like natto.",,
1746792517618,パトカー,パトカー,パトカー,Noun,patrol car,"patrol car, police car",家の前にパトカーが止まっている。,A police car is parked in front of the house.,,
1746792581936,カモメ,カモメ,カモメ,Noun,common gull (Larus canus)  mew gull      gull (Laridae spp.)  seagull,"seagull, gull",海の上をカモメが飛んでいる。,Seagulls are flying over the sea.,,
1746792592907,カラス,カラス,カラス,Noun,crow (Corvus spp.)  raven    dealt hand containing only 1-point cards (scoring combination)  Chinese puffer (Takifugu chinensis),"crow, raven",カラスがゴミを荒らしている。,Crows are scattering the garbage.,,
1746792611334,フン,フン,フン,Noun,feces (esp. animal)  excrement  dung,"feces (esp. animal), droppings, dung",食べている間に、大きな鳥がF&Cにフンをしました。,"While I was eating, a big bird pooped on my fish and chips.",,
1746792664502,記憶力[きおくりょく],記憶力[きおくりょく],きおくりょく,Noun,memory  ability to remember,"memory, ability to remember",祖母は記憶力がとてもいいです。,My grandmother has a very good memory.,,
1748888036800,充実する,充実[じゅうじつ]する,じゅうじつする,"Suru verb, Intransitive verb",To be productive,"to be fulfilling, to be productive; to be full, to be substantial; to be well-equipped",今年の夏休みはとても充実していました。,This year's summer holiday was very fulfilling.,,
1748894655918,裏向[うらむ] き,裏向[うらむ]き,うらむき,Noun,actual and hidden    inside out (e.g. socks)  face down (e.g. cards),face down (e.g. cards); inside out (e.g. socks),カードを裏向きに置いてください。,Please place the cards face down.,,
1749983036427,寄付,寄付[きふ],きふ,"Noun, Suru verb, Transitive verb","Contribution, donation","contribution, donation",毎年、赤十字に寄付しています。,I donate to the Red Cross every year.,,
1750056136589,溶岩,溶岩[ようがん],ようがん,Noun,Lava,lava,火山から溶岩が流れ出ました。,Lava flowed out of the volcano.,,
1750236975082,展開[てんかい],展開[てんかい],てんかい,"Noun, Suru verb, Transitive verb, Intransitive verb",Developing/changing situation    development  evolution  progression  unfolding  (plot) twist      expansion  spreading out  extending  deployment  building up,"development, unfolding, progression; (plot) twist; expansion, spreading out; deployment",この映画は展開が早くて面白いです。,This movie is fast-paced and interesting.,,
1750237135593,表向[おもてむ] き,表向[おもてむ]き,おもてむき,Noun,Face up (e.g. cards),"face up (e.g. cards); outward appearance, ostensibly; official, public",引いたカードを表向きにしてください。,Please turn the card you drew face up.,,"The 'face up' sense is card-game usage; JMdict's main sense is 'outward appearance, ostensibly', which has been added."
1750237341668,時計回[とけいまわ] り,時計回[とけいまわ]り,とけいまわり,Noun,clockwise rotation  CW,"clockwise rotation, clockwise",ゲームは時計回りに進みます。,The game proceeds clockwise.,,
1750237388662,往復[おうふく],往復[おうふく],おうふく,"Noun, Suru verb, Intransitive verb, No-adjective",making a round trip  going and returning  coming and going      round-trip ticket  return ticket      correspondence  exchanging (letters)      socializing  visiting one another,"round trip, going and returning; round-trip ticket; exchange (of letters), correspondence; visiting one another",東京まで往復で二万円かかります。,"A round trip to Tokyo costs 20,000 yen.",,
1750237399900,片道[かたみち],片道[かたみち],かたみち,"Noun, No-adjective",one-way (trip)  one-way ticket,one-way (trip); one-way ticket,駅まで片道三十分かかります。,It takes thirty minutes one way to the station.,,
1750237415676,有効期限[ゆうこうきげん],有効期限[ゆうこうきげん],ゆうこうきげん,Noun,"term of validity  expiration date (of medicine, credit card, etc.)","expiration date, expiry date; term of validity",このカードの有効期限は来月までです。,This card is valid until next month.,,
1750237434834,更新[こうしん],更新[こうしん],こうしん,"Noun, Suru verb, Transitive verb",renewal  update  innovation  improvement,"renewal, update; innovation, improvement",パスポートを更新しなければなりません。,I have to renew my passport.,,
1750237497648,大富豪[だいふごう],大富豪[だいふごう],だいふごう,Noun,extremely rich person  multimillionaire  billionaire      daifugō  daihinmin  Japanese card game similar to President,"extremely rich person, multimillionaire, billionaire; daifugō (card game similar to President)",彼は宝くじに当たって大富豪になりました。,He won the lottery and became a multimillionaire.,,
1750237536397,中央[ちゅうおう],中央[ちゅうおう],ちゅうおう,"Noun, No-adjective",centre  center  middle  heart      metropolis  capital city  central government,"centre, center, middle, heart; capital city, metropolis; central government",部屋の中央にテーブルがあります。,There is a table in the centre of the room.,,
1750237572567,場札[ばふだ],場札[ばふだ],ばふだ,Noun,cards on the board  cards in the field,"cards on the board, cards in the field",場札から同じ数字のカードを取ります。,Take a card with the same number from the cards on the board.,,
1750237593822,プレイ,プレイ,プレイ,"Noun, Suru verb, Transitive verb",play  recreation    play (theatre)    performance  staging    praying    play ball  starting a match,"play, playing (a game, sport); play (theatre), performance",週末はよくゲームをプレイします。,I often play games on weekends.,,
1750237603339,プレーヤー,プレーヤー,プレーヤー,Noun,player,player,各プレーヤーにカードを五枚配ります。,Deal five cards to each player.,,
1750237674995,山札[やまふだ],山札[やまふだ],やまふだ,Noun,"deck (of playing cards on table, face down, from which cards are drawn)  stack  draw pile    tag verifying one has permission to take plants and trees from common land (Edo period)","deck (of cards), draw pile, stack",山札からカードを一枚引いてください。,Please draw one card from the deck.,,
1750237782270,副業[ふくぎょう],副業[ふくぎょう],ふくぎょう,Noun,side job  sideline  subsidiary business,"side job, sideline, subsidiary business",兄は週末に副業をしています。,My older brother has a side job on weekends.,,
1750354540263,各々,各々[おのおの],おのおの,"Noun, Adverb",each; every; either; respectively; severally,"each, every; respectively, severally",各々の意見を聞きましょう。,Let's hear each person's opinion.,,"Existing reading それぞれ was wrong: 各々 is read おのおの (それぞれ is a different word, written 夫々/其々)."
1750789896106,ある〜,ある〜,ある〜,"Pre-noun adjectival, Grammar pattern",a certain ...  some ...,a certain ~; some ~,あるドラマの主人公は友達に会うために、東京駅に行ったけど完全に迷いました。,"The protagonist of a certain drama went to Tokyo Station to meet a friend, but got completely lost.",,
1750790161003,~ 分[ぶん] の~,~ 分[ぶん]の~,~ぶんの~,"Expression, Grammar pattern",-th (e.g. one fifth),"(fraction) ~ out of ~, e.g. 5分の1 = one fifth",ケーキの4分の1を食べました。,I ate a quarter of the cake.,,
1750790295997,列[れつ],列[れつ],れつ,"Noun, Counter",row  line  file  column  queue  rank  procession      company (of someone)  group  ranks    sequence  counter for rows,"row, line, column; queue; rank, group; counter for rows",たくさん列に並んでいる人を見ました。,I saw lots of people standing in line.,,
1750790544536,〜とする,〜とする,〜とする,"Expression, Grammar pattern",to try to ... to be about to do ...,to try to ~; to be about to ~,私は彼女の目を見るのを避けようとした。,I tried to avoid looking into her eyes.,,
1750790787541,調整[ちょうせい],調整[ちょうせい],ちょうせい,"Noun, Suru verb, Transitive verb",adjustment  regulation  coordination  reconciliation  tuning  fixing  tailoring,"adjustment, regulation; coordination, reconciliation; tuning",会議の日程を調整します。,I'll coordinate the schedule for the meeting.,,"The original example sentence was unnatural Japanese, so it was replaced."
1750792335461,空[から] っぽ,空[から]っぽ,からっぽ,"Noun, Na-adjective, No-adjective",empty  vacant  hollow,"empty, vacant, hollow",山札が空っぽだったら、プレーヤーはゲームの開始の時に置いたカードを使ってもいい。,"If the deck is empty, players may use the cards they placed at the start of the game.",,
1750792630125,退[ど] かす,退[ど]かす,どかす,"Godan verb, Transitive verb",to remove  to move out of the way,"to remove, to move out of the way",すみません、車を退かしてください。,"Excuse me, please move your car out of the way.",,
1750862252624,マナー,マナー,マナー,Noun,manners  etiquette,"manners, etiquette",電車の中ではマナーを守りましょう。,Let's mind our manners on the train.,,
1751042936372,金魚,金魚[きんぎょ],きんぎょ,Noun,Gokdfish,goldfish,子供の時、金魚を飼っていました。,I kept goldfish when I was a child.,,Existing reading きんぎょう was wrong (correct: きんぎょ); typo 'Gokdfish' in the back fixed.
1751275309063,残[のこ] り,残[のこ]り,のこり,"Noun, No-adjective",remnant  residue  remaining  left-over,"remainder, rest, leftovers; remaining",残りのカードの山を裏向きにして中央に置いてください。,Place the pile of remaining cards face down in the centre.,,
1751275454392,捨[す] て 札[ふだ],捨[す]て 札[ふだ],すてふだ,Noun,"discard  discarded (playing) card    bulletin board displaying the name, age, offence, etc. of a criminal sentenced to death (Edo period)","discard, discarded (playing) card",これがあなたたちの捨て札の山になります。,This will be your discard pile.,,
1751275544945,配置[はいち],配置[はいち],はいち,"Noun, Suru verb, Transitive verb",arrangement (of resources)  deployment  stationing  posting  disposition  configuration  layout,"arrangement, layout, configuration; deployment, stationing, posting",それぞれのプレイヤーは、テーブルの前に3列×4枚のカードを裏向きにして配置します。,Each player arranges 3 rows of 4 cards face down in front of them on the table.,,
1751279009622,ラウンド,ラウンド,ラウンド,Noun,"round (esp. in sports, negotiations, etc.)  rounds (e.g. nurse, security guard, etc.)","round (in sports, games, negotiations); rounds (e.g. of a nurse, guard)",次のラウンドが始まります。,The next round is starting.,,
1751288255853,一番上[いちばんうえ],一番上[いちばんうえ],いちばんうえ,"Noun, No-adjective",topmost,"topmost, top, very top",山札の一番上のカードを引いてください。,Please draw the top card of the deck.,,
1751290940675,段階[だんかい],段階[だんかい],だんかい,Noun,grade  level  stage  class  phase  steps  order  gradation,"stage, phase, step; grade, level",カードを評価する最後の段階でもこれが適用されます！,This also applies at the final stage of scoring the cards!,,
1751291061092,捲[めく] る,捲[めく]る,めくる,"Godan verb, Transitive verb",to turn over  to turn pages of a book      to tear off  to strip off  to tear up,"to turn over; to turn (pages); to tear off, to strip off",山札のカードを一枚捲ってください。,Please turn over one card from the deck.,,
1751291156723,一度[いちど] だけ,一度[いちど]だけ,いちどだけ,Expression,only once,only once,一度だけ富士山に登ったことがあります。,I have climbed Mt Fuji only once.,,
1751291191414,合計[ごうけい],合計[ごうけい],ごうけい,"Noun, Suru verb, Transitive verb",sum total  total amount,"total, sum total, total amount",合計で三千円です。,"That comes to 3,000 yen in total.",,
1751291464865,拍手[はくしゅ],拍手[はくしゅ],はくしゅ,"Noun, Suru verb, Intransitive verb",clapping hands  applause,"applause, clapping hands",演奏が終わると、みんなが拍手しました。,"When the performance ended, everyone applauded.",,
1751450519323,伸[の] び 伸[の] び,伸[の]び 伸[の]び,のびのび,"Suru verb, Intransitive verb, Adverb",comfortably  peacefully  with one's mind at ease  calmly  without worries    (growing) quickly,"freely, comfortably; at ease, without worries; (growing) quickly",子供たちは田舎でのびのびと育ちました。,The children grew up freely in the countryside.,,
1751450600185,点[てん],点[てん],てん,"Noun, Counter","dot  spot  point  speck  mark      mark (in an exam, etc.)  grade  score  points      point (in a game)  score  goal  run    point (in geometry)    point  aspect  matter  detail  part  respect  way  viewpoint      (punctuation) mark (e.g. comma, period, decimal point)  dot    ""dot"" stroke (in a Chin","dot, spot, point; mark, score, points; point, aspect, respect; counter for points or items",テストで八十点を取りました。,I got 80 points on the test.,,
1751631583358,減る,減[へ]る,へる,"Godan verb, Intransitive verb",to decrease (in size or number); to diminish; to abate,"to decrease, to diminish; to abate",最近、体重が少し減りました。,Recently my weight has gone down a little.,,
1751895033062,行事[ぎょうじ],行事[ぎょうじ],ぎょうじ,Noun,event  function,"event, function",学校の行事に参加しました。,I took part in a school event.,,
1751895153481,点数[てんすう],点数[てんすう],てんすう,Noun,marks  points  score  grade  runs (baseball)      number of items  number of articles,"score, marks, points, grade; number of items",テストの点数が上がりました。,My test score went up.,,
1751895526498,すると,すると,すると,Conjunction,thereupon  hereupon,"thereupon, and then, just then; in that case",ドアを開けた。すると、猫が飛び込んできた。,"I opened the door. Just then, a cat jumped in.",,
1752597335502,共聴,共聴[きょうちょう],きょうちょう,Noun,community; shared,"shared, community (e.g. shared TV antenna)",このマンションには共聴アンテナがあります。,This apartment building has a shared TV antenna.,,Rare technical word mostly seen in 共聴アンテナ (shared TV antenna); check this is the word you meant.
1754650637990,荷[に] ほどき,荷[に]ほどき,にほどき,"Noun, Suru verb",unpacking (esp. after moving house),unpacking (esp. after moving house),「外でデートの待ち合わせをしましょう」「そんなヒマがあったら荷ほどき手伝いに来い！」,"""Let's meet up outside for a date."" ""If you've got that much free time, come and help me unpack!""",,
1754650774159,散[ち] らかる,散[ち]らかる,ちらかる,"Godan verb, Intransitive verb","to lie scattered around 
to be in disorder","to be messy, to be in disorder; to lie scattered around",部屋は散らかり放題だった。,The room was in total disorder.,,
1754650946375,義母[ぎぼ],義母[ぎぼ],ぎぼ,Noun,"mother-in-law 
foster mother 
step mother",mother-in-law; foster mother; stepmother,数年前の母の日に、義母にロケットをプレゼントしました。,"A few years ago on Mother's Day, I gave my mother-in-law a locket as a present.",,
1754651020674,食品[しょくひん],食品[しょくひん],しょくひん,Noun,"foodstuffs 
food products 
food","food, food products, foodstuffs",この食品は有毒である。,This food is poisonous.,,
1754651051515,稼[かせ] ぐ,稼[かせ]ぐ,かせぐ,"Godan verb, Transitive verb, Intransitive verb","to make (money) 
to earn (income) 
to play (for time) 
to gain (time) 
to score (points, victory) 
to toil 
to labour 
to labor 
to work hard (at one's job)","to earn (income), to make (money); to gain (time), to score (points); to work hard",私は自分の生活費を稼がなくてはならない。,I have to earn my own living.,,
1754651158448,埋[う] める,埋[う]める,うめる,"Ichidan verb, Transitive verb","to fill up (e.g. audience fills a hall) 
to fill out (a form, a sheet) 
to fill (a seat, a vacant position) 
to bridge (a difference, a gap) 
to stop (a gap) 
to plug (a gap) 
to compensate for 
to make amends 
to make up for (a loss, shortage, etc.)","to fill (a gap, seat, form), to plug; to make up for (a loss), to compensate for; to bury",この用紙の空欄を埋めてください。,Please fill in the blanks on this form.,,
1754651200382,失[うしな] う,失[うしな]う,うしなう,"Godan verb, Transitive verb","to lose (time)  to miss (a chance, opportunity)  to be bereaved of  to lose (a loved one)  to concede (goals, points, etc.)","to lose; to miss (a chance, opportunity); to lose (a loved one), to be bereaved of; to concede (goals, points)",ミスで財産を失った。,I lost my fortune through a mistake.,,
1754651226017,失った時間をうめる,失[うしな]った 時間[じかん]をうめる,うしなったじかんをうめる,Expression,To make up for lost time,to make up for lost time,週末に勉強して、失った時間をうめるつもりです。,I plan to make up for lost time by studying at the weekend.,,
1754651267575,マンゴー,マンゴー,マンゴー,Noun,mango (Mangifera indica),mango,僕はまだマンゴーを食べたことがない。,I have never eaten a mango.,,
1754651296432,定番[ていばん],定番[ていばん],ていばん,"Noun, No-adjective","convention 
standard procedure 
regular fixture 
staple 
go-to choice 
(a) classic 
usual thing 
standard item 
staple goods 
basic item (with stable demand)","standard item, staple, (a) classic, go-to choice; standard procedure, convention",若い男女が人里離れた洋館で恐怖の一夜を過ごすという、ホラーの定番スタイルだ。,Young men and women spending a night of terror in an isolated mansion: it's a classic horror setup.,,
1754651374083,注[そそ] ぐ,注[そそ]ぐ,そそぐ,"Godan verb, Transitive verb, Intransitive verb","to pour (into) 
to spray 
to pour onto 
to water (e.g. plants) 
to sprinkle on (from above) 
to shed (tears) 
to fix (one's eyes) on 
to devote to 
to concentrate one's energy (strength, attention, etc.) on 
to drain into 
to run into 
to flow into (e.g. of a river) 
to pour down 
to fall (of rain, ","to pour (into); to water, to sprinkle on; to devote (energy, attention) to; to flow into (of a river)",私はビニール袋にワインを注ぎ、それからそれを氷水に付けた。,I poured the wine into a plastic bag and then dipped it in ice water.,,
1754651405309,義理[ぎり],義理[ぎり],ぎり,"Noun, No-adjective","social obligation 
debt of gratitude 
courtesy 
decency 
honour 
honor 
sense of duty 
duty 
relation by marriage 
in-law","duty, sense of obligation, social obligation; courtesy, decency; in-law, relation by marriage",義理だけの拍手をもらう。,I just get polite applause given out of obligation.,,
1754651565727,精神的[せいしんてき],精神的[せいしんてき],せいしんてき,Na-adjective,"emotional 
spiritual 
mental","mental, emotional; spiritual",彼の病気は主に精神的な物だった。,His illness was mainly psychological.,,
1755012057612,解消,解消[かいしょう],かいしょう,"Noun, Suru verb, Transitive verb",cancellation; liquidation; resolution; reduction (e.g. of stress),"resolution, cancellation; relief, reduction (e.g. of stress); liquidation",運動はストレス解消になります。,Exercise helps relieve stress.,,
1755951408837,蜂,蜂[はち],はち,Noun,"bee, wasp, 🐝","bee, wasp, hornet",庭に蜂がたくさんいます。,There are lots of bees in the garden.,,
1756316448310,集団[しゅうだん],集団[しゅうだん],しゅうだん,Noun,Group / mass / swarm,"group, mass, collective",君はいまやエリート集団の一員だ。,You are now a member of an elite group.,,
1756316476074,追[お] いかける,追[お]いかける,おいかける,"Ichidan verb, Transitive verb",To chase / pursue,"to chase, to run after, to pursue",犬が猫を追いかけていた。,A dog was chasing a cat.,,
1756316500640,望遠鏡[ぼうえんきょう],望遠鏡[ぼうえんきょう],ぼうえんきょう,Noun,Telescope 🔭,telescope,彼は望遠鏡に目を当てた。,He put his eye to the telescope.,,
1757353207367,義務[ぎむ],義務[ぎむ],ぎむ,"Noun, No-adjective","responsibility 
obligation 
duty","duty, obligation, responsibility",このような義務があるなんて知らなかった。,I never knew there was such an obligation.,,
1757354756519,劇[げき],劇[げき],げき,Noun,"play 
drama 
powerful drug","play, drama",劇はちょうど定刻に始まった。,The play began exactly on time.,,
1757354815516,がる,がる,がる,"Godan verb, Suffix","to think 
to feel 
to show signs of being 
to act as if 
to pretend 
to behave as if one were","to show signs of being, to feel (after adj. stem); to act as if, to pretend",私が早く去るので彼らは残念がった。,They were sorry that I was leaving early.,,
1757354854277,ソフトウェア,ソフトウェア,ソフトウェア,Noun,software,software,新しいソフトウェアをインストールしました。,I installed some new software.,,
1757354880775,長[なが] さ,長[なが]さ,ながさ,Noun,length,length,ＡはＢの５倍の長さがある。,A is five times as long as B.,,
1757354904472,子供向[こどもむ] け,子供向[こどもむ]け,こどもむけ,"Noun, No-adjective","designed for children 
aimed at children 
for kids 
(intended) for children","for children, aimed at children, designed for children",これは子供向けの本です。,This is a book for children.,,
1758352005044,負[お] う,負[お]う,おう,"Godan verb, Transitive verb","to shoulder 
to bear 
to carry on one's back 
to be burdened with (work, debt, etc.) 
to become responsible for 
to have (a duty, obligation, etc.) 
to bear (the blame, costs, etc.) 
to accept 
to assume 
to take (responsibility) 
to incur (a loss, damage, etc.) 
to receive 
to sustain (a wound) 
to","to carry on one's back, to bear; to take (responsibility), to bear (blame, costs); to suffer (an injury); to owe, to be indebted to",これについては私がすべて責任を負います。,I will take full responsibility for this.,,
1758352036712,責任[せきにん],責任[せきにん],せきにん,Noun,"responsibility (incl. supervision of staff) 
duty 
onus 
liability","responsibility, duty; liability, onus",けんかは両方に責任がある。,"In a quarrel, both sides are responsible.",,
1758352193244,価値[かち],価値[かち],かち,Noun,"merit 
worth 
value","value, worth, merit",この本にはある程度の価値はあります。,This book has a certain value.,,
1758352312615,無謀[むぼう],無謀[むぼう],むぼう,"Noun, Na-adjective","mad (e.g. scheme) 
impulsive 
ill-advised 
rash 
thoughtless 
reckless","reckless, rash, thoughtless; ill-advised, impulsive",台風の日に山に登るのは無謀です。,Climbing a mountain on a typhoon day is reckless.,,
1758352338506,目先[めさき],目先[めさき],めさき,"Noun, No-adjective","under one's nose 
before one's eyes 
short-run 
at hand 
present 
immediate (e.g. interests) 
near future 
foresight 
appearance","before one's eyes, under one's nose; immediate (e.g. interests), short-term; foresight",目先の利益だけにとらわれてはいけない。,You mustn't be fixated only on immediate profit.,,
1758352472354,保証[ほしょう],保証[ほしょう],ほしょう,"Noun, Suru verb, Transitive verb","pledge 
assurance 
security 
guarantee 
warranty","guarantee, assurance, security; warranty",彼女の誠実さは私が保証します。,I can vouch for her sincerity.,,
1758352516173,申[もう] し 訳[わけ] ございません,申[もう]し 訳[わけ]ございません,もうしわけございません,Expression,"(it's) inexcusable 
I'm sorry 
thank you very much (for help, etc.)","I'm very sorry, I apologize; (it's) inexcusable; thank you very much (for help, etc.)",大変ご不自由をおかけして申し訳ございません。,We are very sorry for causing you such inconvenience.,,
1758352535634,リスケ,リスケ,リスケ,"Noun, Suru verb, Transitive verb","rescheduling (a meeting, debt, etc.)","rescheduling (a meeting, etc.), reschedule",会議を来週にリスケしてもいいですか？,Can we reschedule the meeting to next week?,,
1758352634307,理解[りかい],理解[りかい],りかい,"Noun, Suru verb, Transitive verb","appreciation 
comprehension 
understanding 
sympathy","understanding, comprehension; appreciation, sympathy",わたしはあなたの言うことが理解できる。,I can understand what you are saying.,,
1758352703602,ラジオ,ラジオ,ラジオ,Noun,radio,radio,そのニュースはラジオで聞いたよ。,I heard the news on the radio.,,
1758352963669,向[む] け,向[む]け,むけ,Suffix,"aimed at ... 
oriented towards ... 
intended for ...","intended for ~, aimed at ~, oriented towards ~",乗り物は子供向けである。,The rides are for kids.,,
1758352977246,計算[けいさん],計算[けいさん],けいさん,"Noun, Suru verb, Transitive verb","figures 
working out 
adding up 
counting 
reckoning 
computation 
calculation 
expectation 
estimation 
calculation 
consideration","calculation, computation, counting; consideration, expectation, estimation",旅行の総費用を計算してくれますか。,Can you work out the total cost of the trip?,,
1758353025065,層[そう],層[そう],そう,"Noun, Counter, Suffix",layer bed seam stratum group bracket stratum class sheaf counter for stories (of a building),"layer, stratum; class, bracket, group (of people); counter for storeys",洪水のあとに粘土の層が残った。,The flood left behind a layer of clay.,,
1758353105285,蛇口[じゃぐち],蛇口[じゃぐち],じゃぐち,Noun,"tap 
faucet","tap, faucet",この蛇口は使えません。故障しています。,You can't use this tap. It's out of order.,,
1759222111858,屋根[やね],屋根[やね],やね,Noun,roof,roof,彼は屋根の雪を取り除いた。,He cleared the snow off the roof.,,
1759222143281,職人[しょくにん],職人[しょくにん],しょくにん,Noun,"workman 
worker 
tradesman 
artisan 
craftsman","craftsman, artisan; tradesman, workman",私はその職人がとても腕がよいと分かった。,I found that the craftsman was very skilled.,,
1759408379731,栗[くり],栗[くり],くり,Noun,Japanese chestnut (Castanea crenata),"chestnut, Japanese chestnut",栗は少なくとも15分は茹でなくてはいけない。,Chestnuts have to be boiled for at least fifteen minutes.,,
1759408449947,お 酢[す],お 酢[す],おす,Noun,vinegar,vinegar,サラダにお酢を少しかけます。,I put a little vinegar on the salad.,,
1759408467388,使[つか] い 方[かた],使[つか]い 方[かた],つかいかた,Noun,"way of using (something) 
way to use 
how to use 
usage 
use","how to use, way of using, usage; treatment, management (of people)",人類だけが火の使い方を知っている。,Only humans know how to use fire.,,
1759411989780,雨漏[あまも] り,雨漏[あまも]り,あまもり,"Noun, Suru verb, Intransitive verb",roof leak,"roof leak, leaking roof",その家の屋根は雨漏りがした。,The roof of the house leaked.,,
1759412009911,箪笥[たんす],箪笥[たんす],たんす,Noun,"chest of drawers 
bureau 
cabinet dresser","chest of drawers, dresser; cabinet, tansu",服をたんすにしまいました。,I put the clothes away in the chest of drawers.,,
1759415524456,紐[ひも],紐[ひも],ひも,Noun,"string cord mantle (shellfish, etc.) 
leash 
small intestine (beef, pork) 
oviduct meat (chicken) 
restrictions 
conditions 
man who is financially dependent on a woman 
gigolo 
pimp","string, cord; leash; strings attached, conditions; man kept by a woman, gigolo",靴の紐がほどけていますよ。,Your shoelace is untied.,,
1759415547600,葉[は] っぱ,葉[は]っぱ,はっぱ,Noun,"leaf blade (of grass) (pine) needle marijuana 
cannabis","leaf, blade (of grass), (pine) needle; marijuana (slang)",私には葉っぱとりんごしかありません。,I have only leaves and apples.,,
1759415592282,近[ちか] づく,近[ちか]づく,ちかづく,"Godan verb, Intransitive verb","to approach to draw near to get close to get acquainted with 
to get closer to 
to get to know","to approach, to draw near, to get close; to get acquainted with, to get to know",クリスマスが近づいてきた。,Christmas is approaching.,,
1760017563849,重力[じゅうりょく],重力[じゅうりょく],じゅうりょく,Noun,"gravity 
gravitation 
gravitational pull","gravity, gravitation, gravitational pull",月の重力は地球の６分の１である。,The moon's gravity is one-sixth of the earth's.,,
1760017874992,地球[ちきゅう],地球[ちきゅう],ちきゅう,Noun,"Earth 
the globe","Earth, the globe",汚染が地球を傷つけている。,Pollution is damaging the earth.,,
1760018750758,影響[えいきょう],影響[えいきょう],えいきょう,"Noun, Suru verb, Intransitive verb","influence 
effect 
impact","influence, effect, impact",多くのテレビ番組が子供たちに悪い影響を与えている。,Many TV programmes have a bad influence on children.,,
1762334594178,しっかり,しっかり,しっかり,"Suru verb, Intransitive verb, Adverb","strongly (built) 
solidly 
sturdily 
steadily 
properly 
well 
sufficiently 
hard (working, etc.) 
fully 
completely 
reliably 
dependably 
levelheadedly 
shrewdly 
wisely 
cleverly 
tightly (holding on) 
firmly 
securely","tightly, firmly, securely; properly, well, hard; reliably, dependably; sensibly, level-headedly",君にはもっとしっかり仕事をしてもらいたい。,I want you to work harder.,,
1762334804250,毒[どく] キノコ,毒[どく]キノコ,どくきのこ,Noun,"toadstool 
poisonous mushroom","poisonous mushroom, toadstool",森で毒キノコを見つけました。,I found a poisonous mushroom in the forest.,,Locked reading どくきのこ writes キノコ in hiragana; strictly the reading of this surface would be どくキノコ.
1762334821515,パッケージ,パッケージ,パッケージ,"Noun, Suru verb, Transitive verb",package,package,そのパッケージは全部でいくらですか。,How much is the whole package?,,
1762334846290,没入[ぼつにゅう],没入[ぼつにゅう],ぼつにゅう,"Noun, Suru verb, Intransitive verb","sinking (into) 
being absorbed (in) 
immersion","immersion, being absorbed (in); sinking (into)",彼はゲームに没入していた。,He was completely absorbed in the game.,,
1762334871392,双方向[そうほうこう],双方向[そうほうこう],そうほうこう,"Noun, No-adjective","two-way 
bidirectional 
interactive","two-way, bidirectional, interactive",ますます多くの人が、その媒体の双方向的な性質を利用しようと躍起になっている。,More and more people are rushing to make use of the interactive nature of the medium.,,
1762334992329,得意料理,得意料理[とくいりょうり],とくいりょうり,Noun,Speciality dish (that you are good at cooking),specialty dish (one is good at cooking),私の得意料理はミートソースですよ！,My specialty dish is meat sauce (bolognese)!,,
1762335005183,家庭料理[かていりょうり],家庭料理[かていりょうり],かていりょうり,Noun,home cooking,home cooking,母の家庭料理が一番おいしい。,My mother's home cooking is the best.,,
1762335041536,十人十色[じゅうにんといろ],十人十色[じゅうにんといろ],じゅうにんといろ,"Noun, Expression","several men, several minds 
everyone has his own (ideas, tastes, interests, etc.) 
different strokes for different folks","several men, several minds; everyone has their own tastes; different strokes for different folks",好みは十人十色です。,Tastes differ from person to person.,,
1762335060005,四字熟語[よじじゅくご],四字熟語[よじじゅくご],よじじゅくご,Noun,four-character compound word (esp. idiomatic),four-character compound word (esp. idiomatic),「十人十色」は有名な四字熟語です。,"""Juunin toiro"" is a famous four-character idiom.",,
1762932499284,封筒,封筒[ふうとう],ふうとう,Noun,Envelope,envelope,封筒に切手を貼ってください。,Please put a stamp on the envelope.,,
1766093489695,枯[か] れる,枯[か]れる,かれる,"Ichidan verb, Intransitive verb","to wither (of a plant) 
to die","to wither, to die (of a plant); to mature (of one's personality, abilities)",水をあげなかったので、花が枯れてしまった。,"I didn't water the flowers, so they withered.",,
1766093608857,期待[きたい],期待[きたい],きたい,"Noun, Suru verb, Transitive verb, No-adjective",hope (noun)  expectation  rising  up-and-coming,"expectation, anticipation, hope; promising, rising, up-and-coming",みんながあなたに期待しています。,Everyone has high hopes for you.,,
1766093752589,記事[きじ],記事[きじ],きじ,Noun,"article 
news story 
report 
account","article, news story, report, account",新聞でおもしろい記事を読んだ。,I read an interesting article in the newspaper.,,
1766093773431,言語[げんご],言語[げんご],げんご,Noun,language,language,彼は三つの言語を話せます。,He can speak three languages.,,
1766093875170,べき,べき,べき,"Grammar pattern, Auxiliary",should must ought to  (Strong authoritive that it is the right thing to do),"should, ought to, must (it is the right thing to do)",そんなことは言うべきではない。,You should not say such things.,,
1766093893430,刈[か] る,刈[か]る,かる,"Godan verb, Transitive verb","to cut (grass, hair, etc.) 
to mow 
to clip 
to trim 
to prune 
to shear 
to reap 
to harvest","to cut (grass, hair, etc.), to mow, to clip, to trim; to reap, to harvest",父は週末に庭の芝を刈る。,My father mows the lawn on weekends.,,
1766093998975,結局[けっきょく],結局[けっきょく],けっきょく,"Noun, No-adjective, Adverb","after all, in the end, ultimately, eventually","after all, in the end, ultimately, eventually; conclusion, end",ゆっくりと着実なのが結局勝つ。,Slow and steady wins the race in the end.,,
1766094026363,トッピング,トッピング,トッピング,"Noun, Suru verb, Transitive verb",topping,topping,ピザのトッピングは何にしますか？,What toppings would you like on your pizza?,,
1766094044767,受[う] け 取[と] る,受[う]け 取[と]る,うけとる,"Godan verb, Transitive verb","to receive 
to get 
to accept 
to take (someone's words or behaviour) 
to interpret 
to understand","to receive, to get, to accept; to take, to interpret, to understand",郵便局で荷物を受け取りました。,I picked up a parcel at the post office.,,
1766094067043,特徴[とくちょう],特徴[とくちょう],とくちょう,Noun,"feature 
trait 
characteristic 
peculiarity 
distinction","feature, trait, characteristic, peculiarity",この車の特徴は何ですか？,What are the features of this car?,,
1766094152589,飾[かざ] り 物[もの],飾[かざ]り 物[もの],かざりもの,Noun,"ornament 
decoration 
figurehead 
leader without real power","ornament, decoration; figurehead, leader without real power",部屋にきれいな飾り物がたくさんある。,There are lots of pretty ornaments in the room.,,
1766094212409,順番[じゅんばん],順番[じゅんばん],じゅんばん,Noun,"order 
turn","turn (in line); order, sequence",ここで順番を待ってください。,Please wait your turn here.,,
1766094465297,凍[こお] る,凍[こお]る,こおる,"Godan verb, Intransitive verb","to freeze 
to become frozen 
to freeze over","to freeze, to be frozen over, to congeal",とても寒くて、池が凍った。,It was so cold that the pond froze over.,,
1766094548916,順番[じゅんばん] に,順番[じゅんばん]に,じゅんばんに,Adverb,"in turns 
in series 
in number order 
by rotation","in turns, in order, by rotation",一人ずつ順番に入ってください。,"Please come in one at a time, in order.",,
1766094562192,ギリギリ,ギリギリ,ギリギリ,"Noun, Na-adjective, No-adjective, Adverb","just barely 
only just 
at the very limit 
at the last moment grinding (sound) 
grating 
gnashing 
forcefully 
strongly 
with effort 
(binding) tightly","just barely, only just; at the very limit, at the last moment; grinding, grating, gnashing (sound)",電車にギリギリ間に合った。,I just barely made the train.,,
1766094579473,本業[ほんぎょう],本業[ほんぎょう],ほんぎょう,Noun,"principal occupation 
core business","principal occupation, main job; core business",彼の本業は医者です。,His main job is being a doctor.,,
1766094591891,前半[ぜんはん],前半[ぜんはん],ぜんはん,Noun,first half,first half,試合の前半はとても退屈だった。,The first half of the match was very boring.,,
1766094603342,後半[こうはん],後半[こうはん],こうはん,Noun,"second half 
latter half","second half, latter half",映画の後半はとてもおもしろかった。,The second half of the movie was really interesting.,,
1766094615650,戦争[せんそう],戦争[せんそう],せんそう,"Noun, Suru verb, Intransitive verb","war 
fighting 
fierce competition","war; fighting, fierce competition",祖父は戦争の話をしてくれた。,My grandfather told me about the war.,,
1768218526935,襲[おそ] う,襲[おそ]う,おそう,"Godan verb, Transitive verb","to attack 
to assail 
to make an assault 
to strike 
to hunt down  
  
  
  
   to succeed (someone in a post, role, etc.) to make a sudden visit","to attack, to assail, to strike; to succeed (someone in a post); to make a sudden visit",奇妙な病気が町を襲った。,A strange disease struck the town.,,
1768218620697,殺[ころ] す,殺[ころ]す,ころす,"Godan verb, Transitive verb","to kill 
to slay 
to murder 
to slaughter 
to suppress 
to block 
to hamper 
to destroy (e.g. talent) 
to eliminate (e.g. an odour) 
to spoil (e.g. a flavour) 
to kill (e.g. one's speed) 
to suppress (a voice, feelings, etc.) 
to hold back 
to stifle (a yawn, laugh, etc.) 
to hold (one's breath) 
to","to kill, to murder, to slay; to suppress, to hold back (feelings, voice); to spoil (e.g. a flavour)",おまえはオレを殺そうとしている。,You are trying to kill me.,,
1768218708093,変化[へんか],変化[へんか],へんか,"Noun, Suru verb, Intransitive verb","change 
variation 
alteration 
mutation 
transition 
transformation 
transfiguration 
metamorphosis 
variety 
diversity 
inflection 
declension 
conjugation","change, variation, alteration, transformation; variety, diversity; inflection, conjugation",このような接し方の変化は、他の変化もそうであるが、他の国においても起こっている。,"Like other changes, this change in attitude has occurred in other countries, too.",,
1768219070062,資格[しかく],資格[しかく],しかく,Noun,"qualifications 
requirements 
capabilities","qualifications, requirements, capabilities",彼には弁護士の資格がある。,He is qualified as a lawyer.,,
1768219108175,教材[きょうざい],教材[きょうざい],きょうざい,Noun,teaching materials,teaching materials,目標は授業設計をするときの、学生の思考を触発するメディア教材の選択および活用方法について理解することである。,"Our aim is that, when planning classes, we understand how to select and use media teaching materials that stimulate students' thinking.",,
1768219131249,アナグマ,アナグマ,アナグマ,Noun,badger,badger,アナグマは深い穴を掘る。,Badgers dig deep holes.,,
1768219183381,級[きゅう],級[きゅう],きゅう,"Noun, Counter, Suffix","kyu (junior rank in martial arts, go, shogi, etc.) 
(school) grade 
year 
class 
class 
grade 
rank 
level","class, grade, rank, level; kyu (junior rank in martial arts, go, etc.)",漢字検定の五級に合格しました。,I passed level 5 of the kanji proficiency test.,,
1768219217363,投票[とうひょう],投票[とうひょう],とうひょう,"Noun, Suru verb, Intransitive verb, No-adjective","voting 
ballot 
poll 
vote","voting, vote, ballot, poll",２０歳になっていれば、投票できるのに。,"If I were twenty, I could vote.",,
1768219248562,妊娠[にんしん],妊娠[にんしん],にんしん,"Noun, Suru verb, Intransitive verb, No-adjective","pregnancy 
conception 
gestation","pregnancy, conception, gestation",妊娠検査を受けたいのです。,I'd like to get a pregnancy test.,,
1768219276988,実家[じっか],実家[じっか],じっか,Noun,(one's parents') home,"one's parents' home, family home",私の両親は二人とも今、実家にいます。,Both my parents are at the family home now.,,
1768219331845,抱負[ほうふ],抱負[ほうふ],ほうふ,Noun,"aspiration 
ambition 
plan 
hopes 
wishes  
  
  
  
   (also used for new years resolutions 今年の抱負)","aspiration, ambition, plan, hopes (e.g. new year's resolution)",彼女の抱負は室内装飾家になることです。,Her ambition is to become an interior decorator.,,
1768219472638,世代[せだい],世代[せだい],せだい,"Noun, No-adjective",generation,generation,あの人たちは同じ世代です。,Those people are of the same generation.,,
1768219494851,銃[じゅう],銃[じゅう],じゅう,Noun,"gun 
firearm 
small arms (e.g. rifle, pistol, etc)","gun, firearm, small arms (e.g. rifle, pistol)",警察は簡単に銃を使ってはいけない。,The police must not use their guns lightly.,,
1768219519802,交換[こうかん],交換[こうかん],こうかん,"Noun, Suru verb, Transitive verb","exchange 
interchange 
switching 
reciprocity 
barter 
substitution 
replacement 
clearing (of checks, cheques)","exchange, interchange, switching; replacement, substitution",あなたと席を交換しよう。,Let me exchange seats with you.,,
1768219560437,ポイ 活[かつ],ポイ 活[かつ],ポイかつ,"Noun, Suru verb, Intransitive verb",accumulating points (in loyalty programs),"collecting loyalty points (e.g. via apps, cards, shopping)",最近、妻はポイ活に夢中です。,Lately my wife is hooked on collecting loyalty points.,,Slang term not in JMdict; reading corrected to keep the katakana ポイ (ポイかつ).
1768219579130,柊[ひいらぎ],柊[ひいらぎ],ひいらぎ,Noun,"holly 
spotnape ponyfish (Leiognathus nuchalis) 
holly olive (Osmanthus heterophyllus) 
false holly","holly; holly olive (Osmanthus heterophyllus), false holly",庭に柊の木を植えた。,I planted a holly tree in the garden.,,
1768219683002,世界第二次大戦,第二次世界大戦[だいにじせかいたいせん],だいにじせかいたいせん,Noun,world war II,"World War II, the Second World War",祖父は第二次世界大戦を経験した。,My grandfather lived through World War II.,typo fix (word order),Surface corrected from 世界第二次大戦 to the standard word order 第二次世界大戦.
1770116135267,肘[ひじ],肘[ひじ],ひじ,Noun,elbow,elbow,彼女は私の肘をちょっと押した。,She gave my elbow a little nudge.,,
1770116177814,折[お] れる,折[お]れる,おれる,"Ichidan verb, Intransitive verb","to fracture (e.g. bone) to break 
to be broken 
to snap 
to be folded 
to give in 
to back down 
to yield 
to submit 
to turn (a corner)","to break, to snap, to fracture (e.g. bone); to be folded; to give in, to yield, to back down; to turn (a corner)",医者は彼の折れた足をついだ。,The doctor set his broken leg.,,
1770116221913,保管[ほかん],保管[ほかん],ほかん,"Noun, Suru verb, Transitive verb","storage 
custody 
safekeeping 
deposit","storage, safekeeping, custody, deposit",領収書は必ず保管してください。,Please be sure to keep the receipt.,,
1770116265035,カニ,カニ,カニ,Noun,crab,crab,北海道でおいしいカニを食べました。,I ate delicious crab in Hokkaido.,,
1770116284613,鍋[なべ],鍋[なべ],なべ,"Noun, Suffix","pan 
pot 
saucepan 
stew 
hot pot","pot, pan, saucepan; hot pot, stew",鍋でお湯を沸かしてください。,Please boil some water in a pot.,,
1770116373861,増[ま] し,増[ま]し,まし,"Na-adjective, Suffix","better 
preferable 
less objectionable 
least-worst 
more 
increase 
extra 
increase 
growth","better, preferable, less objectionable, least-worst; more, extra (as suffix)",忙しすぎる日のほうがましです。,Days that are too busy are still better.,,In the 'better' sense this word is usually written in kana as まし.
1770116512893,論文[ろんぶん],論文[ろんぶん],ろんぶん,Noun,"thesis 
essay 
treatise 
paper 
article","thesis, essay, treatise, paper, article",彼はその問題について論文を書いた。,He wrote a paper on the subject.,,
1770116553912,共有[きょうゆう],共有[きょうゆう],きょうゆう,"Noun, Suru verb, Transitive verb","joint ownership 
co-ownership 
sharing (e.g. a viewpoint) 
sharing (files, devices on a network, posts on social media, etc.)","sharing, joint ownership, co-ownership; sharing (files, posts on social media, etc.)",ケンは兄と部屋を共有している。,Ken shares a room with his older brother.,,
1770116996569,無料[むりょう],無料[むりょう],むりょう,"Noun, No-adjective","free (of charge) 
gratuitous","free (of charge), gratuitous",こちらのパンフレットは無料です。,This pamphlet is free of charge.,,
1771318252457,見[み] る 目[め],見[み]る 目[め],みるめ,Noun,"discerning eye 
an eye (for something) 
good judgement 
public eye 
(in) the eyes of others 
people watching 
public opinion 
appearance 
sight 
impression 
point of view 
way of looking (at)","an eye (for something), discerning eye, good judgement; public eye, the eyes of others; point of view, way of looking",トムは現代美術を見る目がある。,Tom has an eye for modern art.,,
1771318376494,見方[みかた],見方[みかた],みかた,Noun,"viewpoint 
point of view 
way of looking (at something) 
view 
angle 
way of appreciating (e.g. opera) 
way of understanding 
how to read (a map, train timetable, etc.)","viewpoint, point of view, way of looking (at something); way of understanding, how to read (a map, timetable, etc.)",私の見方ではもう少し待つほうがよさそうだ。,"From my point of view, it would be better to wait a little longer.",,
1772134611828,休憩,休憩[きゅうけい],きゅうけい,"Noun, Suru verb, Intransitive verb",rest; break; recess; intermission,"rest, break, recess, intermission",少し休憩しましょう。,Let's take a short break.,,
1772135403876,満足,満足[まんぞく],まんぞく,"Noun, Suru verb, Intransitive verb, Na-adjective",1: satisfaction; contentment; complacency 2: sufficient; enough; adequate; proper,"satisfaction, contentment, gratification; sufficient, enough, adequate, proper",今の生活に満足しています。,I'm satisfied with my current life.,,
1774000879602,爆発[ばくはつ],爆発[ばくはつ],ばくはつ,"Noun, Suru verb, Intransitive verb","explosion 
detonation 
blast 
blowing up 
eruption 
outburst (of emotion) 
explosion (e.g. of anger) 
eruption (e.g. of discontent)","explosion, detonation, blast, eruption; outburst (of emotion, discontent)",屋根は爆発で吹き飛ばされた。,The roof was blown off by the explosion.,,
1774001320165,警報[けいほう],警報[けいほう],けいほう,Noun,"alarm 
warning","alarm, warning",大雨警報が出ています。,A heavy rain warning has been issued.,,
1774002679754,頻繁[ひんぱん],頻繁[ひんぱん],ひんぱん,Na-adjective,"frequent 
incessant","frequent, incessant",電車はバスより頻繁に来ます。,Trains come more often than buses.,,
1776937354055,リアクション,リアクション,リアクション,Noun,"reaction 
response 
reaction","reaction, response",薫、今のところおまえが一番のリアクション、大賞だよ。,"Kaoru, yours is the best reaction so far - you win the grand prize.",,
1776937392104,パニック,パニック,パニック,Noun,panic,panic,列車が脱線すると、たちまちパニック状態になった。,"When the train derailed, panic broke out at once.",,
1776937418602,会議室[かいぎしつ],会議室[かいぎしつ],かいぎしつ,Noun,"conference room 
council room","conference room, meeting room, council room",会議室は現在使用中です。,The meeting room is in use now.,,
1776937434907,伸[の] ばす,伸[の]ばす,のばす,"Godan verb, Transitive verb","to grow long (e.g. hair, nails) 
to lengthen 
to extend 
to stretch 
to reach out 
to hold out 
to straighten 
to smooth out 
to spread evenly (dough, cream, etc.) 
to dilute 
to thin out 
to postpone 
to prolong 
to strengthen 
to develop 
to expand","to grow long (hair, nails); to lengthen, to extend, to stretch; to reach out, to straighten; to develop, to expand",その男の子はあくまでも髪の毛を伸ばすことにこだわった。,The boy persisted in wearing his hair long.,,
1776937766411,返金[へんきん],返金[へんきん],へんきん,"Noun, Suru verb, Transitive verb, No-adjective","refund 
repayment 
reimbursement","refund, repayment, reimbursement",レシートはなくしてしまったのですが、返金できますか。,I lost my receipt. Can I still get a refund?,,
1776937794970,食欲[しょくよく],食欲[しょくよく],しょくよく,"Noun, No-adjective",appetite (for food),appetite (for food),最近食欲がないんです。,I haven't had any appetite recently.,,
1776937857348,しょうがない,しょうがない,しょうがない,"I-adjective, Expression","there's no (other) way 
cannot be helped 
unavoidable 
inevitable 
(there's) nothing one can do 
having no choice 
it is what it is 
it's no use (doing) 
pointless 
useless 
no good 
insufficient 
not enough 
hopeless (person) 
annoying 
troublesome 
awful 
cannot stand it 
unbearable 
cannot help (","it can't be helped, unavoidable, there's no other way; it's no use, pointless; hopeless, annoying; cannot help (doing, feeling)",今回はあきらめな。しょうがないよ。,Give up on this one. It can't be helped.,,
1777624356491,誤解[ごかい],誤解[ごかい],ごかい,"Noun, Suru verb, Transitive verb",misunderstanding,misunderstanding,あなたを誤解してしまってごめんなさい。,I'm sorry I misunderstood you.,,
1777624468716,正確[せいかく],正確[せいかく],せいかく,"Noun, Na-adjective","accurate 
correct 
precise 
exact","accurate, correct, precise, exact",この時計の時間は正確だ。,This watch keeps correct time.,,
1777624513997,懸念[けねん],懸念[けねん],けねん,"Noun, Suru verb, Transitive verb","worry 
fear 
anxiety 
concern","worry, fear, anxiety, concern",世界の航空産業は墜落事故についての懸念を募らせている。,The world's aviation industry is growing increasingly worried about crashes.,,
1777624573490,溶[と] ける,溶[と]ける,とける,"Ichidan verb, Intransitive verb","to melt 
to thaw 
to fuse 
to dissolve","to melt, to thaw, to fuse; to dissolve",砂糖は水に溶ける。,Sugar dissolves in water.,,
1778683709502,風船[ふうせん],風船[ふうせん],ふうせん,Noun,"balloon (toy or decoration) 
balloon (hot-air or gas)","balloon (toy or decoration); airship, blimp",風船が空に上がっていった。,The balloon went up into the sky.,,
1778683753950,誇[ほこ] らしい,誇[ほこ]らしい,ほこらしい,I-adjective,"proud 
haughty 
arrogant","proud; haughty, arrogant",彼女の顔は誇らしさで赤く上気していた。,Her face was flushed with pride.,,
1778683825844,完売[かんばい],完売[かんばい],かんばい,"Noun, Suru verb, Intransitive verb","selling out 
being sold out","selling out, being sold out",チケットは一週間で完売した。,The tickets sold out within a week.,,Example sentence had a typo (ケット); corrected to チケット.
1778683850481,変装[へんそう],変装[へんそう],へんそう,"Noun, Suru verb, Intransitive verb","disguise 
masquerade","disguise, masquerade",変装していた彼に気づかなかった人も多かった。,There were many who couldn't recognize him in that disguise.,,
1778684020400,残酷[ざんこく],残酷[ざんこく],ざんこく,"Noun, Na-adjective","cruel 
brutal 
ruthless 
merciless 
inhuman","cruel, brutal, ruthless, merciless",怪物は残酷な微笑みを浮かべた。,The monster gave a cruel smile.,,
1778684080080,目次[もくじ],目次[もくじ],もくじ,Noun,"table of contents 
contents","table of contents, contents",まず本の目次を見てください。,"First, please look at the book's table of contents.",,
1778684693375,荷車[にぐるま],荷車[にぐるま],にぐるま,Noun,"cart 
wagon","cart, wagon",芝刈り機が簡素な作りの荷車に積んである。,Some lawn equipment is loaded onto the simply built cart.,,
1778684886677,範囲[はんい],範囲[はんい],はんい,Noun,"extent 
scope 
sphere 
range 
span","extent, scope, range, sphere, span",自分の収入の範囲で生活するようにしなさい。,Try to live within your income.,,
1778684937890,構[かま] う,構[かま]う,かまう,"Godan verb, Intransitive verb","to mind 
to care about 
to be concerned about 
to have a regard for 
to be an issue 
to matter 
to create inconvenience 
to keep company 
to care for 
to look after 
to entertain 
to pay attention to 
to spend time with 
to interfere with 
to meddle in 
to tease 
to banish 
to prohibit","to mind, to care about, to be concerned about; to matter, to be an issue; to look after, to pay attention to; to tease, to meddle in",６時に起きるのはかまわない。,I don't mind getting up at six.,,
1778685293905,大騒[おおさわ] ぎ,大騒[おおさわ]ぎ,おおさわぎ,"Noun, Suru verb, Intransitive verb","clamour 
clamor 
uproar 
tumult 
furore 
furor","uproar, clamour, tumult, fuss",何でもないことに大騒ぎするのはやめなさい。,Stop making a fuss over nothing.,,
1780476372140,私の番,私[わたし]の 番[ばん],わたしのばん,Expression,my turn,my turn,次は私の番です。,Next it's my turn.,,
1780476449472,観察[かんさつ],観察[かんさつ],かんさつ,"Noun, Suru verb, Transitive verb","observation 
survey 
watching","observation, survey, watching",科学は観察に基づいている。,Science rests upon observation.,,
1780476471899,常連[じょうれん],常連[じょうれん],じょうれん,"Noun, No-adjective","regular customer 
regular patron 
regular visitor 
frequenter 
constant companion","regular customer, regular patron, regular visitor; constant companion",彼はこの店の常連です。,He is a regular at this shop.,,
1780476518869,億[おく],億[おく],おく,Numeral,"hundred million 
100,000,000 
10^8","hundred million, 100,000,000",１０億人の人たちが英語を話しています。,One billion people speak English.,,
1780476552898,高齢化[こうれいか],高齢化[こうれいか],こうれいか,"Noun, Suru verb, Intransitive verb","aging (of a population) 
ageing","ageing (of a population), aging",日本では高齢化が進んでいる。,Japan's population is ageing.,,
1780476604215,経済的[けいざいてき],経済的[けいざいてき],けいざいてき,Na-adjective,"economic 
financial 
economical 
thrifty 
frugal","economic, financial; economical, thrifty",私は経済的に困っている。,I am in financial difficulties.,,
1780476640864,救急車[きゅうきゅうしゃ],救急車[きゅうきゅうしゃ],きゅうきゅうしゃ,Noun,ambulance,ambulance,時を移さず救急車がやってきた。,An ambulance arrived immediately.,,
1781771059407,一晩中[ひとばんじゅう],一晩中[ひとばんじゅう],ひとばんじゅう,"Noun, Adverb","all night long 
all through the night","all night long, all through the night",その犬は、一晩中ほえつづけた。,The dog kept barking all night.,,
1781771177474,延期[えんき],延期[えんき],えんき,"Noun, Suru verb, Transitive verb","postponement 
deferment 
adjournment","postponement, deferment, adjournment",私たちは会合を延期しなければならなかった。,We had to put off the meeting.,,
1781785495815,今[いま] までで,今[いま]までで,いままでで,Expression,"to date 
as of now","to date, as of now, up to now",今まででお客は５人だけです。,"Up to now, only five guests have arrived.",,
1781785571813,中心地[ちゅうしんち],中心地[ちゅうしんち],ちゅうしんち,Noun,"center 
centre 
metropolis","center, centre, hub; metropolis",この道を行けば駅と市の中心地にでます。,This road will lead you to the station and the city center.,,
1781785638596,解決[かいけつ],解決[かいけつ],かいけつ,"Noun, Suru verb, Transitive verb","settlement 
solution 
resolution","settlement, solution, resolution",その問題はまだ解決されていない。,The problem is not settled yet.,,
1781785702872,解[と] く,解[と]く,とく,"Godan verb, Transitive verb","to untie 
to unfasten 
to unwrap 
to undo 
to unbind 
to unpack 
to unsew 
to unstitch 
to solve 
to work out 
to answer 
to dispel (misunderstanding, etc.) 
to clear up 
to remove (suspicion) 
to appease 
to dissolve (a contract) 
to cancel 
to remove (a prohibition) 
to lift (a ban) 
to raise (a s","to untie, to undo, to unfasten; to solve, to work out, to answer; to dispel, to clear up (misunderstanding); to cancel, to lift (a ban)",この医師はガンの多くの不可解な点を解こうと努力している。,The doctor is trying to solve many of the riddles of cancer.,,
1781785804349,量[りょう],量[りょう],りょう,"Noun, Suffix","quantity 
amount 
volume 
capacity 
portion (of food) 
generosity 
magnanimity 
tolerance","quantity, amount, volume; portion (of food); generosity, tolerance",彼女はかなりの量の酒を飲んだ。,She has had quite a lot to drink.,,
1781785852211,手術[しゅじゅつ],手術[しゅじゅつ],しゅじゅつ,"Noun, Suru verb, Transitive verb","surgery 
operation 
procedure","surgery, operation, procedure",手術をしなければなりません。,You have to have an operation.,,
1782306787656,店長[てんちょう],店長[てんちょう],てんちょう,Noun,shop manager,"shop manager, store manager",この店の店長はひげが生えています。,The manager of this store has a beard.,,
1782306851330,在庫[ざいこ],在庫[ざいこ],ざいこ,Noun,"stock 
inventory","stock, inventory",申し訳ありませんが、在庫がありません。,I'm afraid we are out of stock.,,
1782307047347,研修[けんしゅう],研修[けんしゅう],けんしゅう,"Noun, Suru verb, Intransitive verb",Training course (in a job)  induction course,"training (esp. in-service), training course; induction course",研修会は午後4時開始予定です。,The training session is scheduled to begin at 4 p.m.,,
1782307287230,借金[しゃっきん],借金[しゃっきん],しゃっきん,"Noun, Suru verb, Intransitive verb",debt  loan  liabilities  borrowing money,"debt, loan, liabilities; borrowing money",君は借金を払うべきだ。,You should pay your debts.,,
1782307503855,習字[しゅうじ],習字[しゅうじ],しゅうじ,Noun,"penmanship 
calligraphy","penmanship, calligraphy",子供の頃、習字を習っていました。,I took calligraphy lessons when I was a child.,,
1782307855435,部署[ぶしょ],部署[ぶしょ],ぶしょ,Noun,"one's post 
one's station 
department 
bureau 
section","department, section; one's post, one's station",その資料はこの部署にはありません。,Our department doesn't have that information.,,
1782914182691,成功[せいこう],成功[せいこう],せいこう,"Noun, Suru verb, Intransitive verb","success 
achievement 
succeeding (in life) 
(worldly) success 
prosperity","success, achievement; prosperity",成功。おめでとうございます。,Success! Congratulations.,,
1782914224375,逆[ぎゃく],逆[ぎゃく],ぎゃく,"Noun, Na-adjective, No-adjective","reverse 
opposite 
converse (of a hypothesis, etc.) 
inverse (function)","reverse, opposite; converse; inverse",夫の方が殴ったと彼女は言っているが、実はその逆だった。,"She said that her husband hit her, but in fact it was the other way around.",,
1782914274940,成長[せいちょう],成長[せいちょう],せいちょう,"Noun, Suru verb, Intransitive verb","growth 
development 
growing up 
becoming an adult 
growth (of a company, the economy, etc.)","growth, development; growing up, becoming an adult",ジェーンは成長して素敵な女性になった。,Jane grew up to be a fine lady.,,
1783069520068,水族館[すいぞくかん],水族館[すいぞくかん],すいぞくかん,Noun,aquarium (building),aquarium (building),水族館へ行く道を教えて頂けますか？,Can you show me the way to the aquarium?,,
1783069577322,原作[げんさく],原作[げんさく],げんさく,"Noun, No-adjective",original work,"original work, original story",そのドラマは原作と違っている。,The drama differs from the original story.,,
1783069906564,外食[がいしょく],外食[がいしょく],がいしょく,"Noun, Suru verb, Intransitive verb","eating out 
dining out","eating out, dining out",食事は家庭で食べますか、外食ですか。,Do you eat at home or eat out?,,
1783498740726,入社[にゅうしゃ],入社[にゅうしゃ],にゅうしゃ,"Noun, Suru verb, Intransitive verb","joining a company 
getting a job with a company 
starting work at a company","joining a company, starting work at a company",彼は高校卒業直後に入社した。,He joined the company right after he graduated from high school.,,
1783498791847,規則[きそく],規則[きそく],きそく,Noun,"rule 
regulation","rule, regulation",この規則はあなたにも当てはまる。,"This rule applies to you, too.",,
1783499054388,理不尽[りふじん],理不尽[りふじん],りふじん,"Noun, Na-adjective","unreasonable 
irrational 
outrageous 
absurd","unreasonable, irrational; outrageous, absurd",上司に理不尽なことを言われた。,My boss said something unreasonable to me.,,
1783499084400,従[したが] う,従[したが]う,したがう,"Godan verb, Intransitive verb","to obey (an order, law, etc.) 
to abide by (a rule, custom, etc.) 
to follow 
to observe 
to conform to 
to yield to 
to follow (a person) 
to accompany 
to go with 
to go alongside (e.g. a river) 
to follow (e.g. a sign) 
to serve (as) 
to engage in (work)","to obey, to abide by, to follow; to accompany, to go with; to serve as",善良な市民は法律に従う。,A good citizen obeys the law.,,
1783505117147,居眠[いねむ] り,居眠[いねむ]り,いねむり,"Noun, Suru verb, Intransitive verb","nodding off (while sitting) 
dozing","nodding off (while sitting), dozing",授業中に居眠りすることは許しません。,I do not allow dozing off in class.,,
1783505146938,叱[しか] る,叱[しか]る,しかる,"Godan verb, Transitive verb","to scold 
to chide 
to rebuke 
to reprimand","to scold, to chide, to rebuke, to reprimand",あなたは先生にしかられましたか。,Were you scolded by your teacher?,,
1783507797694,無理[むり] やり,無理[むり]やり,むりやり,"Noun, Adverb","forcibly 
by force 
against one's will","forcibly, by force, against one's will",彼は無理やり残業させられた。,He was forced to work overtime.,,
1784108215740,望[のぞ] む,望[のぞ]む,のぞむ,"Godan verb, Transitive verb","to desire 
to want 
to wish for 
to hope for 
to expect (of someone) 
to hope for 
to look forward to 
to see 
to command (a view of) 
to overlook","to desire, to want, to wish for, to hope for; to expect (of someone); to command (a view of), to overlook",全国民が平和を望んでいる。,The whole nation wants peace.,,
1784108266569,異動[いどう],異動[いどう],いどう,"Noun, Suru verb, Intransitive verb","(personnel) change 
transfer 
relocation 
reassignment 
reshuffle","personnel change, transfer, reassignment, reshuffle",来月、大阪の支店に異動します。,I'm being transferred to the Osaka branch next month.,,
1784109119298,弱音[よわね] を 吐[は] く,弱音[よわね]を 吐[は]く,よわねをはく,"Godan verb, Intransitive verb, Expression","to whine 
to make feeble complaints","to whine, to make feeble complaints",５年に及ぶ、つらかったガンの治療期間中、彼は何とか弱音をはかず毅然とした態度を崩さなかった。,"Throughout the five years of painful cancer treatments, he managed to keep a stiff upper lip without complaining.",,
1784202879194,真[ま] っ 暗[くら],真[ま]っ 暗[くら],まっくら,"Noun, Na-adjective","pitch-dark 
pitch-black 
completely dark 
very bleak (future) 
utterly hopeless","pitch-dark, pitch-black, completely dark; very bleak, utterly hopeless (future)",外は真っ暗だった。,It was pitch black outside.,,
1784202989019,発見[はっけん],発見[はっけん],はっけん,"Noun, Suru verb, Transitive verb","discovery 
detection 
finding","discovery, detection, finding",これは驚くべき発見だ。,This is a surprising discovery.,,
1784204054734,先[さき] に,先[さき]に,さきに,Adverb,"previously 
before 
earlier 
formerly 
recently 
first 
before (something or someone else) 
ahead (of) 
earlier 
beforehand 
in advance 
ahead of time","first, ahead, before (someone else); beforehand, in advance; previously, earlier, formerly",私が先にそこへ着くよ。,I'll get there before you.,,
1784205451297,口[くち] コミ,口[くち]コミ,くちこみ,Noun,"word of mouth 
comments written online (about a product, service, etc.) 
online reviews","word of mouth; online reviews, user comments online",このレストランは口コミで有名になった。,This restaurant became famous through word of mouth.,,"Locked reading くちこみ is in hiragana, but the surface keeps コミ in katakana (JMdict: くちコミ)."
1785614313080,予定通[よていどお] り,予定通[よていどお]り,よていどおり,"Noun, Adverb","as planned 
according to plan","as planned, according to plan, on schedule",アップルの新型ノートは予定通りに発表されるだろうか。,Will Apple's new model notebook be announced on schedule?,,
1786110046478,預[あず] かる,預[あず]かる,あずかる,"Godan verb, Transitive verb","to look after (object not person) 
to take care of 
to keep 
to hold on to 
to keep in custody 
to be put in charge of 
to be given responsibility for 
to be entrusted with 
to withhold (an announcement) 
to reserve (judgment) 
to leave undecided 
to take upon oneself (to do) 
to settle (a matter) o","to look after, to take care of, to keep, to hold on to; to be entrusted with, to be put in charge of; to reserve (judgment)",４時まで荷物を預かっていただけませんか。,Could you keep my bags here until four?,,
1788518664451,急用[きゅうよう],急用[きゅうよう],きゅうよう,Noun,urgent business,urgent business,あなたに急用がある。,I have urgent business with you.,,
1788518786822,調子[ちょうし],調子[ちょうし],ちょうし,Noun,"tune 
tone 
key 
pitch 
time 
rhythm 
vein 
mood 
way 
manner 
style 
knack 
condition 
state of health","condition, state of health; tune, tone, pitch; mood, manner, style; knack",あなたの新しい車は調子よく動いていますか。,Is your new car running well?,,
1788518934834,印刷[いんさつ],印刷[いんさつ],いんさつ,"Noun, Suru verb, Transitive verb",printing,printing,そのニュースは急いで印刷された。,The news was rushed into print.,,
1789570683270,進[すす] む,進[すす]む,すすむ,"Godan verb, Intransitive verb","to advance 
to go forward 
to precede 
to go ahead (of) 
to make progress 
to improve 
to deepen 
to heighten 
to be fast (of a clock) 
to be ahead 
to do of one's own free will","to advance, to go forward; to make progress, to improve; to be fast (of a clock)",あの時計は１分進んでいます。,That clock is one minute fast.,,
1789638572780,回収[かいしゅう],回収[かいしゅう],かいしゅう,"Noun, Suru verb, Transitive verb","collection 
recovery 
withdrawal 
retrieval","collection, recovery, withdrawal, retrieval",いよいよ賭け金を回収するときがきました。,It's finally time to collect our winnings.,,
1789650931723,展覧会[てんらんかい],展覧会[てんらんかい],てんらんかい,Noun,exhibition,exhibition,私たちは毎年展覧会を開く。,We hold an exhibition every year.,,
1789651170156,招[まね] く,招[まね]く,まねく,"Godan verb, Transitive verb","to invite 
to ask 
to beckon 
to wave someone in 
to gesture to 
to call in 
to send for 
to summon 
to bring on oneself 
to cause 
to incur 
to lead to 
to result in","to invite, to ask; to beckon, to wave someone in; to summon, to send for; to bring on oneself, to cause, to lead to",私たちはジェーンとエレンを招くつもりだ。,We are going to invite Jane and Ellen.,,
1789651387881,引[ひ] き 止[と] める,引[ひ]き 止[と]める,ひきとめる,"Ichidan verb, Transitive verb","to detain 
to check 
to restrain 
to stop","to detain, to hold back; to restrain, to stop",引き止めても無駄だ。,It's no use trying to hold me back.,,
1789999101875,近[ちか] いうちに,近[ちか]いうちに,ちかいうちに,"Adverb, Expression","soon 
shortly 
before long","soon, shortly, before long",また近いうちにお会いしましょう。,Let's meet again soon.,,Existing sentence had a grammar error (お会いましょう); corrected to お会いしましょう.
1790340934031,満員[まんいん],満員[まんいん],まんいん,"Noun, No-adjective","full house 
no vacancy 
sold out 
standing room only 
full (of people) 
crowded","full (of people), crowded; full house, sold out, no vacancy",バスは満員だった。,The bus was filled to capacity.,,
1790496989448,蚤,蚤[のみ],のみ,Noun,Flea,flea,犬に蚤がついてしまった。,My dog has got fleas.,,
